pais,anio,sector_cod,sector,tecnologia_cod,tecnologia,pct,flag
AT,2021,C,Manufacturing,E_AI_TANY,Cualquier IA,9.61,
BE,2021,C,Manufacturing,E_AI_TANY,Cualquier IA,10.42,
BG,2021,C,Manufacturing,E_AI_TANY,Cualquier IA,2.88,
CY,2021,C,Manufacturing,E_AI_TANY,Cualquier IA,2.05,
CZ,2021,C,Manufacturing,E_AI_TANY,Cualquier IA,4.19,
DE,2021,C,Manufacturing,E_AI_TANY,Cualquier IA,9.19,
DK,2021,C,Manufacturing,E_AI_TANY,Cualquier IA,27.28,
EE,2021,C,Manufacturing,E_AI_TANY,Cualquier IA,2.72,
EL,2021,C,Manufacturing,E_AI_TANY,Cualquier IA,5.35,
ES,2021,C,Manufacturing,E_AI_TANY,Cualquier IA,7.42,
EU27_2020,2021,C,Manufacturing,E_AI_TANY,Cualquier IA,6.93,
FI,2021,C,Manufacturing,E_AI_TANY,Cualquier IA,16.25,
FR,2021,C,Manufacturing,E_AI_TANY,Cualquier IA,5.33,
HR,2021,C,Manufacturing,E_AI_TANY,Cualquier IA,8.29,
HU,2021,C,Manufacturing,E_AI_TANY,Cualquier IA,4.0,
IE,2021,C,Manufacturing,E_AI_TANY,Cualquier IA,8.83,
IT,2021,C,Manufacturing,E_AI_TANY,Cualquier IA,6.63,
LT,2021,C,Manufacturing,E_AI_TANY,Cualquier IA,5.06,
LU,2021,C,Manufacturing,E_AI_TANY,Cualquier IA,13.48,
LV,2021,C,Manufacturing,E_AI_TANY,Cualquier IA,2.61,
MT,2021,C,Manufacturing,E_AI_TANY,Cualquier IA,6.23,
NL,2021,C,Manufacturing,E_AI_TANY,Cualquier IA,12.42,
PL,2021,C,Manufacturing,E_AI_TANY,Cualquier IA,2.33,
PT,2021,C,Manufacturing,E_AI_TANY,Cualquier IA,8.58,
RO,2021,C,Manufacturing,E_AI_TANY,Cualquier IA,1.28,
SE,2021,C,Manufacturing,E_AI_TANY,Cualquier IA,8.87,
SI,2021,C,Manufacturing,E_AI_TANY,Cualquier IA,12.57,
SK,2021,C,Manufacturing,E_AI_TANY,Cualquier IA,5.4,
AT,2021,C,Manufacturing,E_AI_TAR,Robots autonomos,1.66,
BE,2021,C,Manufacturing,E_AI_TAR,Robots autonomos,2.07,
BG,2021,C,Manufacturing,E_AI_TAR,Robots autonomos,,u
CY,2021,C,Manufacturing,E_AI_TAR,Robots autonomos,0.37,
CZ,2021,C,Manufacturing,E_AI_TAR,Robots autonomos,0.59,
DE,2021,C,Manufacturing,E_AI_TAR,Robots autonomos,1.62,
DK,2021,C,Manufacturing,E_AI_TAR,Robots autonomos,6.23,
EE,2021,C,Manufacturing,E_AI_TAR,Robots autonomos,0.54,
EL,2021,C,Manufacturing,E_AI_TAR,Robots autonomos,0.23,
ES,2021,C,Manufacturing,E_AI_TAR,Robots autonomos,1.85,
EU27_2020,2021,C,Manufacturing,E_AI_TAR,Robots autonomos,1.5,
FI,2021,C,Manufacturing,E_AI_TAR,Robots autonomos,4.31,
FR,2021,C,Manufacturing,E_AI_TAR,Robots autonomos,2.15,
HR,2021,C,Manufacturing,E_AI_TAR,Robots autonomos,0.96,
HU,2021,C,Manufacturing,E_AI_TAR,Robots autonomos,1.12,
IE,2021,C,Manufacturing,E_AI_TAR,Robots autonomos,1.55,
IT,2021,C,Manufacturing,E_AI_TAR,Robots autonomos,0.96,
LT,2021,C,Manufacturing,E_AI_TAR,Robots autonomos,1.28,
LU,2021,C,Manufacturing,E_AI_TAR,Robots autonomos,2.52,
LV,2021,C,Manufacturing,E_AI_TAR,Robots autonomos,0.97,
MT,2021,C,Manufacturing,E_AI_TAR,Robots autonomos,1.39,
NL,2021,C,Manufacturing,E_AI_TAR,Robots autonomos,4.62,
PL,2021,C,Manufacturing,E_AI_TAR,Robots autonomos,0.75,
PT,2021,C,Manufacturing,E_AI_TAR,Robots autonomos,2.57,
RO,2021,C,Manufacturing,E_AI_TAR,Robots autonomos,0.22,
SE,2021,C,Manufacturing,E_AI_TAR,Robots autonomos,2.21,
SI,2021,C,Manufacturing,E_AI_TAR,Robots autonomos,1.26,
SK,2021,C,Manufacturing,E_AI_TAR,Robots autonomos,0.51,
AT,2021,C,Manufacturing,E_AI_TIR,Vision por computador,3.43,
BE,2021,C,Manufacturing,E_AI_TIR,Vision por computador,3.65,
BG,2021,C,Manufacturing,E_AI_TIR,Vision por computador,,u
CY,2021,C,Manufacturing,E_AI_TIR,Vision por computador,0.73,
CZ,2021,C,Manufacturing,E_AI_TIR,Vision por computador,1.81,
DE,2021,C,Manufacturing,E_AI_TIR,Vision por computador,3.17,
DK,2021,C,Manufacturing,E_AI_TIR,Vision por computador,3.17,
EE,2021,C,Manufacturing,E_AI_TIR,Vision por computador,1.14,
EL,2021,C,Manufacturing,E_AI_TIR,Vision por computador,0.13,
ES,2021,C,Manufacturing,E_AI_TIR,Vision por computador,3.34,
EU27_2020,2021,C,Manufacturing,E_AI_TIR,Vision por computador,2.16,
FI,2021,C,Manufacturing,E_AI_TIR,Vision por computador,4.08,
FR,2021,C,Manufacturing,E_AI_TIR,Vision por computador,1.2,
HR,2021,C,Manufacturing,E_AI_TIR,Vision por computador,1.17,
HU,2021,C,Manufacturing,E_AI_TIR,Vision por computador,1.67,
IE,2021,C,Manufacturing,E_AI_TIR,Vision por computador,2.89,
IT,2021,C,Manufacturing,E_AI_TIR,Vision por computador,1.65,
LT,2021,C,Manufacturing,E_AI_TIR,Vision por computador,1.69,
LU,2021,C,Manufacturing,E_AI_TIR,Vision por computador,3.09,
LV,2021,C,Manufacturing,E_AI_TIR,Vision por computador,0.52,
MT,2021,C,Manufacturing,E_AI_TIR,Vision por computador,3.23,
NL,2021,C,Manufacturing,E_AI_TIR,Vision por computador,3.11,
PL,2021,C,Manufacturing,E_AI_TIR,Vision por computador,0.71,
PT,2021,C,Manufacturing,E_AI_TIR,Vision por computador,3.62,
RO,2021,C,Manufacturing,E_AI_TIR,Vision por computador,0.41,
SE,2021,C,Manufacturing,E_AI_TIR,Vision por computador,1.89,
SI,2021,C,Manufacturing,E_AI_TIR,Vision por computador,7.81,
SK,2021,C,Manufacturing,E_AI_TIR,Vision por computador,2.12,
AT,2021,C,Manufacturing,E_AI_TML,Machine learning,4.07,
BE,2021,C,Manufacturing,E_AI_TML,Machine learning,4.3,
BG,2021,C,Manufacturing,E_AI_TML,Machine learning,,u
CY,2021,C,Manufacturing,E_AI_TML,Machine learning,0.67,
CZ,2021,C,Manufacturing,E_AI_TML,Machine learning,0.78,
DE,2021,C,Manufacturing,E_AI_TML,Machine learning,2.16,
DK,2021,C,Manufacturing,E_AI_TML,Machine learning,7.0,
EE,2021,C,Manufacturing,E_AI_TML,Machine learning,0.69,
EL,2021,C,Manufacturing,E_AI_TML,Machine learning,4.19,
ES,2021,C,Manufacturing,E_AI_TML,Machine learning,1.6,
EU27_2020,2021,C,Manufacturing,E_AI_TML,Machine learning,1.67,
FI,2021,C,Manufacturing,E_AI_TML,Machine learning,5.32,
FR,2021,C,Manufacturing,E_AI_TML,Machine learning,1.58,
HR,2021,C,Manufacturing,E_AI_TML,Machine learning,0.94,
HU,2021,C,Manufacturing,E_AI_TML,Machine learning,0.55,
IE,2021,C,Manufacturing,E_AI_TML,Machine learning,2.85,
IT,2021,C,Manufacturing,E_AI_TML,Machine learning,1.17,
LT,2021,C,Manufacturing,E_AI_TML,Machine learning,0.66,
LU,2021,C,Manufacturing,E_AI_TML,Machine learning,2.71,
LV,2021,C,Manufacturing,E_AI_TML,Machine learning,0.4,
MT,2021,C,Manufacturing,E_AI_TML,Machine learning,0.97,
NL,2021,C,Manufacturing,E_AI_TML,Machine learning,3.91,
PL,2021,C,Manufacturing,E_AI_TML,Machine learning,0.32,
PT,2021,C,Manufacturing,E_AI_TML,Machine learning,1.5,
RO,2021,C,Manufacturing,E_AI_TML,Machine learning,0.41,
SE,2021,C,Manufacturing,E_AI_TML,Machine learning,2.94,
SI,2021,C,Manufacturing,E_AI_TML,Machine learning,2.13,
SK,2021,C,Manufacturing,E_AI_TML,Machine learning,0.73,
AT,2021,C,Manufacturing,E_AI_TNLG,Generacion de lenguaje,0.36,
BE,2021,C,Manufacturing,E_AI_TNLG,Generacion de lenguaje,0.56,
BG,2021,C,Manufacturing,E_AI_TNLG,Generacion de lenguaje,,u
CY,2021,C,Manufacturing,E_AI_TNLG,Generacion de lenguaje,0.53,
CZ,2021,C,Manufacturing,E_AI_TNLG,Generacion de lenguaje,0.33,
DE,2021,C,Manufacturing,E_AI_TNLG,Generacion de lenguaje,1.12,
DK,2021,C,Manufacturing,E_AI_TNLG,Generacion de lenguaje,3.63,
EE,2021,C,Manufacturing,E_AI_TNLG,Generacion de lenguaje,0.27,
EL,2021,C,Manufacturing,E_AI_TNLG,Generacion de lenguaje,0.17,
ES,2021,C,Manufacturing,E_AI_TNLG,Generacion de lenguaje,0.79,
EU27_2020,2021,C,Manufacturing,E_AI_TNLG,Generacion de lenguaje,0.85,
FI,2021,C,Manufacturing,E_AI_TNLG,Generacion de lenguaje,1.45,
FR,2021,C,Manufacturing,E_AI_TNLG,Generacion de lenguaje,0.5,
HR,2021,C,Manufacturing,E_AI_TNLG,Generacion de lenguaje,0.93,
HU,2021,C,Manufacturing,E_AI_TNLG,Generacion de lenguaje,0.69,
IE,2021,C,Manufacturing,E_AI_TNLG,Generacion de lenguaje,1.04,
IT,2021,C,Manufacturing,E_AI_TNLG,Generacion de lenguaje,1.37,
LT,2021,C,Manufacturing,E_AI_TNLG,Generacion de lenguaje,0.77,
LU,2021,C,Manufacturing,E_AI_TNLG,Generacion de lenguaje,1.37,
LV,2021,C,Manufacturing,E_AI_TNLG,Generacion de lenguaje,0.0,
MT,2021,C,Manufacturing,E_AI_TNLG,Generacion de lenguaje,0.71,
NL,2021,C,Manufacturing,E_AI_TNLG,Generacion de lenguaje,1.0,
PL,2021,C,Manufacturing,E_AI_TNLG,Generacion de lenguaje,0.11,
PT,2021,C,Manufacturing,E_AI_TNLG,Generacion de lenguaje,0.47,
RO,2021,C,Manufacturing,E_AI_TNLG,Generacion de lenguaje,0.34,
SE,2021,C,Manufacturing,E_AI_TNLG,Generacion de lenguaje,0.88,
SI,2021,C,Manufacturing,E_AI_TNLG,Generacion de lenguaje,2.85,
SK,2021,C,Manufacturing,E_AI_TNLG,Generacion de lenguaje,0.61,
AT,2021,C,Manufacturing,E_AI_TPA,Automatizacion de procesos,3.04,
BE,2021,C,Manufacturing,E_AI_TPA,Automatizacion de procesos,3.79,
BG,2021,C,Manufacturing,E_AI_TPA,Automatizacion de procesos,,u
CY,2021,C,Manufacturing,E_AI_TPA,Automatizacion de procesos,1.05,
CZ,2021,C,Manufacturing,E_AI_TPA,Automatizacion de procesos,1.8,
DE,2021,C,Manufacturing,E_AI_TPA,Automatizacion de procesos,3.23,
DK,2021,C,Manufacturing,E_AI_TPA,Automatizacion de procesos,19.97,
EE,2021,C,Manufacturing,E_AI_TPA,Automatizacion de procesos,0.93,
EL,2021,C,Manufacturing,E_AI_TPA,Automatizacion de procesos,1.01,
ES,2021,C,Manufacturing,E_AI_TPA,Automatizacion de procesos,3.02,
EU27_2020,2021,C,Manufacturing,E_AI_TPA,Automatizacion de procesos,2.86,
FI,2021,C,Manufacturing,E_AI_TPA,Automatizacion de procesos,9.57,
FR,2021,C,Manufacturing,E_AI_TPA,Automatizacion de procesos,2.1,
HR,2021,C,Manufacturing,E_AI_TPA,Automatizacion de procesos,4.88,
HU,2021,C,Manufacturing,E_AI_TPA,Automatizacion de procesos,1.75,
IE,2021,C,Manufacturing,E_AI_TPA,Automatizacion de procesos,5.18,
IT,2021,C,Manufacturing,E_AI_TPA,Automatizacion de procesos,2.59,
LT,2021,C,Manufacturing,E_AI_TPA,Automatizacion de procesos,2.16,
LU,2021,C,Manufacturing,E_AI_TPA,Automatizacion de procesos,4.96,
LV,2021,C,Manufacturing,E_AI_TPA,Automatizacion de procesos,0.83,
MT,2021,C,Manufacturing,E_AI_TPA,Automatizacion de procesos,2.94,
NL,2021,C,Manufacturing,E_AI_TPA,Automatizacion de procesos,7.54,
PL,2021,C,Manufacturing,E_AI_TPA,Automatizacion de procesos,1.26,
PT,2021,C,Manufacturing,E_AI_TPA,Automatizacion de procesos,2.75,
RO,2021,C,Manufacturing,E_AI_TPA,Automatizacion de procesos,0.54,
SE,2021,C,Manufacturing,E_AI_TPA,Automatizacion de procesos,4.27,
SI,2021,C,Manufacturing,E_AI_TPA,Automatizacion de procesos,2.94,
SK,2021,C,Manufacturing,E_AI_TPA,Automatizacion de procesos,2.02,
AT,2021,C,Manufacturing,E_AI_TPVSG,Generacion de imagen/audio,,
BE,2021,C,Manufacturing,E_AI_TPVSG,Generacion de imagen/audio,,
BG,2021,C,Manufacturing,E_AI_TPVSG,Generacion de imagen/audio,,
CY,2021,C,Manufacturing,E_AI_TPVSG,Generacion de imagen/audio,,
CZ,2021,C,Manufacturing,E_AI_TPVSG,Generacion de imagen/audio,,
DE,2021,C,Manufacturing,E_AI_TPVSG,Generacion de imagen/audio,,
DK,2021,C,Manufacturing,E_AI_TPVSG,Generacion de imagen/audio,,
EE,2021,C,Manufacturing,E_AI_TPVSG,Generacion de imagen/audio,,
EL,2021,C,Manufacturing,E_AI_TPVSG,Generacion de imagen/audio,,
ES,2021,C,Manufacturing,E_AI_TPVSG,Generacion de imagen/audio,,
EU27_2020,2021,C,Manufacturing,E_AI_TPVSG,Generacion de imagen/audio,,
FI,2021,C,Manufacturing,E_AI_TPVSG,Generacion de imagen/audio,,
FR,2021,C,Manufacturing,E_AI_TPVSG,Generacion de imagen/audio,,
HR,2021,C,Manufacturing,E_AI_TPVSG,Generacion de imagen/audio,,
HU,2021,C,Manufacturing,E_AI_TPVSG,Generacion de imagen/audio,,
IE,2021,C,Manufacturing,E_AI_TPVSG,Generacion de imagen/audio,,
IT,2021,C,Manufacturing,E_AI_TPVSG,Generacion de imagen/audio,,
LT,2021,C,Manufacturing,E_AI_TPVSG,Generacion de imagen/audio,,
LU,2021,C,Manufacturing,E_AI_TPVSG,Generacion de imagen/audio,,
LV,2021,C,Manufacturing,E_AI_TPVSG,Generacion de imagen/audio,,
MT,2021,C,Manufacturing,E_AI_TPVSG,Generacion de imagen/audio,,
NL,2021,C,Manufacturing,E_AI_TPVSG,Generacion de imagen/audio,,
PL,2021,C,Manufacturing,E_AI_TPVSG,Generacion de imagen/audio,,
PT,2021,C,Manufacturing,E_AI_TPVSG,Generacion de imagen/audio,,
RO,2021,C,Manufacturing,E_AI_TPVSG,Generacion de imagen/audio,,
SE,2021,C,Manufacturing,E_AI_TPVSG,Generacion de imagen/audio,,
SI,2021,C,Manufacturing,E_AI_TPVSG,Generacion de imagen/audio,,
SK,2021,C,Manufacturing,E_AI_TPVSG,Generacion de imagen/audio,,
AT,2021,C,Manufacturing,E_AI_TSR,Reconocimiento de voz,0.84,
BE,2021,C,Manufacturing,E_AI_TSR,Reconocimiento de voz,1.55,
BG,2021,C,Manufacturing,E_AI_TSR,Reconocimiento de voz,,u
CY,2021,C,Manufacturing,E_AI_TSR,Reconocimiento de voz,0.53,
CZ,2021,C,Manufacturing,E_AI_TSR,Reconocimiento de voz,0.58,
DE,2021,C,Manufacturing,E_AI_TSR,Reconocimiento de voz,2.61,
DK,2021,C,Manufacturing,E_AI_TSR,Reconocimiento de voz,2.15,
EE,2021,C,Manufacturing,E_AI_TSR,Reconocimiento de voz,0.22,
EL,2021,C,Manufacturing,E_AI_TSR,Reconocimiento de voz,0.1,
ES,2021,C,Manufacturing,E_AI_TSR,Reconocimiento de voz,1.76,
EU27_2020,2021,C,Manufacturing,E_AI_TSR,Reconocimiento de voz,1.46,
FI,2021,C,Manufacturing,E_AI_TSR,Reconocimiento de voz,1.21,
FR,2021,C,Manufacturing,E_AI_TSR,Reconocimiento de voz,0.72,
HR,2021,C,Manufacturing,E_AI_TSR,Reconocimiento de voz,0.54,
HU,2021,C,Manufacturing,E_AI_TSR,Reconocimiento de voz,1.3,
IE,2021,C,Manufacturing,E_AI_TSR,Reconocimiento de voz,1.72,
IT,2021,C,Manufacturing,E_AI_TSR,Reconocimiento de voz,2.05,
LT,2021,C,Manufacturing,E_AI_TSR,Reconocimiento de voz,0.51,
LU,2021,C,Manufacturing,E_AI_TSR,Reconocimiento de voz,2.81,
LV,2021,C,Manufacturing,E_AI_TSR,Reconocimiento de voz,0.06,
MT,2021,C,Manufacturing,E_AI_TSR,Reconocimiento de voz,0.0,
NL,2021,C,Manufacturing,E_AI_TSR,Reconocimiento de voz,1.31,
PL,2021,C,Manufacturing,E_AI_TSR,Reconocimiento de voz,0.26,
PT,2021,C,Manufacturing,E_AI_TSR,Reconocimiento de voz,0.41,
RO,2021,C,Manufacturing,E_AI_TSR,Reconocimiento de voz,0.33,
SE,2021,C,Manufacturing,E_AI_TSR,Reconocimiento de voz,1.67,
SI,2021,C,Manufacturing,E_AI_TSR,Reconocimiento de voz,0.99,
SK,2021,C,Manufacturing,E_AI_TSR,Reconocimiento de voz,0.99,
AT,2021,C,Manufacturing,E_AI_TTM,Mineria de texto,4.02,
BE,2021,C,Manufacturing,E_AI_TTM,Mineria de texto,3.83,
BG,2021,C,Manufacturing,E_AI_TTM,Mineria de texto,,u
CY,2021,C,Manufacturing,E_AI_TTM,Mineria de texto,0.0,
CZ,2021,C,Manufacturing,E_AI_TTM,Mineria de texto,1.55,
DE,2021,C,Manufacturing,E_AI_TTM,Mineria de texto,2.35,
DK,2021,C,Manufacturing,E_AI_TTM,Mineria de texto,7.87,
EE,2021,C,Manufacturing,E_AI_TTM,Mineria de texto,0.62,
EL,2021,C,Manufacturing,E_AI_TTM,Mineria de texto,0.31,
ES,2021,C,Manufacturing,E_AI_TTM,Mineria de texto,0.95,
EU27_2020,2021,C,Manufacturing,E_AI_TTM,Mineria de texto,1.62,
FI,2021,C,Manufacturing,E_AI_TTM,Mineria de texto,3.46,
FR,2021,C,Manufacturing,E_AI_TTM,Mineria de texto,0.75,
HR,2021,C,Manufacturing,E_AI_TTM,Mineria de texto,1.48,
HU,2021,C,Manufacturing,E_AI_TTM,Mineria de texto,0.83,
IE,2021,C,Manufacturing,E_AI_TTM,Mineria de texto,2.09,
IT,2021,C,Manufacturing,E_AI_TTM,Mineria de texto,1.97,
LT,2021,C,Manufacturing,E_AI_TTM,Mineria de texto,1.61,
LU,2021,C,Manufacturing,E_AI_TTM,Mineria de texto,4.74,
LV,2021,C,Manufacturing,E_AI_TTM,Mineria de texto,1.01,
MT,2021,C,Manufacturing,E_AI_TTM,Mineria de texto,0.4,
NL,2021,C,Manufacturing,E_AI_TTM,Mineria de texto,2.09,
PL,2021,C,Manufacturing,E_AI_TTM,Mineria de texto,0.3,
PT,2021,C,Manufacturing,E_AI_TTM,Mineria de texto,1.41,
RO,2021,C,Manufacturing,E_AI_TTM,Mineria de texto,0.46,
SE,2021,C,Manufacturing,E_AI_TTM,Mineria de texto,1.61,
SI,2021,C,Manufacturing,E_AI_TTM,Mineria de texto,0.34,
SK,2021,C,Manufacturing,E_AI_TTM,Mineria de texto,1.7,
AT,2021,D_E,"Electricity, gas, steam and air conditioning supply; water supply; sewerage, waste management and remediation activities",E_AI_TANY,Cualquier IA,12.12,
BE,2021,D_E,"Electricity, gas, steam and air conditioning supply; water supply; sewerage, waste management and remediation activities",E_AI_TANY,Cualquier IA,14.09,
BG,2021,D_E,"Electricity, gas, steam and air conditioning supply; water supply; sewerage, waste management and remediation activities",E_AI_TANY,Cualquier IA,1.91,
CY,2021,D_E,"Electricity, gas, steam and air conditioning supply; water supply; sewerage, waste management and remediation activities",E_AI_TANY,Cualquier IA,0.0,
CZ,2021,D_E,"Electricity, gas, steam and air conditioning supply; water supply; sewerage, waste management and remediation activities",E_AI_TANY,Cualquier IA,4.11,
DE,2021,D_E,"Electricity, gas, steam and air conditioning supply; water supply; sewerage, waste management and remediation activities",E_AI_TANY,Cualquier IA,12.03,
DK,2021,D_E,"Electricity, gas, steam and air conditioning supply; water supply; sewerage, waste management and remediation activities",E_AI_TANY,Cualquier IA,,u
EE,2021,D_E,"Electricity, gas, steam and air conditioning supply; water supply; sewerage, waste management and remediation activities",E_AI_TANY,Cualquier IA,3.4,
EL,2021,D_E,"Electricity, gas, steam and air conditioning supply; water supply; sewerage, waste management and remediation activities",E_AI_TANY,Cualquier IA,9.75,
ES,2021,D_E,"Electricity, gas, steam and air conditioning supply; water supply; sewerage, waste management and remediation activities",E_AI_TANY,Cualquier IA,9.33,
EU27_2020,2021,D_E,"Electricity, gas, steam and air conditioning supply; water supply; sewerage, waste management and remediation activities",E_AI_TANY,Cualquier IA,8.86,
FI,2021,D_E,"Electricity, gas, steam and air conditioning supply; water supply; sewerage, waste management and remediation activities",E_AI_TANY,Cualquier IA,27.16,
FR,2021,D_E,"Electricity, gas, steam and air conditioning supply; water supply; sewerage, waste management and remediation activities",E_AI_TANY,Cualquier IA,9.54,
HR,2021,D_E,"Electricity, gas, steam and air conditioning supply; water supply; sewerage, waste management and remediation activities",E_AI_TANY,Cualquier IA,9.43,
HU,2021,D_E,"Electricity, gas, steam and air conditioning supply; water supply; sewerage, waste management and remediation activities",E_AI_TANY,Cualquier IA,4.99,
IE,2021,D_E,"Electricity, gas, steam and air conditioning supply; water supply; sewerage, waste management and remediation activities",E_AI_TANY,Cualquier IA,4.2,
IT,2021,D_E,"Electricity, gas, steam and air conditioning supply; water supply; sewerage, waste management and remediation activities",E_AI_TANY,Cualquier IA,8.51,
LT,2021,D_E,"Electricity, gas, steam and air conditioning supply; water supply; sewerage, waste management and remediation activities",E_AI_TANY,Cualquier IA,5.7,
LU,2021,D_E,"Electricity, gas, steam and air conditioning supply; water supply; sewerage, waste management and remediation activities",E_AI_TANY,Cualquier IA,5.41,
LV,2021,D_E,"Electricity, gas, steam and air conditioning supply; water supply; sewerage, waste management and remediation activities",E_AI_TANY,Cualquier IA,2.69,
MT,2021,D_E,"Electricity, gas, steam and air conditioning supply; water supply; sewerage, waste management and remediation activities",E_AI_TANY,Cualquier IA,24.3,
NL,2021,D_E,"Electricity, gas, steam and air conditioning supply; water supply; sewerage, waste management and remediation activities",E_AI_TANY,Cualquier IA,14.25,
PL,2021,D_E,"Electricity, gas, steam and air conditioning supply; water supply; sewerage, waste management and remediation activities",E_AI_TANY,Cualquier IA,1.7,
PT,2021,D_E,"Electricity, gas, steam and air conditioning supply; water supply; sewerage, waste management and remediation activities",E_AI_TANY,Cualquier IA,11.37,
RO,2021,D_E,"Electricity, gas, steam and air conditioning supply; water supply; sewerage, waste management and remediation activities",E_AI_TANY,Cualquier IA,0.82,
SE,2021,D_E,"Electricity, gas, steam and air conditioning supply; water supply; sewerage, waste management and remediation activities",E_AI_TANY,Cualquier IA,16.96,
SI,2021,D_E,"Electricity, gas, steam and air conditioning supply; water supply; sewerage, waste management and remediation activities",E_AI_TANY,Cualquier IA,10.66,
SK,2021,D_E,"Electricity, gas, steam and air conditioning supply; water supply; sewerage, waste management and remediation activities",E_AI_TANY,Cualquier IA,4.44,
AT,2021,D_E,"Electricity, gas, steam and air conditioning supply; water supply; sewerage, waste management and remediation activities",E_AI_TAR,Robots autonomos,0.3,
BE,2021,D_E,"Electricity, gas, steam and air conditioning supply; water supply; sewerage, waste management and remediation activities",E_AI_TAR,Robots autonomos,5.22,
BG,2021,D_E,"Electricity, gas, steam and air conditioning supply; water supply; sewerage, waste management and remediation activities",E_AI_TAR,Robots autonomos,,u
CY,2021,D_E,"Electricity, gas, steam and air conditioning supply; water supply; sewerage, waste management and remediation activities",E_AI_TAR,Robots autonomos,0.0,
CZ,2021,D_E,"Electricity, gas, steam and air conditioning supply; water supply; sewerage, waste management and remediation activities",E_AI_TAR,Robots autonomos,0.0,
DE,2021,D_E,"Electricity, gas, steam and air conditioning supply; water supply; sewerage, waste management and remediation activities",E_AI_TAR,Robots autonomos,0.77,
DK,2021,D_E,"Electricity, gas, steam and air conditioning supply; water supply; sewerage, waste management and remediation activities",E_AI_TAR,Robots autonomos,5.32,
EE,2021,D_E,"Electricity, gas, steam and air conditioning supply; water supply; sewerage, waste management and remediation activities",E_AI_TAR,Robots autonomos,0.0,
EL,2021,D_E,"Electricity, gas, steam and air conditioning supply; water supply; sewerage, waste management and remediation activities",E_AI_TAR,Robots autonomos,2.72,
ES,2021,D_E,"Electricity, gas, steam and air conditioning supply; water supply; sewerage, waste management and remediation activities",E_AI_TAR,Robots autonomos,2.57,
EU27_2020,2021,D_E,"Electricity, gas, steam and air conditioning supply; water supply; sewerage, waste management and remediation activities",E_AI_TAR,Robots autonomos,0.95,
FI,2021,D_E,"Electricity, gas, steam and air conditioning supply; water supply; sewerage, waste management and remediation activities",E_AI_TAR,Robots autonomos,1.81,
FR,2021,D_E,"Electricity, gas, steam and air conditioning supply; water supply; sewerage, waste management and remediation activities",E_AI_TAR,Robots autonomos,1.1,
HR,2021,D_E,"Electricity, gas, steam and air conditioning supply; water supply; sewerage, waste management and remediation activities",E_AI_TAR,Robots autonomos,0.0,
HU,2021,D_E,"Electricity, gas, steam and air conditioning supply; water supply; sewerage, waste management and remediation activities",E_AI_TAR,Robots autonomos,0.0,
IE,2021,D_E,"Electricity, gas, steam and air conditioning supply; water supply; sewerage, waste management and remediation activities",E_AI_TAR,Robots autonomos,0.0,
IT,2021,D_E,"Electricity, gas, steam and air conditioning supply; water supply; sewerage, waste management and remediation activities",E_AI_TAR,Robots autonomos,0.78,
LT,2021,D_E,"Electricity, gas, steam and air conditioning supply; water supply; sewerage, waste management and remediation activities",E_AI_TAR,Robots autonomos,2.28,
LU,2021,D_E,"Electricity, gas, steam and air conditioning supply; water supply; sewerage, waste management and remediation activities",E_AI_TAR,Robots autonomos,2.7,
LV,2021,D_E,"Electricity, gas, steam and air conditioning supply; water supply; sewerage, waste management and remediation activities",E_AI_TAR,Robots autonomos,0.7,
MT,2021,D_E,"Electricity, gas, steam and air conditioning supply; water supply; sewerage, waste management and remediation activities",E_AI_TAR,Robots autonomos,7.77,
NL,2021,D_E,"Electricity, gas, steam and air conditioning supply; water supply; sewerage, waste management and remediation activities",E_AI_TAR,Robots autonomos,2.35,
PL,2021,D_E,"Electricity, gas, steam and air conditioning supply; water supply; sewerage, waste management and remediation activities",E_AI_TAR,Robots autonomos,0.17,
PT,2021,D_E,"Electricity, gas, steam and air conditioning supply; water supply; sewerage, waste management and remediation activities",E_AI_TAR,Robots autonomos,0.71,
RO,2021,D_E,"Electricity, gas, steam and air conditioning supply; water supply; sewerage, waste management and remediation activities",E_AI_TAR,Robots autonomos,0.23,
SE,2021,D_E,"Electricity, gas, steam and air conditioning supply; water supply; sewerage, waste management and remediation activities",E_AI_TAR,Robots autonomos,0.84,
SI,2021,D_E,"Electricity, gas, steam and air conditioning supply; water supply; sewerage, waste management and remediation activities",E_AI_TAR,Robots autonomos,0.0,
SK,2021,D_E,"Electricity, gas, steam and air conditioning supply; water supply; sewerage, waste management and remediation activities",E_AI_TAR,Robots autonomos,0.0,
AT,2021,D_E,"Electricity, gas, steam and air conditioning supply; water supply; sewerage, waste management and remediation activities",E_AI_TIR,Vision por computador,4.14,
BE,2021,D_E,"Electricity, gas, steam and air conditioning supply; water supply; sewerage, waste management and remediation activities",E_AI_TIR,Vision por computador,5.41,
BG,2021,D_E,"Electricity, gas, steam and air conditioning supply; water supply; sewerage, waste management and remediation activities",E_AI_TIR,Vision por computador,,u
CY,2021,D_E,"Electricity, gas, steam and air conditioning supply; water supply; sewerage, waste management and remediation activities",E_AI_TIR,Vision por computador,0.0,
CZ,2021,D_E,"Electricity, gas, steam and air conditioning supply; water supply; sewerage, waste management and remediation activities",E_AI_TIR,Vision por computador,0.96,
DE,2021,D_E,"Electricity, gas, steam and air conditioning supply; water supply; sewerage, waste management and remediation activities",E_AI_TIR,Vision por computador,2.79,
DK,2021,D_E,"Electricity, gas, steam and air conditioning supply; water supply; sewerage, waste management and remediation activities",E_AI_TIR,Vision por computador,3.3,
EE,2021,D_E,"Electricity, gas, steam and air conditioning supply; water supply; sewerage, waste management and remediation activities",E_AI_TIR,Vision por computador,0.94,
EL,2021,D_E,"Electricity, gas, steam and air conditioning supply; water supply; sewerage, waste management and remediation activities",E_AI_TIR,Vision por computador,0.81,
ES,2021,D_E,"Electricity, gas, steam and air conditioning supply; water supply; sewerage, waste management and remediation activities",E_AI_TIR,Vision por computador,2.37,
EU27_2020,2021,D_E,"Electricity, gas, steam and air conditioning supply; water supply; sewerage, waste management and remediation activities",E_AI_TIR,Vision por computador,2.12,
FI,2021,D_E,"Electricity, gas, steam and air conditioning supply; water supply; sewerage, waste management and remediation activities",E_AI_TIR,Vision por computador,3.16,
FR,2021,D_E,"Electricity, gas, steam and air conditioning supply; water supply; sewerage, waste management and remediation activities",E_AI_TIR,Vision por computador,3.07,
HR,2021,D_E,"Electricity, gas, steam and air conditioning supply; water supply; sewerage, waste management and remediation activities",E_AI_TIR,Vision por computador,1.58,
HU,2021,D_E,"Electricity, gas, steam and air conditioning supply; water supply; sewerage, waste management and remediation activities",E_AI_TIR,Vision por computador,0.0,
IE,2021,D_E,"Electricity, gas, steam and air conditioning supply; water supply; sewerage, waste management and remediation activities",E_AI_TIR,Vision por computador,0.0,
IT,2021,D_E,"Electricity, gas, steam and air conditioning supply; water supply; sewerage, waste management and remediation activities",E_AI_TIR,Vision por computador,2.43,
LT,2021,D_E,"Electricity, gas, steam and air conditioning supply; water supply; sewerage, waste management and remediation activities",E_AI_TIR,Vision por computador,3.04,
LU,2021,D_E,"Electricity, gas, steam and air conditioning supply; water supply; sewerage, waste management and remediation activities",E_AI_TIR,Vision por computador,0.0,
LV,2021,D_E,"Electricity, gas, steam and air conditioning supply; water supply; sewerage, waste management and remediation activities",E_AI_TIR,Vision por computador,0.5,
MT,2021,D_E,"Electricity, gas, steam and air conditioning supply; water supply; sewerage, waste management and remediation activities",E_AI_TIR,Vision por computador,19.53,
NL,2021,D_E,"Electricity, gas, steam and air conditioning supply; water supply; sewerage, waste management and remediation activities",E_AI_TIR,Vision por computador,1.34,
PL,2021,D_E,"Electricity, gas, steam and air conditioning supply; water supply; sewerage, waste management and remediation activities",E_AI_TIR,Vision por computador,0.59,
PT,2021,D_E,"Electricity, gas, steam and air conditioning supply; water supply; sewerage, waste management and remediation activities",E_AI_TIR,Vision por computador,2.54,
RO,2021,D_E,"Electricity, gas, steam and air conditioning supply; water supply; sewerage, waste management and remediation activities",E_AI_TIR,Vision por computador,0.34,
SE,2021,D_E,"Electricity, gas, steam and air conditioning supply; water supply; sewerage, waste management and remediation activities",E_AI_TIR,Vision por computador,2.15,
SI,2021,D_E,"Electricity, gas, steam and air conditioning supply; water supply; sewerage, waste management and remediation activities",E_AI_TIR,Vision por computador,3.47,
SK,2021,D_E,"Electricity, gas, steam and air conditioning supply; water supply; sewerage, waste management and remediation activities",E_AI_TIR,Vision por computador,0.78,
AT,2021,D_E,"Electricity, gas, steam and air conditioning supply; water supply; sewerage, waste management and remediation activities",E_AI_TML,Machine learning,5.49,
BE,2021,D_E,"Electricity, gas, steam and air conditioning supply; water supply; sewerage, waste management and remediation activities",E_AI_TML,Machine learning,9.16,
BG,2021,D_E,"Electricity, gas, steam and air conditioning supply; water supply; sewerage, waste management and remediation activities",E_AI_TML,Machine learning,,u
CY,2021,D_E,"Electricity, gas, steam and air conditioning supply; water supply; sewerage, waste management and remediation activities",E_AI_TML,Machine learning,0.0,
CZ,2021,D_E,"Electricity, gas, steam and air conditioning supply; water supply; sewerage, waste management and remediation activities",E_AI_TML,Machine learning,1.21,
DE,2021,D_E,"Electricity, gas, steam and air conditioning supply; water supply; sewerage, waste management and remediation activities",E_AI_TML,Machine learning,2.55,
DK,2021,D_E,"Electricity, gas, steam and air conditioning supply; water supply; sewerage, waste management and remediation activities",E_AI_TML,Machine learning,,u
EE,2021,D_E,"Electricity, gas, steam and air conditioning supply; water supply; sewerage, waste management and remediation activities",E_AI_TML,Machine learning,2.46,
EL,2021,D_E,"Electricity, gas, steam and air conditioning supply; water supply; sewerage, waste management and remediation activities",E_AI_TML,Machine learning,2.26,
ES,2021,D_E,"Electricity, gas, steam and air conditioning supply; water supply; sewerage, waste management and remediation activities",E_AI_TML,Machine learning,4.54,
EU27_2020,2021,D_E,"Electricity, gas, steam and air conditioning supply; water supply; sewerage, waste management and remediation activities",E_AI_TML,Machine learning,3.18,
FI,2021,D_E,"Electricity, gas, steam and air conditioning supply; water supply; sewerage, waste management and remediation activities",E_AI_TML,Machine learning,10.48,
FR,2021,D_E,"Electricity, gas, steam and air conditioning supply; water supply; sewerage, waste management and remediation activities",E_AI_TML,Machine learning,3.85,
HR,2021,D_E,"Electricity, gas, steam and air conditioning supply; water supply; sewerage, waste management and remediation activities",E_AI_TML,Machine learning,1.9,
HU,2021,D_E,"Electricity, gas, steam and air conditioning supply; water supply; sewerage, waste management and remediation activities",E_AI_TML,Machine learning,1.62,
IE,2021,D_E,"Electricity, gas, steam and air conditioning supply; water supply; sewerage, waste management and remediation activities",E_AI_TML,Machine learning,2.59,
IT,2021,D_E,"Electricity, gas, steam and air conditioning supply; water supply; sewerage, waste management and remediation activities",E_AI_TML,Machine learning,3.0,
LT,2021,D_E,"Electricity, gas, steam and air conditioning supply; water supply; sewerage, waste management and remediation activities",E_AI_TML,Machine learning,1.52,
LU,2021,D_E,"Electricity, gas, steam and air conditioning supply; water supply; sewerage, waste management and remediation activities",E_AI_TML,Machine learning,0.0,
LV,2021,D_E,"Electricity, gas, steam and air conditioning supply; water supply; sewerage, waste management and remediation activities",E_AI_TML,Machine learning,1.49,
MT,2021,D_E,"Electricity, gas, steam and air conditioning supply; water supply; sewerage, waste management and remediation activities",E_AI_TML,Machine learning,19.53,
NL,2021,D_E,"Electricity, gas, steam and air conditioning supply; water supply; sewerage, waste management and remediation activities",E_AI_TML,Machine learning,11.04,
PL,2021,D_E,"Electricity, gas, steam and air conditioning supply; water supply; sewerage, waste management and remediation activities",E_AI_TML,Machine learning,0.42,
PT,2021,D_E,"Electricity, gas, steam and air conditioning supply; water supply; sewerage, waste management and remediation activities",E_AI_TML,Machine learning,7.06,
RO,2021,D_E,"Electricity, gas, steam and air conditioning supply; water supply; sewerage, waste management and remediation activities",E_AI_TML,Machine learning,0.23,
SE,2021,D_E,"Electricity, gas, steam and air conditioning supply; water supply; sewerage, waste management and remediation activities",E_AI_TML,Machine learning,8.69,
SI,2021,D_E,"Electricity, gas, steam and air conditioning supply; water supply; sewerage, waste management and remediation activities",E_AI_TML,Machine learning,7.49,
SK,2021,D_E,"Electricity, gas, steam and air conditioning supply; water supply; sewerage, waste management and remediation activities",E_AI_TML,Machine learning,1.87,
AT,2021,D_E,"Electricity, gas, steam and air conditioning supply; water supply; sewerage, waste management and remediation activities",E_AI_TNLG,Generacion de lenguaje,0.9,
BE,2021,D_E,"Electricity, gas, steam and air conditioning supply; water supply; sewerage, waste management and remediation activities",E_AI_TNLG,Generacion de lenguaje,5.16,
BG,2021,D_E,"Electricity, gas, steam and air conditioning supply; water supply; sewerage, waste management and remediation activities",E_AI_TNLG,Generacion de lenguaje,0.0,
CY,2021,D_E,"Electricity, gas, steam and air conditioning supply; water supply; sewerage, waste management and remediation activities",E_AI_TNLG,Generacion de lenguaje,0.0,
CZ,2021,D_E,"Electricity, gas, steam and air conditioning supply; water supply; sewerage, waste management and remediation activities",E_AI_TNLG,Generacion de lenguaje,0.0,
DE,2021,D_E,"Electricity, gas, steam and air conditioning supply; water supply; sewerage, waste management and remediation activities",E_AI_TNLG,Generacion de lenguaje,1.55,
DK,2021,D_E,"Electricity, gas, steam and air conditioning supply; water supply; sewerage, waste management and remediation activities",E_AI_TNLG,Generacion de lenguaje,0.91,
EE,2021,D_E,"Electricity, gas, steam and air conditioning supply; water supply; sewerage, waste management and remediation activities",E_AI_TNLG,Generacion de lenguaje,0.0,
EL,2021,D_E,"Electricity, gas, steam and air conditioning supply; water supply; sewerage, waste management and remediation activities",E_AI_TNLG,Generacion de lenguaje,0.0,
ES,2021,D_E,"Electricity, gas, steam and air conditioning supply; water supply; sewerage, waste management and remediation activities",E_AI_TNLG,Generacion de lenguaje,1.58,
EU27_2020,2021,D_E,"Electricity, gas, steam and air conditioning supply; water supply; sewerage, waste management and remediation activities",E_AI_TNLG,Generacion de lenguaje,1.27,
FI,2021,D_E,"Electricity, gas, steam and air conditioning supply; water supply; sewerage, waste management and remediation activities",E_AI_TNLG,Generacion de lenguaje,4.03,
FR,2021,D_E,"Electricity, gas, steam and air conditioning supply; water supply; sewerage, waste management and remediation activities",E_AI_TNLG,Generacion de lenguaje,1.0,
HR,2021,D_E,"Electricity, gas, steam and air conditioning supply; water supply; sewerage, waste management and remediation activities",E_AI_TNLG,Generacion de lenguaje,0.0,
HU,2021,D_E,"Electricity, gas, steam and air conditioning supply; water supply; sewerage, waste management and remediation activities",E_AI_TNLG,Generacion de lenguaje,0.27,
IE,2021,D_E,"Electricity, gas, steam and air conditioning supply; water supply; sewerage, waste management and remediation activities",E_AI_TNLG,Generacion de lenguaje,2.47,
IT,2021,D_E,"Electricity, gas, steam and air conditioning supply; water supply; sewerage, waste management and remediation activities",E_AI_TNLG,Generacion de lenguaje,1.78,
LT,2021,D_E,"Electricity, gas, steam and air conditioning supply; water supply; sewerage, waste management and remediation activities",E_AI_TNLG,Generacion de lenguaje,1.52,
LU,2021,D_E,"Electricity, gas, steam and air conditioning supply; water supply; sewerage, waste management and remediation activities",E_AI_TNLG,Generacion de lenguaje,0.0,
LV,2021,D_E,"Electricity, gas, steam and air conditioning supply; water supply; sewerage, waste management and remediation activities",E_AI_TNLG,Generacion de lenguaje,0.5,
MT,2021,D_E,"Electricity, gas, steam and air conditioning supply; water supply; sewerage, waste management and remediation activities",E_AI_TNLG,Generacion de lenguaje,7.77,
NL,2021,D_E,"Electricity, gas, steam and air conditioning supply; water supply; sewerage, waste management and remediation activities",E_AI_TNLG,Generacion de lenguaje,1.68,
PL,2021,D_E,"Electricity, gas, steam and air conditioning supply; water supply; sewerage, waste management and remediation activities",E_AI_TNLG,Generacion de lenguaje,0.21,
PT,2021,D_E,"Electricity, gas, steam and air conditioning supply; water supply; sewerage, waste management and remediation activities",E_AI_TNLG,Generacion de lenguaje,1.18,
RO,2021,D_E,"Electricity, gas, steam and air conditioning supply; water supply; sewerage, waste management and remediation activities",E_AI_TNLG,Generacion de lenguaje,0.11,
SE,2021,D_E,"Electricity, gas, steam and air conditioning supply; water supply; sewerage, waste management and remediation activities",E_AI_TNLG,Generacion de lenguaje,4.11,
SI,2021,D_E,"Electricity, gas, steam and air conditioning supply; water supply; sewerage, waste management and remediation activities",E_AI_TNLG,Generacion de lenguaje,2.56,
SK,2021,D_E,"Electricity, gas, steam and air conditioning supply; water supply; sewerage, waste management and remediation activities",E_AI_TNLG,Generacion de lenguaje,0.34,
AT,2021,D_E,"Electricity, gas, steam and air conditioning supply; water supply; sewerage, waste management and remediation activities",E_AI_TPA,Automatizacion de procesos,7.34,
BE,2021,D_E,"Electricity, gas, steam and air conditioning supply; water supply; sewerage, waste management and remediation activities",E_AI_TPA,Automatizacion de procesos,4.56,
BG,2021,D_E,"Electricity, gas, steam and air conditioning supply; water supply; sewerage, waste management and remediation activities",E_AI_TPA,Automatizacion de procesos,,u
CY,2021,D_E,"Electricity, gas, steam and air conditioning supply; water supply; sewerage, waste management and remediation activities",E_AI_TPA,Automatizacion de procesos,0.0,
CZ,2021,D_E,"Electricity, gas, steam and air conditioning supply; water supply; sewerage, waste management and remediation activities",E_AI_TPA,Automatizacion de procesos,1.83,
DE,2021,D_E,"Electricity, gas, steam and air conditioning supply; water supply; sewerage, waste management and remediation activities",E_AI_TPA,Automatizacion de procesos,4.42,
DK,2021,D_E,"Electricity, gas, steam and air conditioning supply; water supply; sewerage, waste management and remediation activities",E_AI_TPA,Automatizacion de procesos,,u
EE,2021,D_E,"Electricity, gas, steam and air conditioning supply; water supply; sewerage, waste management and remediation activities",E_AI_TPA,Automatizacion de procesos,2.46,
EL,2021,D_E,"Electricity, gas, steam and air conditioning supply; water supply; sewerage, waste management and remediation activities",E_AI_TPA,Automatizacion de procesos,5.24,
ES,2021,D_E,"Electricity, gas, steam and air conditioning supply; water supply; sewerage, waste management and remediation activities",E_AI_TPA,Automatizacion de procesos,4.62,
EU27_2020,2021,D_E,"Electricity, gas, steam and air conditioning supply; water supply; sewerage, waste management and remediation activities",E_AI_TPA,Automatizacion de procesos,3.85,
FI,2021,D_E,"Electricity, gas, steam and air conditioning supply; water supply; sewerage, waste management and remediation activities",E_AI_TPA,Automatizacion de procesos,18.82,
FR,2021,D_E,"Electricity, gas, steam and air conditioning supply; water supply; sewerage, waste management and remediation activities",E_AI_TPA,Automatizacion de procesos,2.8,
HR,2021,D_E,"Electricity, gas, steam and air conditioning supply; water supply; sewerage, waste management and remediation activities",E_AI_TPA,Automatizacion de procesos,3.79,
HU,2021,D_E,"Electricity, gas, steam and air conditioning supply; water supply; sewerage, waste management and remediation activities",E_AI_TPA,Automatizacion de procesos,1.35,
IE,2021,D_E,"Electricity, gas, steam and air conditioning supply; water supply; sewerage, waste management and remediation activities",E_AI_TPA,Automatizacion de procesos,4.2,
IT,2021,D_E,"Electricity, gas, steam and air conditioning supply; water supply; sewerage, waste management and remediation activities",E_AI_TPA,Automatizacion de procesos,3.6,
LT,2021,D_E,"Electricity, gas, steam and air conditioning supply; water supply; sewerage, waste management and remediation activities",E_AI_TPA,Automatizacion de procesos,3.42,
LU,2021,D_E,"Electricity, gas, steam and air conditioning supply; water supply; sewerage, waste management and remediation activities",E_AI_TPA,Automatizacion de procesos,2.7,
LV,2021,D_E,"Electricity, gas, steam and air conditioning supply; water supply; sewerage, waste management and remediation activities",E_AI_TPA,Automatizacion de procesos,1.0,
MT,2021,D_E,"Electricity, gas, steam and air conditioning supply; water supply; sewerage, waste management and remediation activities",E_AI_TPA,Automatizacion de procesos,12.53,
NL,2021,D_E,"Electricity, gas, steam and air conditioning supply; water supply; sewerage, waste management and remediation activities",E_AI_TPA,Automatizacion de procesos,8.27,
PL,2021,D_E,"Electricity, gas, steam and air conditioning supply; water supply; sewerage, waste management and remediation activities",E_AI_TPA,Automatizacion de procesos,1.1,
PT,2021,D_E,"Electricity, gas, steam and air conditioning supply; water supply; sewerage, waste management and remediation activities",E_AI_TPA,Automatizacion de procesos,2.88,
RO,2021,D_E,"Electricity, gas, steam and air conditioning supply; water supply; sewerage, waste management and remediation activities",E_AI_TPA,Automatizacion de procesos,0.46,
SE,2021,D_E,"Electricity, gas, steam and air conditioning supply; water supply; sewerage, waste management and remediation activities",E_AI_TPA,Automatizacion de procesos,10.3,
SI,2021,D_E,"Electricity, gas, steam and air conditioning supply; water supply; sewerage, waste management and remediation activities",E_AI_TPA,Automatizacion de procesos,0.0,
SK,2021,D_E,"Electricity, gas, steam and air conditioning supply; water supply; sewerage, waste management and remediation activities",E_AI_TPA,Automatizacion de procesos,1.11,
AT,2021,D_E,"Electricity, gas, steam and air conditioning supply; water supply; sewerage, waste management and remediation activities",E_AI_TPVSG,Generacion de imagen/audio,,
BE,2021,D_E,"Electricity, gas, steam and air conditioning supply; water supply; sewerage, waste management and remediation activities",E_AI_TPVSG,Generacion de imagen/audio,,
BG,2021,D_E,"Electricity, gas, steam and air conditioning supply; water supply; sewerage, waste management and remediation activities",E_AI_TPVSG,Generacion de imagen/audio,,
CY,2021,D_E,"Electricity, gas, steam and air conditioning supply; water supply; sewerage, waste management and remediation activities",E_AI_TPVSG,Generacion de imagen/audio,,
CZ,2021,D_E,"Electricity, gas, steam and air conditioning supply; water supply; sewerage, waste management and remediation activities",E_AI_TPVSG,Generacion de imagen/audio,,
DE,2021,D_E,"Electricity, gas, steam and air conditioning supply; water supply; sewerage, waste management and remediation activities",E_AI_TPVSG,Generacion de imagen/audio,,
DK,2021,D_E,"Electricity, gas, steam and air conditioning supply; water supply; sewerage, waste management and remediation activities",E_AI_TPVSG,Generacion de imagen/audio,,
EE,2021,D_E,"Electricity, gas, steam and air conditioning supply; water supply; sewerage, waste management and remediation activities",E_AI_TPVSG,Generacion de imagen/audio,,
EL,2021,D_E,"Electricity, gas, steam and air conditioning supply; water supply; sewerage, waste management and remediation activities",E_AI_TPVSG,Generacion de imagen/audio,,
ES,2021,D_E,"Electricity, gas, steam and air conditioning supply; water supply; sewerage, waste management and remediation activities",E_AI_TPVSG,Generacion de imagen/audio,,
EU27_2020,2021,D_E,"Electricity, gas, steam and air conditioning supply; water supply; sewerage, waste management and remediation activities",E_AI_TPVSG,Generacion de imagen/audio,,
FI,2021,D_E,"Electricity, gas, steam and air conditioning supply; water supply; sewerage, waste management and remediation activities",E_AI_TPVSG,Generacion de imagen/audio,,
FR,2021,D_E,"Electricity, gas, steam and air conditioning supply; water supply; sewerage, waste management and remediation activities",E_AI_TPVSG,Generacion de imagen/audio,,
HR,2021,D_E,"Electricity, gas, steam and air conditioning supply; water supply; sewerage, waste management and remediation activities",E_AI_TPVSG,Generacion de imagen/audio,,
HU,2021,D_E,"Electricity, gas, steam and air conditioning supply; water supply; sewerage, waste management and remediation activities",E_AI_TPVSG,Generacion de imagen/audio,,
IE,2021,D_E,"Electricity, gas, steam and air conditioning supply; water supply; sewerage, waste management and remediation activities",E_AI_TPVSG,Generacion de imagen/audio,,
IT,2021,D_E,"Electricity, gas, steam and air conditioning supply; water supply; sewerage, waste management and remediation activities",E_AI_TPVSG,Generacion de imagen/audio,,
LT,2021,D_E,"Electricity, gas, steam and air conditioning supply; water supply; sewerage, waste management and remediation activities",E_AI_TPVSG,Generacion de imagen/audio,,
LU,2021,D_E,"Electricity, gas, steam and air conditioning supply; water supply; sewerage, waste management and remediation activities",E_AI_TPVSG,Generacion de imagen/audio,,
LV,2021,D_E,"Electricity, gas, steam and air conditioning supply; water supply; sewerage, waste management and remediation activities",E_AI_TPVSG,Generacion de imagen/audio,,
MT,2021,D_E,"Electricity, gas, steam and air conditioning supply; water supply; sewerage, waste management and remediation activities",E_AI_TPVSG,Generacion de imagen/audio,,
NL,2021,D_E,"Electricity, gas, steam and air conditioning supply; water supply; sewerage, waste management and remediation activities",E_AI_TPVSG,Generacion de imagen/audio,,
PL,2021,D_E,"Electricity, gas, steam and air conditioning supply; water supply; sewerage, waste management and remediation activities",E_AI_TPVSG,Generacion de imagen/audio,,
PT,2021,D_E,"Electricity, gas, steam and air conditioning supply; water supply; sewerage, waste management and remediation activities",E_AI_TPVSG,Generacion de imagen/audio,,
RO,2021,D_E,"Electricity, gas, steam and air conditioning supply; water supply; sewerage, waste management and remediation activities",E_AI_TPVSG,Generacion de imagen/audio,,
SE,2021,D_E,"Electricity, gas, steam and air conditioning supply; water supply; sewerage, waste management and remediation activities",E_AI_TPVSG,Generacion de imagen/audio,,
SI,2021,D_E,"Electricity, gas, steam and air conditioning supply; water supply; sewerage, waste management and remediation activities",E_AI_TPVSG,Generacion de imagen/audio,,
SK,2021,D_E,"Electricity, gas, steam and air conditioning supply; water supply; sewerage, waste management and remediation activities",E_AI_TPVSG,Generacion de imagen/audio,,
AT,2021,D_E,"Electricity, gas, steam and air conditioning supply; water supply; sewerage, waste management and remediation activities",E_AI_TSR,Reconocimiento de voz,2.86,
BE,2021,D_E,"Electricity, gas, steam and air conditioning supply; water supply; sewerage, waste management and remediation activities",E_AI_TSR,Reconocimiento de voz,3.2,
BG,2021,D_E,"Electricity, gas, steam and air conditioning supply; water supply; sewerage, waste management and remediation activities",E_AI_TSR,Reconocimiento de voz,,u
CY,2021,D_E,"Electricity, gas, steam and air conditioning supply; water supply; sewerage, waste management and remediation activities",E_AI_TSR,Reconocimiento de voz,0.0,
CZ,2021,D_E,"Electricity, gas, steam and air conditioning supply; water supply; sewerage, waste management and remediation activities",E_AI_TSR,Reconocimiento de voz,0.37,
DE,2021,D_E,"Electricity, gas, steam and air conditioning supply; water supply; sewerage, waste management and remediation activities",E_AI_TSR,Reconocimiento de voz,4.8,
DK,2021,D_E,"Electricity, gas, steam and air conditioning supply; water supply; sewerage, waste management and remediation activities",E_AI_TSR,Reconocimiento de voz,0.77,
EE,2021,D_E,"Electricity, gas, steam and air conditioning supply; water supply; sewerage, waste management and remediation activities",E_AI_TSR,Reconocimiento de voz,0.0,
EL,2021,D_E,"Electricity, gas, steam and air conditioning supply; water supply; sewerage, waste management and remediation activities",E_AI_TSR,Reconocimiento de voz,0.28,
ES,2021,D_E,"Electricity, gas, steam and air conditioning supply; water supply; sewerage, waste management and remediation activities",E_AI_TSR,Reconocimiento de voz,2.88,
EU27_2020,2021,D_E,"Electricity, gas, steam and air conditioning supply; water supply; sewerage, waste management and remediation activities",E_AI_TSR,Reconocimiento de voz,2.43,
FI,2021,D_E,"Electricity, gas, steam and air conditioning supply; water supply; sewerage, waste management and remediation activities",E_AI_TSR,Reconocimiento de voz,2.88,
FR,2021,D_E,"Electricity, gas, steam and air conditioning supply; water supply; sewerage, waste management and remediation activities",E_AI_TSR,Reconocimiento de voz,1.14,
HR,2021,D_E,"Electricity, gas, steam and air conditioning supply; water supply; sewerage, waste management and remediation activities",E_AI_TSR,Reconocimiento de voz,,@C
HU,2021,D_E,"Electricity, gas, steam and air conditioning supply; water supply; sewerage, waste management and remediation activities",E_AI_TSR,Reconocimiento de voz,0.0,
IE,2021,D_E,"Electricity, gas, steam and air conditioning supply; water supply; sewerage, waste management and remediation activities",E_AI_TSR,Reconocimiento de voz,1.61,
IT,2021,D_E,"Electricity, gas, steam and air conditioning supply; water supply; sewerage, waste management and remediation activities",E_AI_TSR,Reconocimiento de voz,2.91,
LT,2021,D_E,"Electricity, gas, steam and air conditioning supply; water supply; sewerage, waste management and remediation activities",E_AI_TSR,Reconocimiento de voz,1.52,
LU,2021,D_E,"Electricity, gas, steam and air conditioning supply; water supply; sewerage, waste management and remediation activities",E_AI_TSR,Reconocimiento de voz,0.0,
LV,2021,D_E,"Electricity, gas, steam and air conditioning supply; water supply; sewerage, waste management and remediation activities",E_AI_TSR,Reconocimiento de voz,0.5,
MT,2021,D_E,"Electricity, gas, steam and air conditioning supply; water supply; sewerage, waste management and remediation activities",E_AI_TSR,Reconocimiento de voz,7.77,
NL,2021,D_E,"Electricity, gas, steam and air conditioning supply; water supply; sewerage, waste management and remediation activities",E_AI_TSR,Reconocimiento de voz,1.68,
PL,2021,D_E,"Electricity, gas, steam and air conditioning supply; water supply; sewerage, waste management and remediation activities",E_AI_TSR,Reconocimiento de voz,0.41,
PT,2021,D_E,"Electricity, gas, steam and air conditioning supply; water supply; sewerage, waste management and remediation activities",E_AI_TSR,Reconocimiento de voz,1.45,
RO,2021,D_E,"Electricity, gas, steam and air conditioning supply; water supply; sewerage, waste management and remediation activities",E_AI_TSR,Reconocimiento de voz,0.23,
SE,2021,D_E,"Electricity, gas, steam and air conditioning supply; water supply; sewerage, waste management and remediation activities",E_AI_TSR,Reconocimiento de voz,3.73,
SI,2021,D_E,"Electricity, gas, steam and air conditioning supply; water supply; sewerage, waste management and remediation activities",E_AI_TSR,Reconocimiento de voz,,@C
SK,2021,D_E,"Electricity, gas, steam and air conditioning supply; water supply; sewerage, waste management and remediation activities",E_AI_TSR,Reconocimiento de voz,0.34,
AT,2021,D_E,"Electricity, gas, steam and air conditioning supply; water supply; sewerage, waste management and remediation activities",E_AI_TTM,Mineria de texto,5.73,
BE,2021,D_E,"Electricity, gas, steam and air conditioning supply; water supply; sewerage, waste management and remediation activities",E_AI_TTM,Mineria de texto,4.73,
BG,2021,D_E,"Electricity, gas, steam and air conditioning supply; water supply; sewerage, waste management and remediation activities",E_AI_TTM,Mineria de texto,,u
CY,2021,D_E,"Electricity, gas, steam and air conditioning supply; water supply; sewerage, waste management and remediation activities",E_AI_TTM,Mineria de texto,0.0,
CZ,2021,D_E,"Electricity, gas, steam and air conditioning supply; water supply; sewerage, waste management and remediation activities",E_AI_TTM,Mineria de texto,2.65,
DE,2021,D_E,"Electricity, gas, steam and air conditioning supply; water supply; sewerage, waste management and remediation activities",E_AI_TTM,Mineria de texto,4.04,
DK,2021,D_E,"Electricity, gas, steam and air conditioning supply; water supply; sewerage, waste management and remediation activities",E_AI_TTM,Mineria de texto,7.88,
EE,2021,D_E,"Electricity, gas, steam and air conditioning supply; water supply; sewerage, waste management and remediation activities",E_AI_TTM,Mineria de texto,0.0,
EL,2021,D_E,"Electricity, gas, steam and air conditioning supply; water supply; sewerage, waste management and remediation activities",E_AI_TTM,Mineria de texto,3.78,
ES,2021,D_E,"Electricity, gas, steam and air conditioning supply; water supply; sewerage, waste management and remediation activities",E_AI_TTM,Mineria de texto,2.2,
EU27_2020,2021,D_E,"Electricity, gas, steam and air conditioning supply; water supply; sewerage, waste management and remediation activities",E_AI_TTM,Mineria de texto,2.74,
FI,2021,D_E,"Electricity, gas, steam and air conditioning supply; water supply; sewerage, waste management and remediation activities",E_AI_TTM,Mineria de texto,5.52,
FR,2021,D_E,"Electricity, gas, steam and air conditioning supply; water supply; sewerage, waste management and remediation activities",E_AI_TTM,Mineria de texto,2.87,
HR,2021,D_E,"Electricity, gas, steam and air conditioning supply; water supply; sewerage, waste management and remediation activities",E_AI_TTM,Mineria de texto,,@C
HU,2021,D_E,"Electricity, gas, steam and air conditioning supply; water supply; sewerage, waste management and remediation activities",E_AI_TTM,Mineria de texto,3.64,
IE,2021,D_E,"Electricity, gas, steam and air conditioning supply; water supply; sewerage, waste management and remediation activities",E_AI_TTM,Mineria de texto,,@C
IT,2021,D_E,"Electricity, gas, steam and air conditioning supply; water supply; sewerage, waste management and remediation activities",E_AI_TTM,Mineria de texto,1.94,
LT,2021,D_E,"Electricity, gas, steam and air conditioning supply; water supply; sewerage, waste management and remediation activities",E_AI_TTM,Mineria de texto,1.14,
LU,2021,D_E,"Electricity, gas, steam and air conditioning supply; water supply; sewerage, waste management and remediation activities",E_AI_TTM,Mineria de texto,0.0,
LV,2021,D_E,"Electricity, gas, steam and air conditioning supply; water supply; sewerage, waste management and remediation activities",E_AI_TTM,Mineria de texto,1.0,
MT,2021,D_E,"Electricity, gas, steam and air conditioning supply; water supply; sewerage, waste management and remediation activities",E_AI_TTM,Mineria de texto,7.77,
NL,2021,D_E,"Electricity, gas, steam and air conditioning supply; water supply; sewerage, waste management and remediation activities",E_AI_TTM,Mineria de texto,3.59,
PL,2021,D_E,"Electricity, gas, steam and air conditioning supply; water supply; sewerage, waste management and remediation activities",E_AI_TTM,Mineria de texto,0.17,
PT,2021,D_E,"Electricity, gas, steam and air conditioning supply; water supply; sewerage, waste management and remediation activities",E_AI_TTM,Mineria de texto,7.27,
RO,2021,D_E,"Electricity, gas, steam and air conditioning supply; water supply; sewerage, waste management and remediation activities",E_AI_TTM,Mineria de texto,0.58,
SE,2021,D_E,"Electricity, gas, steam and air conditioning supply; water supply; sewerage, waste management and remediation activities",E_AI_TTM,Mineria de texto,4.56,
SI,2021,D_E,"Electricity, gas, steam and air conditioning supply; water supply; sewerage, waste management and remediation activities",E_AI_TTM,Mineria de texto,,@C
SK,2021,D_E,"Electricity, gas, steam and air conditioning supply; water supply; sewerage, waste management and remediation activities",E_AI_TTM,Mineria de texto,0.34,
AT,2021,F,Construction,E_AI_TANY,Cualquier IA,3.12,
BE,2021,F,Construction,E_AI_TANY,Cualquier IA,8.3,
BG,2021,F,Construction,E_AI_TANY,Cualquier IA,1.47,
CY,2021,F,Construction,E_AI_TANY,Cualquier IA,0.21,
CZ,2021,F,Construction,E_AI_TANY,Cualquier IA,0.35,
DE,2021,F,Construction,E_AI_TANY,Cualquier IA,8.29,
DK,2021,F,Construction,E_AI_TANY,Cualquier IA,8.87,
EE,2021,F,Construction,E_AI_TANY,Cualquier IA,0.64,
EL,2021,F,Construction,E_AI_TANY,Cualquier IA,2.82,
ES,2021,F,Construction,E_AI_TANY,Cualquier IA,3.77,
EU27_2020,2021,F,Construction,E_AI_TANY,Cualquier IA,4.62,
FI,2021,F,Construction,E_AI_TANY,Cualquier IA,9.39,
FR,2021,F,Construction,E_AI_TANY,Cualquier IA,4.09,
HR,2021,F,Construction,E_AI_TANY,Cualquier IA,4.85,
HU,2021,F,Construction,E_AI_TANY,Cualquier IA,0.55,
IE,2021,F,Construction,E_AI_TANY,Cualquier IA,0.27,
IT,2021,F,Construction,E_AI_TANY,Cualquier IA,5.24,
LT,2021,F,Construction,E_AI_TANY,Cualquier IA,1.11,
LU,2021,F,Construction,E_AI_TANY,Cualquier IA,11.28,
LV,2021,F,Construction,E_AI_TANY,Cualquier IA,3.32,
MT,2021,F,Construction,E_AI_TANY,Cualquier IA,7.62,
NL,2021,F,Construction,E_AI_TANY,Cualquier IA,7.39,
PL,2021,F,Construction,E_AI_TANY,Cualquier IA,0.35,
PT,2021,F,Construction,E_AI_TANY,Cualquier IA,1.06,
RO,2021,F,Construction,E_AI_TANY,Cualquier IA,0.05,
SE,2021,F,Construction,E_AI_TANY,Cualquier IA,2.32,
SI,2021,F,Construction,E_AI_TANY,Cualquier IA,4.16,
SK,2021,F,Construction,E_AI_TANY,Cualquier IA,2.12,
AT,2021,F,Construction,E_AI_TAR,Robots autonomos,0.03,
BE,2021,F,Construction,E_AI_TAR,Robots autonomos,1.88,
BG,2021,F,Construction,E_AI_TAR,Robots autonomos,,u
CY,2021,F,Construction,E_AI_TAR,Robots autonomos,0.0,
CZ,2021,F,Construction,E_AI_TAR,Robots autonomos,0.04,
DE,2021,F,Construction,E_AI_TAR,Robots autonomos,1.45,
DK,2021,F,Construction,E_AI_TAR,Robots autonomos,0.38,
EE,2021,F,Construction,E_AI_TAR,Robots autonomos,0.32,
EL,2021,F,Construction,E_AI_TAR,Robots autonomos,0.09,
ES,2021,F,Construction,E_AI_TAR,Robots autonomos,0.19,
EU27_2020,2021,F,Construction,E_AI_TAR,Robots autonomos,0.66,
FI,2021,F,Construction,E_AI_TAR,Robots autonomos,,u
FR,2021,F,Construction,E_AI_TAR,Robots autonomos,0.57,
HR,2021,F,Construction,E_AI_TAR,Robots autonomos,0.0,
HU,2021,F,Construction,E_AI_TAR,Robots autonomos,0.0,
IE,2021,F,Construction,E_AI_TAR,Robots autonomos,0.0,
IT,2021,F,Construction,E_AI_TAR,Robots autonomos,1.03,
LT,2021,F,Construction,E_AI_TAR,Robots autonomos,0.29,
LU,2021,F,Construction,E_AI_TAR,Robots autonomos,0.1,
LV,2021,F,Construction,E_AI_TAR,Robots autonomos,0.77,
MT,2021,F,Construction,E_AI_TAR,Robots autonomos,0.73,
NL,2021,F,Construction,E_AI_TAR,Robots autonomos,0.55,
PL,2021,F,Construction,E_AI_TAR,Robots autonomos,0.02,
PT,2021,F,Construction,E_AI_TAR,Robots autonomos,0.02,
RO,2021,F,Construction,E_AI_TAR,Robots autonomos,0.0,
SE,2021,F,Construction,E_AI_TAR,Robots autonomos,0.12,
SI,2021,F,Construction,E_AI_TAR,Robots autonomos,,@C
SK,2021,F,Construction,E_AI_TAR,Robots autonomos,0.07,
AT,2021,F,Construction,E_AI_TIR,Vision por computador,0.0,
BE,2021,F,Construction,E_AI_TIR,Vision por computador,2.19,
BG,2021,F,Construction,E_AI_TIR,Vision por computador,0.0,
CY,2021,F,Construction,E_AI_TIR,Vision por computador,0.0,
CZ,2021,F,Construction,E_AI_TIR,Vision por computador,0.21,
DE,2021,F,Construction,E_AI_TIR,Vision por computador,2.27,
DK,2021,F,Construction,E_AI_TIR,Vision por computador,0.59,
EE,2021,F,Construction,E_AI_TIR,Vision por computador,0.32,
EL,2021,F,Construction,E_AI_TIR,Vision por computador,2.73,
ES,2021,F,Construction,E_AI_TIR,Vision por computador,1.12,
EU27_2020,2021,F,Construction,E_AI_TIR,Vision por computador,1.17,
FI,2021,F,Construction,E_AI_TIR,Vision por computador,1.5,
FR,2021,F,Construction,E_AI_TIR,Vision por computador,0.49,
HR,2021,F,Construction,E_AI_TIR,Vision por computador,2.71,
HU,2021,F,Construction,E_AI_TIR,Vision por computador,0.0,
IE,2021,F,Construction,E_AI_TIR,Vision por computador,0.0,
IT,2021,F,Construction,E_AI_TIR,Vision por computador,1.6,
LT,2021,F,Construction,E_AI_TIR,Vision por computador,0.39,
LU,2021,F,Construction,E_AI_TIR,Vision por computador,0.88,
LV,2021,F,Construction,E_AI_TIR,Vision por computador,2.5,
MT,2021,F,Construction,E_AI_TIR,Vision por computador,2.69,
NL,2021,F,Construction,E_AI_TIR,Vision por computador,2.97,
PL,2021,F,Construction,E_AI_TIR,Vision por computador,0.07,
PT,2021,F,Construction,E_AI_TIR,Vision por computador,0.07,
RO,2021,F,Construction,E_AI_TIR,Vision por computador,0.02,
SE,2021,F,Construction,E_AI_TIR,Vision por computador,0.65,
SI,2021,F,Construction,E_AI_TIR,Vision por computador,2.52,
SK,2021,F,Construction,E_AI_TIR,Vision por computador,0.0,
AT,2021,F,Construction,E_AI_TML,Machine learning,0.23,
BE,2021,F,Construction,E_AI_TML,Machine learning,3.33,
BG,2021,F,Construction,E_AI_TML,Machine learning,,u
CY,2021,F,Construction,E_AI_TML,Machine learning,0.21,
CZ,2021,F,Construction,E_AI_TML,Machine learning,0.02,
DE,2021,F,Construction,E_AI_TML,Machine learning,1.06,
DK,2021,F,Construction,E_AI_TML,Machine learning,0.65,
EE,2021,F,Construction,E_AI_TML,Machine learning,0.0,
EL,2021,F,Construction,E_AI_TML,Machine learning,0.0,
ES,2021,F,Construction,E_AI_TML,Machine learning,0.48,
EU27_2020,2021,F,Construction,E_AI_TML,Machine learning,0.68,
FI,2021,F,Construction,E_AI_TML,Machine learning,1.51,
FR,2021,F,Construction,E_AI_TML,Machine learning,0.3,
HR,2021,F,Construction,E_AI_TML,Machine learning,1.78,
HU,2021,F,Construction,E_AI_TML,Machine learning,0.07,
IE,2021,F,Construction,E_AI_TML,Machine learning,0.27,
IT,2021,F,Construction,E_AI_TML,Machine learning,1.13,
LT,2021,F,Construction,E_AI_TML,Machine learning,0.29,
LU,2021,F,Construction,E_AI_TML,Machine learning,0.95,
LV,2021,F,Construction,E_AI_TML,Machine learning,0.07,
MT,2021,F,Construction,E_AI_TML,Machine learning,1.95,
NL,2021,F,Construction,E_AI_TML,Machine learning,2.28,
PL,2021,F,Construction,E_AI_TML,Machine learning,0.03,
PT,2021,F,Construction,E_AI_TML,Machine learning,0.02,
RO,2021,F,Construction,E_AI_TML,Machine learning,0.0,
SE,2021,F,Construction,E_AI_TML,Machine learning,0.49,
SI,2021,F,Construction,E_AI_TML,Machine learning,0.0,
SK,2021,F,Construction,E_AI_TML,Machine learning,0.0,
AT,2021,F,Construction,E_AI_TNLG,Generacion de lenguaje,0.53,
BE,2021,F,Construction,E_AI_TNLG,Generacion de lenguaje,0.47,
BG,2021,F,Construction,E_AI_TNLG,Generacion de lenguaje,0.0,
CY,2021,F,Construction,E_AI_TNLG,Generacion de lenguaje,0.0,
CZ,2021,F,Construction,E_AI_TNLG,Generacion de lenguaje,0.0,
DE,2021,F,Construction,E_AI_TNLG,Generacion de lenguaje,1.59,
DK,2021,F,Construction,E_AI_TNLG,Generacion de lenguaje,1.34,
EE,2021,F,Construction,E_AI_TNLG,Generacion de lenguaje,0.0,
EL,2021,F,Construction,E_AI_TNLG,Generacion de lenguaje,0.0,
ES,2021,F,Construction,E_AI_TNLG,Generacion de lenguaje,0.59,
EU27_2020,2021,F,Construction,E_AI_TNLG,Generacion de lenguaje,0.99,
FI,2021,F,Construction,E_AI_TNLG,Generacion de lenguaje,2.19,
FR,2021,F,Construction,E_AI_TNLG,Generacion de lenguaje,1.31,
HR,2021,F,Construction,E_AI_TNLG,Generacion de lenguaje,3.71,
HU,2021,F,Construction,E_AI_TNLG,Generacion de lenguaje,0.07,
IE,2021,F,Construction,E_AI_TNLG,Generacion de lenguaje,0.0,
IT,2021,F,Construction,E_AI_TNLG,Generacion de lenguaje,1.72,
LT,2021,F,Construction,E_AI_TNLG,Generacion de lenguaje,0.29,
LU,2021,F,Construction,E_AI_TNLG,Generacion de lenguaje,2.51,
LV,2021,F,Construction,E_AI_TNLG,Generacion de lenguaje,1.59,
MT,2021,F,Construction,E_AI_TNLG,Generacion de lenguaje,0.74,
NL,2021,F,Construction,E_AI_TNLG,Generacion de lenguaje,0.22,
PL,2021,F,Construction,E_AI_TNLG,Generacion de lenguaje,0.01,
PT,2021,F,Construction,E_AI_TNLG,Generacion de lenguaje,0.43,
RO,2021,F,Construction,E_AI_TNLG,Generacion de lenguaje,0.02,
SE,2021,F,Construction,E_AI_TNLG,Generacion de lenguaje,0.19,
SI,2021,F,Construction,E_AI_TNLG,Generacion de lenguaje,1.65,
SK,2021,F,Construction,E_AI_TNLG,Generacion de lenguaje,0.0,
AT,2021,F,Construction,E_AI_TPA,Automatizacion de procesos,0.11,
BE,2021,F,Construction,E_AI_TPA,Automatizacion de procesos,2.45,
BG,2021,F,Construction,E_AI_TPA,Automatizacion de procesos,,u
CY,2021,F,Construction,E_AI_TPA,Automatizacion de procesos,0.0,
CZ,2021,F,Construction,E_AI_TPA,Automatizacion de procesos,0.07,
DE,2021,F,Construction,E_AI_TPA,Automatizacion de procesos,2.31,
DK,2021,F,Construction,E_AI_TPA,Automatizacion de procesos,6.24,
EE,2021,F,Construction,E_AI_TPA,Automatizacion de procesos,0.0,
EL,2021,F,Construction,E_AI_TPA,Automatizacion de procesos,1.86,
ES,2021,F,Construction,E_AI_TPA,Automatizacion de procesos,0.86,
EU27_2020,2021,F,Construction,E_AI_TPA,Automatizacion de procesos,1.26,
FI,2021,F,Construction,E_AI_TPA,Automatizacion de procesos,3.5,
FR,2021,F,Construction,E_AI_TPA,Automatizacion de procesos,0.95,
HR,2021,F,Construction,E_AI_TPA,Automatizacion de procesos,0.93,
HU,2021,F,Construction,E_AI_TPA,Automatizacion de procesos,0.26,
IE,2021,F,Construction,E_AI_TPA,Automatizacion de procesos,0.12,
IT,2021,F,Construction,E_AI_TPA,Automatizacion de procesos,1.02,
LT,2021,F,Construction,E_AI_TPA,Automatizacion de procesos,0.72,
LU,2021,F,Construction,E_AI_TPA,Automatizacion de procesos,0.6,
LV,2021,F,Construction,E_AI_TPA,Automatizacion de procesos,0.91,
MT,2021,F,Construction,E_AI_TPA,Automatizacion de procesos,0.73,
NL,2021,F,Construction,E_AI_TPA,Automatizacion de procesos,2.91,
PL,2021,F,Construction,E_AI_TPA,Automatizacion de procesos,0.13,
PT,2021,F,Construction,E_AI_TPA,Automatizacion de procesos,0.43,
RO,2021,F,Construction,E_AI_TPA,Automatizacion de procesos,0.0,
SE,2021,F,Construction,E_AI_TPA,Automatizacion de procesos,0.92,
SI,2021,F,Construction,E_AI_TPA,Automatizacion de procesos,0.0,
SK,2021,F,Construction,E_AI_TPA,Automatizacion de procesos,0.0,
AT,2021,F,Construction,E_AI_TPVSG,Generacion de imagen/audio,,
BE,2021,F,Construction,E_AI_TPVSG,Generacion de imagen/audio,,
BG,2021,F,Construction,E_AI_TPVSG,Generacion de imagen/audio,,
CY,2021,F,Construction,E_AI_TPVSG,Generacion de imagen/audio,,
CZ,2021,F,Construction,E_AI_TPVSG,Generacion de imagen/audio,,
DE,2021,F,Construction,E_AI_TPVSG,Generacion de imagen/audio,,
DK,2021,F,Construction,E_AI_TPVSG,Generacion de imagen/audio,,
EE,2021,F,Construction,E_AI_TPVSG,Generacion de imagen/audio,,
EL,2021,F,Construction,E_AI_TPVSG,Generacion de imagen/audio,,
ES,2021,F,Construction,E_AI_TPVSG,Generacion de imagen/audio,,
EU27_2020,2021,F,Construction,E_AI_TPVSG,Generacion de imagen/audio,,
FI,2021,F,Construction,E_AI_TPVSG,Generacion de imagen/audio,,
FR,2021,F,Construction,E_AI_TPVSG,Generacion de imagen/audio,,
HR,2021,F,Construction,E_AI_TPVSG,Generacion de imagen/audio,,
HU,2021,F,Construction,E_AI_TPVSG,Generacion de imagen/audio,,
IE,2021,F,Construction,E_AI_TPVSG,Generacion de imagen/audio,,
IT,2021,F,Construction,E_AI_TPVSG,Generacion de imagen/audio,,
LT,2021,F,Construction,E_AI_TPVSG,Generacion de imagen/audio,,
LU,2021,F,Construction,E_AI_TPVSG,Generacion de imagen/audio,,
LV,2021,F,Construction,E_AI_TPVSG,Generacion de imagen/audio,,
MT,2021,F,Construction,E_AI_TPVSG,Generacion de imagen/audio,,
NL,2021,F,Construction,E_AI_TPVSG,Generacion de imagen/audio,,
PL,2021,F,Construction,E_AI_TPVSG,Generacion de imagen/audio,,
PT,2021,F,Construction,E_AI_TPVSG,Generacion de imagen/audio,,
RO,2021,F,Construction,E_AI_TPVSG,Generacion de imagen/audio,,
SE,2021,F,Construction,E_AI_TPVSG,Generacion de imagen/audio,,
SI,2021,F,Construction,E_AI_TPVSG,Generacion de imagen/audio,,
SK,2021,F,Construction,E_AI_TPVSG,Generacion de imagen/audio,,
AT,2021,F,Construction,E_AI_TSR,Reconocimiento de voz,0.22,
BE,2021,F,Construction,E_AI_TSR,Reconocimiento de voz,1.05,
BG,2021,F,Construction,E_AI_TSR,Reconocimiento de voz,,u
CY,2021,F,Construction,E_AI_TSR,Reconocimiento de voz,0.0,
CZ,2021,F,Construction,E_AI_TSR,Reconocimiento de voz,0.02,
DE,2021,F,Construction,E_AI_TSR,Reconocimiento de voz,4.06,
DK,2021,F,Construction,E_AI_TSR,Reconocimiento de voz,1.22,
EE,2021,F,Construction,E_AI_TSR,Reconocimiento de voz,0.0,
EL,2021,F,Construction,E_AI_TSR,Reconocimiento de voz,1.86,
ES,2021,F,Construction,E_AI_TSR,Reconocimiento de voz,1.41,
EU27_2020,2021,F,Construction,E_AI_TSR,Reconocimiento de voz,1.76,
FI,2021,F,Construction,E_AI_TSR,Reconocimiento de voz,1.94,
FR,2021,F,Construction,E_AI_TSR,Reconocimiento de voz,1.28,
HR,2021,F,Construction,E_AI_TSR,Reconocimiento de voz,4.34,
HU,2021,F,Construction,E_AI_TSR,Reconocimiento de voz,0.22,
IE,2021,F,Construction,E_AI_TSR,Reconocimiento de voz,0.12,
IT,2021,F,Construction,E_AI_TSR,Reconocimiento de voz,2.33,
LT,2021,F,Construction,E_AI_TSR,Reconocimiento de voz,0.34,
LU,2021,F,Construction,E_AI_TSR,Reconocimiento de voz,2.97,
LV,2021,F,Construction,E_AI_TSR,Reconocimiento de voz,0.77,
MT,2021,F,Construction,E_AI_TSR,Reconocimiento de voz,0.74,
NL,2021,F,Construction,E_AI_TSR,Reconocimiento de voz,1.21,
PL,2021,F,Construction,E_AI_TSR,Reconocimiento de voz,0.01,
PT,2021,F,Construction,E_AI_TSR,Reconocimiento de voz,0.04,
RO,2021,F,Construction,E_AI_TSR,Reconocimiento de voz,0.0,
SE,2021,F,Construction,E_AI_TSR,Reconocimiento de voz,0.82,
SI,2021,F,Construction,E_AI_TSR,Reconocimiento de voz,0.71,
SK,2021,F,Construction,E_AI_TSR,Reconocimiento de voz,0.0,
AT,2021,F,Construction,E_AI_TTM,Mineria de texto,2.83,
BE,2021,F,Construction,E_AI_TTM,Mineria de texto,1.81,
BG,2021,F,Construction,E_AI_TTM,Mineria de texto,,u
CY,2021,F,Construction,E_AI_TTM,Mineria de texto,0.0,
CZ,2021,F,Construction,E_AI_TTM,Mineria de texto,0.07,
DE,2021,F,Construction,E_AI_TTM,Mineria de texto,1.92,
DK,2021,F,Construction,E_AI_TTM,Mineria de texto,2.43,
EE,2021,F,Construction,E_AI_TTM,Mineria de texto,0.0,
EL,2021,F,Construction,E_AI_TTM,Mineria de texto,0.0,
ES,2021,F,Construction,E_AI_TTM,Mineria de texto,1.39,
EU27_2020,2021,F,Construction,E_AI_TTM,Mineria de texto,1.43,
FI,2021,F,Construction,E_AI_TTM,Mineria de texto,1.57,
FR,2021,F,Construction,E_AI_TTM,Mineria de texto,1.55,
HR,2021,F,Construction,E_AI_TTM,Mineria de texto,1.85,
HU,2021,F,Construction,E_AI_TTM,Mineria de texto,0.0,
IE,2021,F,Construction,E_AI_TTM,Mineria de texto,,@C
IT,2021,F,Construction,E_AI_TTM,Mineria de texto,1.91,
LT,2021,F,Construction,E_AI_TTM,Mineria de texto,0.53,
LU,2021,F,Construction,E_AI_TTM,Mineria de texto,8.99,
LV,2021,F,Construction,E_AI_TTM,Mineria de texto,3.17,
MT,2021,F,Construction,E_AI_TTM,Mineria de texto,2.91,
NL,2021,F,Construction,E_AI_TTM,Mineria de texto,1.36,
PL,2021,F,Construction,E_AI_TTM,Mineria de texto,0.13,
PT,2021,F,Construction,E_AI_TTM,Mineria de texto,0.49,
RO,2021,F,Construction,E_AI_TTM,Mineria de texto,0.02,
SE,2021,F,Construction,E_AI_TTM,Mineria de texto,1.12,
SI,2021,F,Construction,E_AI_TTM,Mineria de texto,0.0,
SK,2021,F,Construction,E_AI_TTM,Mineria de texto,2.04,
AT,2021,G,Wholesale and retail trade; repair of motor vehicles and motorcycles,E_AI_TANY,Cualquier IA,6.94,
BE,2021,G,Wholesale and retail trade; repair of motor vehicles and motorcycles,E_AI_TANY,Cualquier IA,8.08,
BG,2021,G,Wholesale and retail trade; repair of motor vehicles and motorcycles,E_AI_TANY,Cualquier IA,2.47,
CY,2021,G,Wholesale and retail trade; repair of motor vehicles and motorcycles,E_AI_TANY,Cualquier IA,1.06,
CZ,2021,G,Wholesale and retail trade; repair of motor vehicles and motorcycles,E_AI_TANY,Cualquier IA,4.21,
DE,2021,G,Wholesale and retail trade; repair of motor vehicles and motorcycles,E_AI_TANY,Cualquier IA,7.95,
DK,2021,G,Wholesale and retail trade; repair of motor vehicles and motorcycles,E_AI_TANY,Cualquier IA,21.3,
EE,2021,G,Wholesale and retail trade; repair of motor vehicles and motorcycles,E_AI_TANY,Cualquier IA,2.07,
EL,2021,G,Wholesale and retail trade; repair of motor vehicles and motorcycles,E_AI_TANY,Cualquier IA,1.88,
ES,2021,G,Wholesale and retail trade; repair of motor vehicles and motorcycles,E_AI_TANY,Cualquier IA,5.99,
EU27_2020,2021,G,Wholesale and retail trade; repair of motor vehicles and motorcycles,E_AI_TANY,Cualquier IA,6.18,
FI,2021,G,Wholesale and retail trade; repair of motor vehicles and motorcycles,E_AI_TANY,Cualquier IA,13.32,
FR,2021,G,Wholesale and retail trade; repair of motor vehicles and motorcycles,E_AI_TANY,Cualquier IA,4.71,
HR,2021,G,Wholesale and retail trade; repair of motor vehicles and motorcycles,E_AI_TANY,Cualquier IA,8.51,
HU,2021,G,Wholesale and retail trade; repair of motor vehicles and motorcycles,E_AI_TANY,Cualquier IA,1.65,
IE,2021,G,Wholesale and retail trade; repair of motor vehicles and motorcycles,E_AI_TANY,Cualquier IA,5.12,
IT,2021,G,Wholesale and retail trade; repair of motor vehicles and motorcycles,E_AI_TANY,Cualquier IA,5.59,
LT,2021,G,Wholesale and retail trade; repair of motor vehicles and motorcycles,E_AI_TANY,Cualquier IA,2.79,
LU,2021,G,Wholesale and retail trade; repair of motor vehicles and motorcycles,E_AI_TANY,Cualquier IA,9.14,
LV,2021,G,Wholesale and retail trade; repair of motor vehicles and motorcycles,E_AI_TANY,Cualquier IA,3.05,
MT,2021,G,Wholesale and retail trade; repair of motor vehicles and motorcycles,E_AI_TANY,Cualquier IA,7.12,
NL,2021,G,Wholesale and retail trade; repair of motor vehicles and motorcycles,E_AI_TANY,Cualquier IA,12.04,
PL,2021,G,Wholesale and retail trade; repair of motor vehicles and motorcycles,E_AI_TANY,Cualquier IA,3.1,
PT,2021,G,Wholesale and retail trade; repair of motor vehicles and motorcycles,E_AI_TANY,Cualquier IA,6.63,
RO,2021,G,Wholesale and retail trade; repair of motor vehicles and motorcycles,E_AI_TANY,Cualquier IA,0.6,
SE,2021,G,Wholesale and retail trade; repair of motor vehicles and motorcycles,E_AI_TANY,Cualquier IA,11.84,
SI,2021,G,Wholesale and retail trade; repair of motor vehicles and motorcycles,E_AI_TANY,Cualquier IA,10.95,
SK,2021,G,Wholesale and retail trade; repair of motor vehicles and motorcycles,E_AI_TANY,Cualquier IA,4.88,
AT,2021,G,Wholesale and retail trade; repair of motor vehicles and motorcycles,E_AI_TAR,Robots autonomos,0.98,
BE,2021,G,Wholesale and retail trade; repair of motor vehicles and motorcycles,E_AI_TAR,Robots autonomos,0.82,
BG,2021,G,Wholesale and retail trade; repair of motor vehicles and motorcycles,E_AI_TAR,Robots autonomos,,u
CY,2021,G,Wholesale and retail trade; repair of motor vehicles and motorcycles,E_AI_TAR,Robots autonomos,0.0,
CZ,2021,G,Wholesale and retail trade; repair of motor vehicles and motorcycles,E_AI_TAR,Robots autonomos,0.41,
DE,2021,G,Wholesale and retail trade; repair of motor vehicles and motorcycles,E_AI_TAR,Robots autonomos,0.68,
DK,2021,G,Wholesale and retail trade; repair of motor vehicles and motorcycles,E_AI_TAR,Robots autonomos,2.69,
EE,2021,G,Wholesale and retail trade; repair of motor vehicles and motorcycles,E_AI_TAR,Robots autonomos,0.13,
EL,2021,G,Wholesale and retail trade; repair of motor vehicles and motorcycles,E_AI_TAR,Robots autonomos,0.33,
ES,2021,G,Wholesale and retail trade; repair of motor vehicles and motorcycles,E_AI_TAR,Robots autonomos,0.76,
EU27_2020,2021,G,Wholesale and retail trade; repair of motor vehicles and motorcycles,E_AI_TAR,Robots autonomos,0.66,
FI,2021,G,Wholesale and retail trade; repair of motor vehicles and motorcycles,E_AI_TAR,Robots autonomos,1.23,
FR,2021,G,Wholesale and retail trade; repair of motor vehicles and motorcycles,E_AI_TAR,Robots autonomos,,@C
HR,2021,G,Wholesale and retail trade; repair of motor vehicles and motorcycles,E_AI_TAR,Robots autonomos,0.26,
HU,2021,G,Wholesale and retail trade; repair of motor vehicles and motorcycles,E_AI_TAR,Robots autonomos,0.25,
IE,2021,G,Wholesale and retail trade; repair of motor vehicles and motorcycles,E_AI_TAR,Robots autonomos,0.14,
IT,2021,G,Wholesale and retail trade; repair of motor vehicles and motorcycles,E_AI_TAR,Robots autonomos,0.44,
LT,2021,G,Wholesale and retail trade; repair of motor vehicles and motorcycles,E_AI_TAR,Robots autonomos,0.22,
LU,2021,G,Wholesale and retail trade; repair of motor vehicles and motorcycles,E_AI_TAR,Robots autonomos,0.75,
LV,2021,G,Wholesale and retail trade; repair of motor vehicles and motorcycles,E_AI_TAR,Robots autonomos,0.07,
MT,2021,G,Wholesale and retail trade; repair of motor vehicles and motorcycles,E_AI_TAR,Robots autonomos,1.72,
NL,2021,G,Wholesale and retail trade; repair of motor vehicles and motorcycles,E_AI_TAR,Robots autonomos,1.88,
PL,2021,G,Wholesale and retail trade; repair of motor vehicles and motorcycles,E_AI_TAR,Robots autonomos,0.28,
PT,2021,G,Wholesale and retail trade; repair of motor vehicles and motorcycles,E_AI_TAR,Robots autonomos,0.27,
RO,2021,G,Wholesale and retail trade; repair of motor vehicles and motorcycles,E_AI_TAR,Robots autonomos,0.31,
SE,2021,G,Wholesale and retail trade; repair of motor vehicles and motorcycles,E_AI_TAR,Robots autonomos,2.17,
SI,2021,G,Wholesale and retail trade; repair of motor vehicles and motorcycles,E_AI_TAR,Robots autonomos,0.0,
SK,2021,G,Wholesale and retail trade; repair of motor vehicles and motorcycles,E_AI_TAR,Robots autonomos,0.03,
AT,2021,G,Wholesale and retail trade; repair of motor vehicles and motorcycles,E_AI_TIR,Vision por computador,0.9,
BE,2021,G,Wholesale and retail trade; repair of motor vehicles and motorcycles,E_AI_TIR,Vision por computador,2.79,
BG,2021,G,Wholesale and retail trade; repair of motor vehicles and motorcycles,E_AI_TIR,Vision por computador,0.37,
CY,2021,G,Wholesale and retail trade; repair of motor vehicles and motorcycles,E_AI_TIR,Vision por computador,0.3,
CZ,2021,G,Wholesale and retail trade; repair of motor vehicles and motorcycles,E_AI_TIR,Vision por computador,1.65,
DE,2021,G,Wholesale and retail trade; repair of motor vehicles and motorcycles,E_AI_TIR,Vision por computador,1.33,
DK,2021,G,Wholesale and retail trade; repair of motor vehicles and motorcycles,E_AI_TIR,Vision por computador,3.2,
EE,2021,G,Wholesale and retail trade; repair of motor vehicles and motorcycles,E_AI_TIR,Vision por computador,0.77,
EL,2021,G,Wholesale and retail trade; repair of motor vehicles and motorcycles,E_AI_TIR,Vision por computador,0.18,
ES,2021,G,Wholesale and retail trade; repair of motor vehicles and motorcycles,E_AI_TIR,Vision por computador,2.61,
EU27_2020,2021,G,Wholesale and retail trade; repair of motor vehicles and motorcycles,E_AI_TIR,Vision por computador,1.42,
FI,2021,G,Wholesale and retail trade; repair of motor vehicles and motorcycles,E_AI_TIR,Vision por computador,3.25,
FR,2021,G,Wholesale and retail trade; repair of motor vehicles and motorcycles,E_AI_TIR,Vision por computador,0.92,
HR,2021,G,Wholesale and retail trade; repair of motor vehicles and motorcycles,E_AI_TIR,Vision por computador,1.07,
HU,2021,G,Wholesale and retail trade; repair of motor vehicles and motorcycles,E_AI_TIR,Vision por computador,0.49,
IE,2021,G,Wholesale and retail trade; repair of motor vehicles and motorcycles,E_AI_TIR,Vision por computador,2.01,
IT,2021,G,Wholesale and retail trade; repair of motor vehicles and motorcycles,E_AI_TIR,Vision por computador,0.92,
LT,2021,G,Wholesale and retail trade; repair of motor vehicles and motorcycles,E_AI_TIR,Vision por computador,0.57,
LU,2021,G,Wholesale and retail trade; repair of motor vehicles and motorcycles,E_AI_TIR,Vision por computador,2.61,
LV,2021,G,Wholesale and retail trade; repair of motor vehicles and motorcycles,E_AI_TIR,Vision por computador,2.08,
MT,2021,G,Wholesale and retail trade; repair of motor vehicles and motorcycles,E_AI_TIR,Vision por computador,3.42,
NL,2021,G,Wholesale and retail trade; repair of motor vehicles and motorcycles,E_AI_TIR,Vision por computador,3.38,
PL,2021,G,Wholesale and retail trade; repair of motor vehicles and motorcycles,E_AI_TIR,Vision por computador,0.57,
PT,2021,G,Wholesale and retail trade; repair of motor vehicles and motorcycles,E_AI_TIR,Vision por computador,1.47,
RO,2021,G,Wholesale and retail trade; repair of motor vehicles and motorcycles,E_AI_TIR,Vision por computador,0.08,
SE,2021,G,Wholesale and retail trade; repair of motor vehicles and motorcycles,E_AI_TIR,Vision por computador,3.51,
SI,2021,G,Wholesale and retail trade; repair of motor vehicles and motorcycles,E_AI_TIR,Vision por computador,7.18,
SK,2021,G,Wholesale and retail trade; repair of motor vehicles and motorcycles,E_AI_TIR,Vision por computador,1.33,
AT,2021,G,Wholesale and retail trade; repair of motor vehicles and motorcycles,E_AI_TML,Machine learning,3.06,
BE,2021,G,Wholesale and retail trade; repair of motor vehicles and motorcycles,E_AI_TML,Machine learning,2.02,
BG,2021,G,Wholesale and retail trade; repair of motor vehicles and motorcycles,E_AI_TML,Machine learning,0.45,
CY,2021,G,Wholesale and retail trade; repair of motor vehicles and motorcycles,E_AI_TML,Machine learning,0.2,
CZ,2021,G,Wholesale and retail trade; repair of motor vehicles and motorcycles,E_AI_TML,Machine learning,1.57,
DE,2021,G,Wholesale and retail trade; repair of motor vehicles and motorcycles,E_AI_TML,Machine learning,2.52,
DK,2021,G,Wholesale and retail trade; repair of motor vehicles and motorcycles,E_AI_TML,Machine learning,6.44,
EE,2021,G,Wholesale and retail trade; repair of motor vehicles and motorcycles,E_AI_TML,Machine learning,0.93,
EL,2021,G,Wholesale and retail trade; repair of motor vehicles and motorcycles,E_AI_TML,Machine learning,0.19,
ES,2021,G,Wholesale and retail trade; repair of motor vehicles and motorcycles,E_AI_TML,Machine learning,1.56,
EU27_2020,2021,G,Wholesale and retail trade; repair of motor vehicles and motorcycles,E_AI_TML,Machine learning,1.93,
FI,2021,G,Wholesale and retail trade; repair of motor vehicles and motorcycles,E_AI_TML,Machine learning,4.47,
FR,2021,G,Wholesale and retail trade; repair of motor vehicles and motorcycles,E_AI_TML,Machine learning,1.22,
HR,2021,G,Wholesale and retail trade; repair of motor vehicles and motorcycles,E_AI_TML,Machine learning,1.94,
HU,2021,G,Wholesale and retail trade; repair of motor vehicles and motorcycles,E_AI_TML,Machine learning,0.29,
IE,2021,G,Wholesale and retail trade; repair of motor vehicles and motorcycles,E_AI_TML,Machine learning,2.08,
IT,2021,G,Wholesale and retail trade; repair of motor vehicles and motorcycles,E_AI_TML,Machine learning,1.35,
LT,2021,G,Wholesale and retail trade; repair of motor vehicles and motorcycles,E_AI_TML,Machine learning,0.35,
LU,2021,G,Wholesale and retail trade; repair of motor vehicles and motorcycles,E_AI_TML,Machine learning,2.33,
LV,2021,G,Wholesale and retail trade; repair of motor vehicles and motorcycles,E_AI_TML,Machine learning,0.72,
MT,2021,G,Wholesale and retail trade; repair of motor vehicles and motorcycles,E_AI_TML,Machine learning,2.65,
NL,2021,G,Wholesale and retail trade; repair of motor vehicles and motorcycles,E_AI_TML,Machine learning,5.51,
PL,2021,G,Wholesale and retail trade; repair of motor vehicles and motorcycles,E_AI_TML,Machine learning,0.63,
PT,2021,G,Wholesale and retail trade; repair of motor vehicles and motorcycles,E_AI_TML,Machine learning,2.98,
RO,2021,G,Wholesale and retail trade; repair of motor vehicles and motorcycles,E_AI_TML,Machine learning,0.14,
SE,2021,G,Wholesale and retail trade; repair of motor vehicles and motorcycles,E_AI_TML,Machine learning,5.53,
SI,2021,G,Wholesale and retail trade; repair of motor vehicles and motorcycles,E_AI_TML,Machine learning,3.3,
SK,2021,G,Wholesale and retail trade; repair of motor vehicles and motorcycles,E_AI_TML,Machine learning,0.65,
AT,2021,G,Wholesale and retail trade; repair of motor vehicles and motorcycles,E_AI_TNLG,Generacion de lenguaje,0.81,
BE,2021,G,Wholesale and retail trade; repair of motor vehicles and motorcycles,E_AI_TNLG,Generacion de lenguaje,2.29,
BG,2021,G,Wholesale and retail trade; repair of motor vehicles and motorcycles,E_AI_TNLG,Generacion de lenguaje,,u
CY,2021,G,Wholesale and retail trade; repair of motor vehicles and motorcycles,E_AI_TNLG,Generacion de lenguaje,0.0,
CZ,2021,G,Wholesale and retail trade; repair of motor vehicles and motorcycles,E_AI_TNLG,Generacion de lenguaje,0.56,
DE,2021,G,Wholesale and retail trade; repair of motor vehicles and motorcycles,E_AI_TNLG,Generacion de lenguaje,0.8,
DK,2021,G,Wholesale and retail trade; repair of motor vehicles and motorcycles,E_AI_TNLG,Generacion de lenguaje,4.28,
EE,2021,G,Wholesale and retail trade; repair of motor vehicles and motorcycles,E_AI_TNLG,Generacion de lenguaje,0.21,
EL,2021,G,Wholesale and retail trade; repair of motor vehicles and motorcycles,E_AI_TNLG,Generacion de lenguaje,0.13,
ES,2021,G,Wholesale and retail trade; repair of motor vehicles and motorcycles,E_AI_TNLG,Generacion de lenguaje,1.0,
EU27_2020,2021,G,Wholesale and retail trade; repair of motor vehicles and motorcycles,E_AI_TNLG,Generacion de lenguaje,0.9,
FI,2021,G,Wholesale and retail trade; repair of motor vehicles and motorcycles,E_AI_TNLG,Generacion de lenguaje,1.43,
FR,2021,G,Wholesale and retail trade; repair of motor vehicles and motorcycles,E_AI_TNLG,Generacion de lenguaje,0.6,
HR,2021,G,Wholesale and retail trade; repair of motor vehicles and motorcycles,E_AI_TNLG,Generacion de lenguaje,1.3,
HU,2021,G,Wholesale and retail trade; repair of motor vehicles and motorcycles,E_AI_TNLG,Generacion de lenguaje,0.24,
IE,2021,G,Wholesale and retail trade; repair of motor vehicles and motorcycles,E_AI_TNLG,Generacion de lenguaje,0.22,
IT,2021,G,Wholesale and retail trade; repair of motor vehicles and motorcycles,E_AI_TNLG,Generacion de lenguaje,1.17,
LT,2021,G,Wholesale and retail trade; repair of motor vehicles and motorcycles,E_AI_TNLG,Generacion de lenguaje,0.89,
LU,2021,G,Wholesale and retail trade; repair of motor vehicles and motorcycles,E_AI_TNLG,Generacion de lenguaje,1.8,
LV,2021,G,Wholesale and retail trade; repair of motor vehicles and motorcycles,E_AI_TNLG,Generacion de lenguaje,0.35,
MT,2021,G,Wholesale and retail trade; repair of motor vehicles and motorcycles,E_AI_TNLG,Generacion de lenguaje,1.92,
NL,2021,G,Wholesale and retail trade; repair of motor vehicles and motorcycles,E_AI_TNLG,Generacion de lenguaje,1.92,
PL,2021,G,Wholesale and retail trade; repair of motor vehicles and motorcycles,E_AI_TNLG,Generacion de lenguaje,0.48,
PT,2021,G,Wholesale and retail trade; repair of motor vehicles and motorcycles,E_AI_TNLG,Generacion de lenguaje,0.39,
RO,2021,G,Wholesale and retail trade; repair of motor vehicles and motorcycles,E_AI_TNLG,Generacion de lenguaje,0.02,
SE,2021,G,Wholesale and retail trade; repair of motor vehicles and motorcycles,E_AI_TNLG,Generacion de lenguaje,2.97,
SI,2021,G,Wholesale and retail trade; repair of motor vehicles and motorcycles,E_AI_TNLG,Generacion de lenguaje,3.42,
SK,2021,G,Wholesale and retail trade; repair of motor vehicles and motorcycles,E_AI_TNLG,Generacion de lenguaje,0.75,
AT,2021,G,Wholesale and retail trade; repair of motor vehicles and motorcycles,E_AI_TPA,Automatizacion de procesos,2.72,
BE,2021,G,Wholesale and retail trade; repair of motor vehicles and motorcycles,E_AI_TPA,Automatizacion de procesos,2.18,
BG,2021,G,Wholesale and retail trade; repair of motor vehicles and motorcycles,E_AI_TPA,Automatizacion de procesos,1.72,
CY,2021,G,Wholesale and retail trade; repair of motor vehicles and motorcycles,E_AI_TPA,Automatizacion de procesos,0.1,
CZ,2021,G,Wholesale and retail trade; repair of motor vehicles and motorcycles,E_AI_TPA,Automatizacion de procesos,0.95,
DE,2021,G,Wholesale and retail trade; repair of motor vehicles and motorcycles,E_AI_TPA,Automatizacion de procesos,3.09,
DK,2021,G,Wholesale and retail trade; repair of motor vehicles and motorcycles,E_AI_TPA,Automatizacion de procesos,15.61,
EE,2021,G,Wholesale and retail trade; repair of motor vehicles and motorcycles,E_AI_TPA,Automatizacion de procesos,0.37,
EL,2021,G,Wholesale and retail trade; repair of motor vehicles and motorcycles,E_AI_TPA,Automatizacion de procesos,1.22,
ES,2021,G,Wholesale and retail trade; repair of motor vehicles and motorcycles,E_AI_TPA,Automatizacion de procesos,2.68,
EU27_2020,2021,G,Wholesale and retail trade; repair of motor vehicles and motorcycles,E_AI_TPA,Automatizacion de procesos,2.45,
FI,2021,G,Wholesale and retail trade; repair of motor vehicles and motorcycles,E_AI_TPA,Automatizacion de procesos,6.97,
FR,2021,G,Wholesale and retail trade; repair of motor vehicles and motorcycles,E_AI_TPA,Automatizacion de procesos,1.1,
HR,2021,G,Wholesale and retail trade; repair of motor vehicles and motorcycles,E_AI_TPA,Automatizacion de procesos,1.59,
HU,2021,G,Wholesale and retail trade; repair of motor vehicles and motorcycles,E_AI_TPA,Automatizacion de procesos,0.49,
IE,2021,G,Wholesale and retail trade; repair of motor vehicles and motorcycles,E_AI_TPA,Automatizacion de procesos,2.05,
IT,2021,G,Wholesale and retail trade; repair of motor vehicles and motorcycles,E_AI_TPA,Automatizacion de procesos,1.92,
LT,2021,G,Wholesale and retail trade; repair of motor vehicles and motorcycles,E_AI_TPA,Automatizacion de procesos,1.52,
LU,2021,G,Wholesale and retail trade; repair of motor vehicles and motorcycles,E_AI_TPA,Automatizacion de procesos,3.0,
LV,2021,G,Wholesale and retail trade; repair of motor vehicles and motorcycles,E_AI_TPA,Automatizacion de procesos,1.96,
MT,2021,G,Wholesale and retail trade; repair of motor vehicles and motorcycles,E_AI_TPA,Automatizacion de procesos,2.67,
NL,2021,G,Wholesale and retail trade; repair of motor vehicles and motorcycles,E_AI_TPA,Automatizacion de procesos,5.95,
PL,2021,G,Wholesale and retail trade; repair of motor vehicles and motorcycles,E_AI_TPA,Automatizacion de procesos,1.21,
PT,2021,G,Wholesale and retail trade; repair of motor vehicles and motorcycles,E_AI_TPA,Automatizacion de procesos,2.4,
RO,2021,G,Wholesale and retail trade; repair of motor vehicles and motorcycles,E_AI_TPA,Automatizacion de procesos,0.48,
SE,2021,G,Wholesale and retail trade; repair of motor vehicles and motorcycles,E_AI_TPA,Automatizacion de procesos,4.46,
SI,2021,G,Wholesale and retail trade; repair of motor vehicles and motorcycles,E_AI_TPA,Automatizacion de procesos,3.03,
SK,2021,G,Wholesale and retail trade; repair of motor vehicles and motorcycles,E_AI_TPA,Automatizacion de procesos,1.19,
AT,2021,G,Wholesale and retail trade; repair of motor vehicles and motorcycles,E_AI_TPVSG,Generacion de imagen/audio,,
BE,2021,G,Wholesale and retail trade; repair of motor vehicles and motorcycles,E_AI_TPVSG,Generacion de imagen/audio,,
BG,2021,G,Wholesale and retail trade; repair of motor vehicles and motorcycles,E_AI_TPVSG,Generacion de imagen/audio,,
CY,2021,G,Wholesale and retail trade; repair of motor vehicles and motorcycles,E_AI_TPVSG,Generacion de imagen/audio,,
CZ,2021,G,Wholesale and retail trade; repair of motor vehicles and motorcycles,E_AI_TPVSG,Generacion de imagen/audio,,
DE,2021,G,Wholesale and retail trade; repair of motor vehicles and motorcycles,E_AI_TPVSG,Generacion de imagen/audio,,
DK,2021,G,Wholesale and retail trade; repair of motor vehicles and motorcycles,E_AI_TPVSG,Generacion de imagen/audio,,
EE,2021,G,Wholesale and retail trade; repair of motor vehicles and motorcycles,E_AI_TPVSG,Generacion de imagen/audio,,
EL,2021,G,Wholesale and retail trade; repair of motor vehicles and motorcycles,E_AI_TPVSG,Generacion de imagen/audio,,
ES,2021,G,Wholesale and retail trade; repair of motor vehicles and motorcycles,E_AI_TPVSG,Generacion de imagen/audio,,
EU27_2020,2021,G,Wholesale and retail trade; repair of motor vehicles and motorcycles,E_AI_TPVSG,Generacion de imagen/audio,,
FI,2021,G,Wholesale and retail trade; repair of motor vehicles and motorcycles,E_AI_TPVSG,Generacion de imagen/audio,,
FR,2021,G,Wholesale and retail trade; repair of motor vehicles and motorcycles,E_AI_TPVSG,Generacion de imagen/audio,,
HR,2021,G,Wholesale and retail trade; repair of motor vehicles and motorcycles,E_AI_TPVSG,Generacion de imagen/audio,,
HU,2021,G,Wholesale and retail trade; repair of motor vehicles and motorcycles,E_AI_TPVSG,Generacion de imagen/audio,,
IE,2021,G,Wholesale and retail trade; repair of motor vehicles and motorcycles,E_AI_TPVSG,Generacion de imagen/audio,,
IT,2021,G,Wholesale and retail trade; repair of motor vehicles and motorcycles,E_AI_TPVSG,Generacion de imagen/audio,,
LT,2021,G,Wholesale and retail trade; repair of motor vehicles and motorcycles,E_AI_TPVSG,Generacion de imagen/audio,,
LU,2021,G,Wholesale and retail trade; repair of motor vehicles and motorcycles,E_AI_TPVSG,Generacion de imagen/audio,,
LV,2021,G,Wholesale and retail trade; repair of motor vehicles and motorcycles,E_AI_TPVSG,Generacion de imagen/audio,,
MT,2021,G,Wholesale and retail trade; repair of motor vehicles and motorcycles,E_AI_TPVSG,Generacion de imagen/audio,,
NL,2021,G,Wholesale and retail trade; repair of motor vehicles and motorcycles,E_AI_TPVSG,Generacion de imagen/audio,,
PL,2021,G,Wholesale and retail trade; repair of motor vehicles and motorcycles,E_AI_TPVSG,Generacion de imagen/audio,,
PT,2021,G,Wholesale and retail trade; repair of motor vehicles and motorcycles,E_AI_TPVSG,Generacion de imagen/audio,,
RO,2021,G,Wholesale and retail trade; repair of motor vehicles and motorcycles,E_AI_TPVSG,Generacion de imagen/audio,,
SE,2021,G,Wholesale and retail trade; repair of motor vehicles and motorcycles,E_AI_TPVSG,Generacion de imagen/audio,,
SI,2021,G,Wholesale and retail trade; repair of motor vehicles and motorcycles,E_AI_TPVSG,Generacion de imagen/audio,,
SK,2021,G,Wholesale and retail trade; repair of motor vehicles and motorcycles,E_AI_TPVSG,Generacion de imagen/audio,,
AT,2021,G,Wholesale and retail trade; repair of motor vehicles and motorcycles,E_AI_TSR,Reconocimiento de voz,1.72,
BE,2021,G,Wholesale and retail trade; repair of motor vehicles and motorcycles,E_AI_TSR,Reconocimiento de voz,2.18,
BG,2021,G,Wholesale and retail trade; repair of motor vehicles and motorcycles,E_AI_TSR,Reconocimiento de voz,,u
CY,2021,G,Wholesale and retail trade; repair of motor vehicles and motorcycles,E_AI_TSR,Reconocimiento de voz,0.0,
CZ,2021,G,Wholesale and retail trade; repair of motor vehicles and motorcycles,E_AI_TSR,Reconocimiento de voz,1.59,
DE,2021,G,Wholesale and retail trade; repair of motor vehicles and motorcycles,E_AI_TSR,Reconocimiento de voz,2.02,
DK,2021,G,Wholesale and retail trade; repair of motor vehicles and motorcycles,E_AI_TSR,Reconocimiento de voz,2.9,
EE,2021,G,Wholesale and retail trade; repair of motor vehicles and motorcycles,E_AI_TSR,Reconocimiento de voz,0.22,
EL,2021,G,Wholesale and retail trade; repair of motor vehicles and motorcycles,E_AI_TSR,Reconocimiento de voz,0.29,
ES,2021,G,Wholesale and retail trade; repair of motor vehicles and motorcycles,E_AI_TSR,Reconocimiento de voz,1.47,
EU27_2020,2021,G,Wholesale and retail trade; repair of motor vehicles and motorcycles,E_AI_TSR,Reconocimiento de voz,1.45,
FI,2021,G,Wholesale and retail trade; repair of motor vehicles and motorcycles,E_AI_TSR,Reconocimiento de voz,2.09,
FR,2021,G,Wholesale and retail trade; repair of motor vehicles and motorcycles,E_AI_TSR,Reconocimiento de voz,1.08,
HR,2021,G,Wholesale and retail trade; repair of motor vehicles and motorcycles,E_AI_TSR,Reconocimiento de voz,1.64,
HU,2021,G,Wholesale and retail trade; repair of motor vehicles and motorcycles,E_AI_TSR,Reconocimiento de voz,0.21,
IE,2021,G,Wholesale and retail trade; repair of motor vehicles and motorcycles,E_AI_TSR,Reconocimiento de voz,0.14,
IT,2021,G,Wholesale and retail trade; repair of motor vehicles and motorcycles,E_AI_TSR,Reconocimiento de voz,1.36,
LT,2021,G,Wholesale and retail trade; repair of motor vehicles and motorcycles,E_AI_TSR,Reconocimiento de voz,0.76,
LU,2021,G,Wholesale and retail trade; repair of motor vehicles and motorcycles,E_AI_TSR,Reconocimiento de voz,2.48,
LV,2021,G,Wholesale and retail trade; repair of motor vehicles and motorcycles,E_AI_TSR,Reconocimiento de voz,0.46,
MT,2021,G,Wholesale and retail trade; repair of motor vehicles and motorcycles,E_AI_TSR,Reconocimiento de voz,1.72,
NL,2021,G,Wholesale and retail trade; repair of motor vehicles and motorcycles,E_AI_TSR,Reconocimiento de voz,2.63,
PL,2021,G,Wholesale and retail trade; repair of motor vehicles and motorcycles,E_AI_TSR,Reconocimiento de voz,1.29,
PT,2021,G,Wholesale and retail trade; repair of motor vehicles and motorcycles,E_AI_TSR,Reconocimiento de voz,0.46,
RO,2021,G,Wholesale and retail trade; repair of motor vehicles and motorcycles,E_AI_TSR,Reconocimiento de voz,0.04,
SE,2021,G,Wholesale and retail trade; repair of motor vehicles and motorcycles,E_AI_TSR,Reconocimiento de voz,2.94,
SI,2021,G,Wholesale and retail trade; repair of motor vehicles and motorcycles,E_AI_TSR,Reconocimiento de voz,1.9,
SK,2021,G,Wholesale and retail trade; repair of motor vehicles and motorcycles,E_AI_TSR,Reconocimiento de voz,1.16,
AT,2021,G,Wholesale and retail trade; repair of motor vehicles and motorcycles,E_AI_TTM,Mineria de texto,3.37,
BE,2021,G,Wholesale and retail trade; repair of motor vehicles and motorcycles,E_AI_TTM,Mineria de texto,3.34,
BG,2021,G,Wholesale and retail trade; repair of motor vehicles and motorcycles,E_AI_TTM,Mineria de texto,0.47,
CY,2021,G,Wholesale and retail trade; repair of motor vehicles and motorcycles,E_AI_TTM,Mineria de texto,0.46,
CZ,2021,G,Wholesale and retail trade; repair of motor vehicles and motorcycles,E_AI_TTM,Mineria de texto,0.92,
DE,2021,G,Wholesale and retail trade; repair of motor vehicles and motorcycles,E_AI_TTM,Mineria de texto,1.84,
DK,2021,G,Wholesale and retail trade; repair of motor vehicles and motorcycles,E_AI_TTM,Mineria de texto,6.88,
EE,2021,G,Wholesale and retail trade; repair of motor vehicles and motorcycles,E_AI_TTM,Mineria de texto,0.79,
EL,2021,G,Wholesale and retail trade; repair of motor vehicles and motorcycles,E_AI_TTM,Mineria de texto,0.21,
ES,2021,G,Wholesale and retail trade; repair of motor vehicles and motorcycles,E_AI_TTM,Mineria de texto,1.31,
EU27_2020,2021,G,Wholesale and retail trade; repair of motor vehicles and motorcycles,E_AI_TTM,Mineria de texto,1.89,
FI,2021,G,Wholesale and retail trade; repair of motor vehicles and motorcycles,E_AI_TTM,Mineria de texto,4.39,
FR,2021,G,Wholesale and retail trade; repair of motor vehicles and motorcycles,E_AI_TTM,Mineria de texto,1.57,
HR,2021,G,Wholesale and retail trade; repair of motor vehicles and motorcycles,E_AI_TTM,Mineria de texto,4.15,
HU,2021,G,Wholesale and retail trade; repair of motor vehicles and motorcycles,E_AI_TTM,Mineria de texto,0.42,
IE,2021,G,Wholesale and retail trade; repair of motor vehicles and motorcycles,E_AI_TTM,Mineria de texto,2.42,
IT,2021,G,Wholesale and retail trade; repair of motor vehicles and motorcycles,E_AI_TTM,Mineria de texto,2.19,
LT,2021,G,Wholesale and retail trade; repair of motor vehicles and motorcycles,E_AI_TTM,Mineria de texto,0.67,
LU,2021,G,Wholesale and retail trade; repair of motor vehicles and motorcycles,E_AI_TTM,Mineria de texto,5.4,
LV,2021,G,Wholesale and retail trade; repair of motor vehicles and motorcycles,E_AI_TTM,Mineria de texto,0.88,
MT,2021,G,Wholesale and retail trade; repair of motor vehicles and motorcycles,E_AI_TTM,Mineria de texto,2.14,
NL,2021,G,Wholesale and retail trade; repair of motor vehicles and motorcycles,E_AI_TTM,Mineria de texto,3.96,
PL,2021,G,Wholesale and retail trade; repair of motor vehicles and motorcycles,E_AI_TTM,Mineria de texto,1.08,
PT,2021,G,Wholesale and retail trade; repair of motor vehicles and motorcycles,E_AI_TTM,Mineria de texto,3.49,
RO,2021,G,Wholesale and retail trade; repair of motor vehicles and motorcycles,E_AI_TTM,Mineria de texto,0.42,
SE,2021,G,Wholesale and retail trade; repair of motor vehicles and motorcycles,E_AI_TTM,Mineria de texto,3.04,
SI,2021,G,Wholesale and retail trade; repair of motor vehicles and motorcycles,E_AI_TTM,Mineria de texto,0.65,
SK,2021,G,Wholesale and retail trade; repair of motor vehicles and motorcycles,E_AI_TTM,Mineria de texto,0.96,
AT,2021,H,Transportation and storage,E_AI_TANY,Cualquier IA,6.98,
BE,2021,H,Transportation and storage,E_AI_TANY,Cualquier IA,5.69,
BG,2021,H,Transportation and storage,E_AI_TANY,Cualquier IA,1.92,
CY,2021,H,Transportation and storage,E_AI_TANY,Cualquier IA,7.14,
CZ,2021,H,Transportation and storage,E_AI_TANY,Cualquier IA,3.34,
DE,2021,H,Transportation and storage,E_AI_TANY,Cualquier IA,6.14,
DK,2021,H,Transportation and storage,E_AI_TANY,Cualquier IA,21.28,
EE,2021,H,Transportation and storage,E_AI_TANY,Cualquier IA,2.36,
EL,2021,H,Transportation and storage,E_AI_TANY,Cualquier IA,5.43,
ES,2021,H,Transportation and storage,E_AI_TANY,Cualquier IA,9.02,
EU27_2020,2021,H,Transportation and storage,E_AI_TANY,Cualquier IA,5.22,
FI,2021,H,Transportation and storage,E_AI_TANY,Cualquier IA,5.7,
FR,2021,H,Transportation and storage,E_AI_TANY,Cualquier IA,4.24,
HR,2021,H,Transportation and storage,E_AI_TANY,Cualquier IA,7.52,
HU,2021,H,Transportation and storage,E_AI_TANY,Cualquier IA,3.32,
IE,2021,H,Transportation and storage,E_AI_TANY,Cualquier IA,4.98,
IT,2021,H,Transportation and storage,E_AI_TANY,Cualquier IA,3.03,
LT,2021,H,Transportation and storage,E_AI_TANY,Cualquier IA,3.84,
LU,2021,H,Transportation and storage,E_AI_TANY,Cualquier IA,10.09,
LV,2021,H,Transportation and storage,E_AI_TANY,Cualquier IA,3.45,
MT,2021,H,Transportation and storage,E_AI_TANY,Cualquier IA,15.0,
NL,2021,H,Transportation and storage,E_AI_TANY,Cualquier IA,11.48,
PL,2021,H,Transportation and storage,E_AI_TANY,Cualquier IA,1.85,
PT,2021,H,Transportation and storage,E_AI_TANY,Cualquier IA,7.38,
RO,2021,H,Transportation and storage,E_AI_TANY,Cualquier IA,0.31,
SE,2021,H,Transportation and storage,E_AI_TANY,Cualquier IA,3.71,
SI,2021,H,Transportation and storage,E_AI_TANY,Cualquier IA,12.52,
SK,2021,H,Transportation and storage,E_AI_TANY,Cualquier IA,6.23,
AT,2021,H,Transportation and storage,E_AI_TAR,Robots autonomos,1.04,
BE,2021,H,Transportation and storage,E_AI_TAR,Robots autonomos,1.35,
BG,2021,H,Transportation and storage,E_AI_TAR,Robots autonomos,,u
CY,2021,H,Transportation and storage,E_AI_TAR,Robots autonomos,1.39,
CZ,2021,H,Transportation and storage,E_AI_TAR,Robots autonomos,0.18,
DE,2021,H,Transportation and storage,E_AI_TAR,Robots autonomos,0.56,
DK,2021,H,Transportation and storage,E_AI_TAR,Robots autonomos,4.63,
EE,2021,H,Transportation and storage,E_AI_TAR,Robots autonomos,0.0,
EL,2021,H,Transportation and storage,E_AI_TAR,Robots autonomos,2.15,
ES,2021,H,Transportation and storage,E_AI_TAR,Robots autonomos,0.93,
EU27_2020,2021,H,Transportation and storage,E_AI_TAR,Robots autonomos,0.65,
FI,2021,H,Transportation and storage,E_AI_TAR,Robots autonomos,1.74,
FR,2021,H,Transportation and storage,E_AI_TAR,Robots autonomos,0.13,
HR,2021,H,Transportation and storage,E_AI_TAR,Robots autonomos,0.0,
HU,2021,H,Transportation and storage,E_AI_TAR,Robots autonomos,0.08,
IE,2021,H,Transportation and storage,E_AI_TAR,Robots autonomos,1.05,
IT,2021,H,Transportation and storage,E_AI_TAR,Robots autonomos,0.49,
LT,2021,H,Transportation and storage,E_AI_TAR,Robots autonomos,1.14,
LU,2021,H,Transportation and storage,E_AI_TAR,Robots autonomos,1.18,
LV,2021,H,Transportation and storage,E_AI_TAR,Robots autonomos,1.45,
MT,2021,H,Transportation and storage,E_AI_TAR,Robots autonomos,4.55,
NL,2021,H,Transportation and storage,E_AI_TAR,Robots autonomos,1.5,
PL,2021,H,Transportation and storage,E_AI_TAR,Robots autonomos,0.11,
PT,2021,H,Transportation and storage,E_AI_TAR,Robots autonomos,0.32,
RO,2021,H,Transportation and storage,E_AI_TAR,Robots autonomos,0.08,
SE,2021,H,Transportation and storage,E_AI_TAR,Robots autonomos,1.85,
SI,2021,H,Transportation and storage,E_AI_TAR,Robots autonomos,0.46,
SK,2021,H,Transportation and storage,E_AI_TAR,Robots autonomos,0.8,
AT,2021,H,Transportation and storage,E_AI_TIR,Vision por computador,2.8,
BE,2021,H,Transportation and storage,E_AI_TIR,Vision por computador,1.74,
BG,2021,H,Transportation and storage,E_AI_TIR,Vision por computador,,u
CY,2021,H,Transportation and storage,E_AI_TIR,Vision por computador,3.74,
CZ,2021,H,Transportation and storage,E_AI_TIR,Vision por computador,0.62,
DE,2021,H,Transportation and storage,E_AI_TIR,Vision por computador,1.81,
DK,2021,H,Transportation and storage,E_AI_TIR,Vision por computador,3.56,
EE,2021,H,Transportation and storage,E_AI_TIR,Vision por computador,1.3,
EL,2021,H,Transportation and storage,E_AI_TIR,Vision por computador,0.06,
ES,2021,H,Transportation and storage,E_AI_TIR,Vision por computador,4.43,
EU27_2020,2021,H,Transportation and storage,E_AI_TIR,Vision por computador,1.85,
FI,2021,H,Transportation and storage,E_AI_TIR,Vision por computador,0.74,
FR,2021,H,Transportation and storage,E_AI_TIR,Vision por computador,1.95,
HR,2021,H,Transportation and storage,E_AI_TIR,Vision por computador,3.55,
HU,2021,H,Transportation and storage,E_AI_TIR,Vision por computador,0.9,
IE,2021,H,Transportation and storage,E_AI_TIR,Vision por computador,2.55,
IT,2021,H,Transportation and storage,E_AI_TIR,Vision por computador,1.03,
LT,2021,H,Transportation and storage,E_AI_TIR,Vision por computador,2.06,
LU,2021,H,Transportation and storage,E_AI_TIR,Vision por computador,0.74,
LV,2021,H,Transportation and storage,E_AI_TIR,Vision por computador,1.85,
MT,2021,H,Transportation and storage,E_AI_TIR,Vision por computador,5.63,
NL,2021,H,Transportation and storage,E_AI_TIR,Vision por computador,4.26,
PL,2021,H,Transportation and storage,E_AI_TIR,Vision por computador,0.47,
PT,2021,H,Transportation and storage,E_AI_TIR,Vision por computador,2.42,
RO,2021,H,Transportation and storage,E_AI_TIR,Vision por computador,0.13,
SE,2021,H,Transportation and storage,E_AI_TIR,Vision por computador,0.33,
SI,2021,H,Transportation and storage,E_AI_TIR,Vision por computador,9.07,
SK,2021,H,Transportation and storage,E_AI_TIR,Vision por computador,4.09,
AT,2021,H,Transportation and storage,E_AI_TML,Machine learning,2.77,
BE,2021,H,Transportation and storage,E_AI_TML,Machine learning,3.55,
BG,2021,H,Transportation and storage,E_AI_TML,Machine learning,0.0,
CY,2021,H,Transportation and storage,E_AI_TML,Machine learning,4.36,
CZ,2021,H,Transportation and storage,E_AI_TML,Machine learning,0.35,
DE,2021,H,Transportation and storage,E_AI_TML,Machine learning,0.92,
DK,2021,H,Transportation and storage,E_AI_TML,Machine learning,7.07,
EE,2021,H,Transportation and storage,E_AI_TML,Machine learning,0.35,
EL,2021,H,Transportation and storage,E_AI_TML,Machine learning,0.86,
ES,2021,H,Transportation and storage,E_AI_TML,Machine learning,1.49,
EU27_2020,2021,H,Transportation and storage,E_AI_TML,Machine learning,1.16,
FI,2021,H,Transportation and storage,E_AI_TML,Machine learning,2.49,
FR,2021,H,Transportation and storage,E_AI_TML,Machine learning,1.26,
HR,2021,H,Transportation and storage,E_AI_TML,Machine learning,2.5,
HU,2021,H,Transportation and storage,E_AI_TML,Machine learning,0.26,
IE,2021,H,Transportation and storage,E_AI_TML,Machine learning,2.57,
IT,2021,H,Transportation and storage,E_AI_TML,Machine learning,0.7,
LT,2021,H,Transportation and storage,E_AI_TML,Machine learning,0.16,
LU,2021,H,Transportation and storage,E_AI_TML,Machine learning,1.55,
LV,2021,H,Transportation and storage,E_AI_TML,Machine learning,2.18,
MT,2021,H,Transportation and storage,E_AI_TML,Machine learning,5.52,
NL,2021,H,Transportation and storage,E_AI_TML,Machine learning,2.99,
PL,2021,H,Transportation and storage,E_AI_TML,Machine learning,0.14,
PT,2021,H,Transportation and storage,E_AI_TML,Machine learning,2.41,
RO,2021,H,Transportation and storage,E_AI_TML,Machine learning,0.05,
SE,2021,H,Transportation and storage,E_AI_TML,Machine learning,0.9,
SI,2021,H,Transportation and storage,E_AI_TML,Machine learning,1.36,
SK,2021,H,Transportation and storage,E_AI_TML,Machine learning,0.98,
AT,2021,H,Transportation and storage,E_AI_TNLG,Generacion de lenguaje,1.04,
BE,2021,H,Transportation and storage,E_AI_TNLG,Generacion de lenguaje,0.98,
BG,2021,H,Transportation and storage,E_AI_TNLG,Generacion de lenguaje,,u
CY,2021,H,Transportation and storage,E_AI_TNLG,Generacion de lenguaje,2.81,
CZ,2021,H,Transportation and storage,E_AI_TNLG,Generacion de lenguaje,0.11,
DE,2021,H,Transportation and storage,E_AI_TNLG,Generacion de lenguaje,1.54,
DK,2021,H,Transportation and storage,E_AI_TNLG,Generacion de lenguaje,5.56,
EE,2021,H,Transportation and storage,E_AI_TNLG,Generacion de lenguaje,0.35,
EL,2021,H,Transportation and storage,E_AI_TNLG,Generacion de lenguaje,0.06,
ES,2021,H,Transportation and storage,E_AI_TNLG,Generacion de lenguaje,1.77,
EU27_2020,2021,H,Transportation and storage,E_AI_TNLG,Generacion de lenguaje,1.1,
FI,2021,H,Transportation and storage,E_AI_TNLG,Generacion de lenguaje,0.58,
FR,2021,H,Transportation and storage,E_AI_TNLG,Generacion de lenguaje,1.06,
HR,2021,H,Transportation and storage,E_AI_TNLG,Generacion de lenguaje,5.02,
HU,2021,H,Transportation and storage,E_AI_TNLG,Generacion de lenguaje,0.08,
IE,2021,H,Transportation and storage,E_AI_TNLG,Generacion de lenguaje,0.0,
IT,2021,H,Transportation and storage,E_AI_TNLG,Generacion de lenguaje,0.8,
LT,2021,H,Transportation and storage,E_AI_TNLG,Generacion de lenguaje,0.0,
LU,2021,H,Transportation and storage,E_AI_TNLG,Generacion de lenguaje,0.0,
LV,2021,H,Transportation and storage,E_AI_TNLG,Generacion de lenguaje,1.45,
MT,2021,H,Transportation and storage,E_AI_TNLG,Generacion de lenguaje,3.33,
NL,2021,H,Transportation and storage,E_AI_TNLG,Generacion de lenguaje,2.28,
PL,2021,H,Transportation and storage,E_AI_TNLG,Generacion de lenguaje,0.2,
PT,2021,H,Transportation and storage,E_AI_TNLG,Generacion de lenguaje,0.75,
RO,2021,H,Transportation and storage,E_AI_TNLG,Generacion de lenguaje,0.08,
SE,2021,H,Transportation and storage,E_AI_TNLG,Generacion de lenguaje,1.33,
SI,2021,H,Transportation and storage,E_AI_TNLG,Generacion de lenguaje,5.02,
SK,2021,H,Transportation and storage,E_AI_TNLG,Generacion de lenguaje,0.09,
AT,2021,H,Transportation and storage,E_AI_TPA,Automatizacion de procesos,1.38,
BE,2021,H,Transportation and storage,E_AI_TPA,Automatizacion de procesos,1.66,
BG,2021,H,Transportation and storage,E_AI_TPA,Automatizacion de procesos,1.56,
CY,2021,H,Transportation and storage,E_AI_TPA,Automatizacion de procesos,3.8,
CZ,2021,H,Transportation and storage,E_AI_TPA,Automatizacion de procesos,0.67,
DE,2021,H,Transportation and storage,E_AI_TPA,Automatizacion de procesos,2.11,
DK,2021,H,Transportation and storage,E_AI_TPA,Automatizacion de procesos,15.61,
EE,2021,H,Transportation and storage,E_AI_TPA,Automatizacion de procesos,0.53,
EL,2021,H,Transportation and storage,E_AI_TPA,Automatizacion de procesos,2.64,
ES,2021,H,Transportation and storage,E_AI_TPA,Automatizacion de procesos,2.08,
EU27_2020,2021,H,Transportation and storage,E_AI_TPA,Automatizacion de procesos,1.8,
FI,2021,H,Transportation and storage,E_AI_TPA,Automatizacion de procesos,4.01,
FR,2021,H,Transportation and storage,E_AI_TPA,Automatizacion de procesos,0.84,
HR,2021,H,Transportation and storage,E_AI_TPA,Automatizacion de procesos,1.25,
HU,2021,H,Transportation and storage,E_AI_TPA,Automatizacion de procesos,1.38,
IE,2021,H,Transportation and storage,E_AI_TPA,Automatizacion de procesos,0.63,
IT,2021,H,Transportation and storage,E_AI_TPA,Automatizacion de procesos,1.14,
LT,2021,H,Transportation and storage,E_AI_TPA,Automatizacion de procesos,1.9,
LU,2021,H,Transportation and storage,E_AI_TPA,Automatizacion de procesos,0.37,
LV,2021,H,Transportation and storage,E_AI_TPA,Automatizacion de procesos,2.52,
MT,2021,H,Transportation and storage,E_AI_TPA,Automatizacion de procesos,5.42,
NL,2021,H,Transportation and storage,E_AI_TPA,Automatizacion de procesos,4.73,
PL,2021,H,Transportation and storage,E_AI_TPA,Automatizacion de procesos,0.7,
PT,2021,H,Transportation and storage,E_AI_TPA,Automatizacion de procesos,4.54,
RO,2021,H,Transportation and storage,E_AI_TPA,Automatizacion de procesos,0.18,
SE,2021,H,Transportation and storage,E_AI_TPA,Automatizacion de procesos,1.98,
SI,2021,H,Transportation and storage,E_AI_TPA,Automatizacion de procesos,0.0,
SK,2021,H,Transportation and storage,E_AI_TPA,Automatizacion de procesos,1.79,
AT,2021,H,Transportation and storage,E_AI_TPVSG,Generacion de imagen/audio,,
BE,2021,H,Transportation and storage,E_AI_TPVSG,Generacion de imagen/audio,,
BG,2021,H,Transportation and storage,E_AI_TPVSG,Generacion de imagen/audio,,
CY,2021,H,Transportation and storage,E_AI_TPVSG,Generacion de imagen/audio,,
CZ,2021,H,Transportation and storage,E_AI_TPVSG,Generacion de imagen/audio,,
DE,2021,H,Transportation and storage,E_AI_TPVSG,Generacion de imagen/audio,,
DK,2021,H,Transportation and storage,E_AI_TPVSG,Generacion de imagen/audio,,
EE,2021,H,Transportation and storage,E_AI_TPVSG,Generacion de imagen/audio,,
EL,2021,H,Transportation and storage,E_AI_TPVSG,Generacion de imagen/audio,,
ES,2021,H,Transportation and storage,E_AI_TPVSG,Generacion de imagen/audio,,
EU27_2020,2021,H,Transportation and storage,E_AI_TPVSG,Generacion de imagen/audio,,
FI,2021,H,Transportation and storage,E_AI_TPVSG,Generacion de imagen/audio,,
FR,2021,H,Transportation and storage,E_AI_TPVSG,Generacion de imagen/audio,,
HR,2021,H,Transportation and storage,E_AI_TPVSG,Generacion de imagen/audio,,
HU,2021,H,Transportation and storage,E_AI_TPVSG,Generacion de imagen/audio,,
IE,2021,H,Transportation and storage,E_AI_TPVSG,Generacion de imagen/audio,,
IT,2021,H,Transportation and storage,E_AI_TPVSG,Generacion de imagen/audio,,
LT,2021,H,Transportation and storage,E_AI_TPVSG,Generacion de imagen/audio,,
LU,2021,H,Transportation and storage,E_AI_TPVSG,Generacion de imagen/audio,,
LV,2021,H,Transportation and storage,E_AI_TPVSG,Generacion de imagen/audio,,
MT,2021,H,Transportation and storage,E_AI_TPVSG,Generacion de imagen/audio,,
NL,2021,H,Transportation and storage,E_AI_TPVSG,Generacion de imagen/audio,,
PL,2021,H,Transportation and storage,E_AI_TPVSG,Generacion de imagen/audio,,
PT,2021,H,Transportation and storage,E_AI_TPVSG,Generacion de imagen/audio,,
RO,2021,H,Transportation and storage,E_AI_TPVSG,Generacion de imagen/audio,,
SE,2021,H,Transportation and storage,E_AI_TPVSG,Generacion de imagen/audio,,
SI,2021,H,Transportation and storage,E_AI_TPVSG,Generacion de imagen/audio,,
SK,2021,H,Transportation and storage,E_AI_TPVSG,Generacion de imagen/audio,,
AT,2021,H,Transportation and storage,E_AI_TSR,Reconocimiento de voz,1.56,
BE,2021,H,Transportation and storage,E_AI_TSR,Reconocimiento de voz,1.35,
BG,2021,H,Transportation and storage,E_AI_TSR,Reconocimiento de voz,,u
CY,2021,H,Transportation and storage,E_AI_TSR,Reconocimiento de voz,3.74,
CZ,2021,H,Transportation and storage,E_AI_TSR,Reconocimiento de voz,1.41,
DE,2021,H,Transportation and storage,E_AI_TSR,Reconocimiento de voz,2.24,
DK,2021,H,Transportation and storage,E_AI_TSR,Reconocimiento de voz,5.63,
EE,2021,H,Transportation and storage,E_AI_TSR,Reconocimiento de voz,0.18,
EL,2021,H,Transportation and storage,E_AI_TSR,Reconocimiento de voz,0.06,
ES,2021,H,Transportation and storage,E_AI_TSR,Reconocimiento de voz,3.0,
EU27_2020,2021,H,Transportation and storage,E_AI_TSR,Reconocimiento de voz,1.47,
FI,2021,H,Transportation and storage,E_AI_TSR,Reconocimiento de voz,0.67,
FR,2021,H,Transportation and storage,E_AI_TSR,Reconocimiento de voz,0.89,
HR,2021,H,Transportation and storage,E_AI_TSR,Reconocimiento de voz,2.3,
HU,2021,H,Transportation and storage,E_AI_TSR,Reconocimiento de voz,0.8,
IE,2021,H,Transportation and storage,E_AI_TSR,Reconocimiento de voz,1.05,
IT,2021,H,Transportation and storage,E_AI_TSR,Reconocimiento de voz,1.12,
LT,2021,H,Transportation and storage,E_AI_TSR,Reconocimiento de voz,0.11,
LU,2021,H,Transportation and storage,E_AI_TSR,Reconocimiento de voz,3.07,
LV,2021,H,Transportation and storage,E_AI_TSR,Reconocimiento de voz,1.55,
MT,2021,H,Transportation and storage,E_AI_TSR,Reconocimiento de voz,2.42,
NL,2021,H,Transportation and storage,E_AI_TSR,Reconocimiento de voz,1.94,
PL,2021,H,Transportation and storage,E_AI_TSR,Reconocimiento de voz,0.55,
PT,2021,H,Transportation and storage,E_AI_TSR,Reconocimiento de voz,0.8,
RO,2021,H,Transportation and storage,E_AI_TSR,Reconocimiento de voz,0.08,
SE,2021,H,Transportation and storage,E_AI_TSR,Reconocimiento de voz,0.29,
SI,2021,H,Transportation and storage,E_AI_TSR,Reconocimiento de voz,2.36,
SK,2021,H,Transportation and storage,E_AI_TSR,Reconocimiento de voz,0.09,
AT,2021,H,Transportation and storage,E_AI_TTM,Mineria de texto,4.98,
BE,2021,H,Transportation and storage,E_AI_TTM,Mineria de texto,1.59,
BG,2021,H,Transportation and storage,E_AI_TTM,Mineria de texto,,u
CY,2021,H,Transportation and storage,E_AI_TTM,Mineria de texto,2.35,
CZ,2021,H,Transportation and storage,E_AI_TTM,Mineria de texto,1.59,
DE,2021,H,Transportation and storage,E_AI_TTM,Mineria de texto,1.37,
DK,2021,H,Transportation and storage,E_AI_TTM,Mineria de texto,7.39,
EE,2021,H,Transportation and storage,E_AI_TTM,Mineria de texto,0.53,
EL,2021,H,Transportation and storage,E_AI_TTM,Mineria de texto,0.0,
ES,2021,H,Transportation and storage,E_AI_TTM,Mineria de texto,2.17,
EU27_2020,2021,H,Transportation and storage,E_AI_TTM,Mineria de texto,1.53,
FI,2021,H,Transportation and storage,E_AI_TTM,Mineria de texto,1.89,
FR,2021,H,Transportation and storage,E_AI_TTM,Mineria de texto,1.04,
HR,2021,H,Transportation and storage,E_AI_TTM,Mineria de texto,2.92,
HU,2021,H,Transportation and storage,E_AI_TTM,Mineria de texto,1.08,
IE,2021,H,Transportation and storage,E_AI_TTM,Mineria de texto,1.15,
IT,2021,H,Transportation and storage,E_AI_TTM,Mineria de texto,1.47,
LT,2021,H,Transportation and storage,E_AI_TTM,Mineria de texto,0.65,
LU,2021,H,Transportation and storage,E_AI_TTM,Mineria de texto,5.65,
LV,2021,H,Transportation and storage,E_AI_TTM,Mineria de texto,1.45,
MT,2021,H,Transportation and storage,E_AI_TTM,Mineria de texto,3.23,
NL,2021,H,Transportation and storage,E_AI_TTM,Mineria de texto,3.72,
PL,2021,H,Transportation and storage,E_AI_TTM,Mineria de texto,0.27,
PT,2021,H,Transportation and storage,E_AI_TTM,Mineria de texto,1.78,
RO,2021,H,Transportation and storage,E_AI_TTM,Mineria de texto,0.18,
SE,2021,H,Transportation and storage,E_AI_TTM,Mineria de texto,2.69,
SI,2021,H,Transportation and storage,E_AI_TTM,Mineria de texto,,@C
SK,2021,H,Transportation and storage,E_AI_TTM,Mineria de texto,3.13,
AT,2021,I,Accommodation and food service activities,E_AI_TANY,Cualquier IA,3.31,
BE,2021,I,Accommodation and food service activities,E_AI_TANY,Cualquier IA,1.43,
BG,2021,I,Accommodation and food service activities,E_AI_TANY,Cualquier IA,,u
CY,2021,I,Accommodation and food service activities,E_AI_TANY,Cualquier IA,0.45,
CZ,2021,I,Accommodation and food service activities,E_AI_TANY,Cualquier IA,0.93,
DE,2021,I,Accommodation and food service activities,E_AI_TANY,Cualquier IA,3.88,
DK,2021,I,Accommodation and food service activities,E_AI_TANY,Cualquier IA,12.21,
EE,2021,I,Accommodation and food service activities,E_AI_TANY,Cualquier IA,0.19,
EL,2021,I,Accommodation and food service activities,E_AI_TANY,Cualquier IA,0.12,
ES,2021,I,Accommodation and food service activities,E_AI_TANY,Cualquier IA,3.57,
EU27_2020,2021,I,Accommodation and food service activities,E_AI_TANY,Cualquier IA,3.27,
FI,2021,I,Accommodation and food service activities,E_AI_TANY,Cualquier IA,4.92,
FR,2021,I,Accommodation and food service activities,E_AI_TANY,Cualquier IA,2.47,
HR,2021,I,Accommodation and food service activities,E_AI_TANY,Cualquier IA,7.38,
HU,2021,I,Accommodation and food service activities,E_AI_TANY,Cualquier IA,0.66,
IE,2021,I,Accommodation and food service activities,E_AI_TANY,Cualquier IA,4.27,
IT,2021,I,Accommodation and food service activities,E_AI_TANY,Cualquier IA,4.82,
LT,2021,I,Accommodation and food service activities,E_AI_TANY,Cualquier IA,3.8,
LU,2021,I,Accommodation and food service activities,E_AI_TANY,Cualquier IA,2.35,
LV,2021,I,Accommodation and food service activities,E_AI_TANY,Cualquier IA,0.28,
MT,2021,I,Accommodation and food service activities,E_AI_TANY,Cualquier IA,7.88,
NL,2021,I,Accommodation and food service activities,E_AI_TANY,Cualquier IA,4.96,
PL,2021,I,Accommodation and food service activities,E_AI_TANY,Cualquier IA,0.99,
PT,2021,I,Accommodation and food service activities,E_AI_TANY,Cualquier IA,4.4,
RO,2021,I,Accommodation and food service activities,E_AI_TANY,Cualquier IA,0.27,
SE,2021,I,Accommodation and food service activities,E_AI_TANY,Cualquier IA,4.2,
SI,2021,I,Accommodation and food service activities,E_AI_TANY,Cualquier IA,5.08,
SK,2021,I,Accommodation and food service activities,E_AI_TANY,Cualquier IA,1.25,
AT,2021,I,Accommodation and food service activities,E_AI_TAR,Robots autonomos,0.85,
BE,2021,I,Accommodation and food service activities,E_AI_TAR,Robots autonomos,0.0,
BG,2021,I,Accommodation and food service activities,E_AI_TAR,Robots autonomos,0.0,
CY,2021,I,Accommodation and food service activities,E_AI_TAR,Robots autonomos,0.0,
CZ,2021,I,Accommodation and food service activities,E_AI_TAR,Robots autonomos,0.0,
DE,2021,I,Accommodation and food service activities,E_AI_TAR,Robots autonomos,0.15,
DK,2021,I,Accommodation and food service activities,E_AI_TAR,Robots autonomos,1.73,
EE,2021,I,Accommodation and food service activities,E_AI_TAR,Robots autonomos,0.0,
EL,2021,I,Accommodation and food service activities,E_AI_TAR,Robots autonomos,0.04,
ES,2021,I,Accommodation and food service activities,E_AI_TAR,Robots autonomos,0.05,
EU27_2020,2021,I,Accommodation and food service activities,E_AI_TAR,Robots autonomos,0.23,
FI,2021,I,Accommodation and food service activities,E_AI_TAR,Robots autonomos,,u
FR,2021,I,Accommodation and food service activities,E_AI_TAR,Robots autonomos,0.43,
HR,2021,I,Accommodation and food service activities,E_AI_TAR,Robots autonomos,0.0,
HU,2021,I,Accommodation and food service activities,E_AI_TAR,Robots autonomos,0.0,
IE,2021,I,Accommodation and food service activities,E_AI_TAR,Robots autonomos,0.0,
IT,2021,I,Accommodation and food service activities,E_AI_TAR,Robots autonomos,0.31,
LT,2021,I,Accommodation and food service activities,E_AI_TAR,Robots autonomos,2.73,
LU,2021,I,Accommodation and food service activities,E_AI_TAR,Robots autonomos,0.65,
LV,2021,I,Accommodation and food service activities,E_AI_TAR,Robots autonomos,0.0,
MT,2021,I,Accommodation and food service activities,E_AI_TAR,Robots autonomos,2.11,
NL,2021,I,Accommodation and food service activities,E_AI_TAR,Robots autonomos,0.56,
PL,2021,I,Accommodation and food service activities,E_AI_TAR,Robots autonomos,0.06,
PT,2021,I,Accommodation and food service activities,E_AI_TAR,Robots autonomos,0.0,
RO,2021,I,Accommodation and food service activities,E_AI_TAR,Robots autonomos,0.0,
SE,2021,I,Accommodation and food service activities,E_AI_TAR,Robots autonomos,0.05,
SI,2021,I,Accommodation and food service activities,E_AI_TAR,Robots autonomos,0.0,
SK,2021,I,Accommodation and food service activities,E_AI_TAR,Robots autonomos,0.0,
AT,2021,I,Accommodation and food service activities,E_AI_TIR,Vision por computador,0.85,
BE,2021,I,Accommodation and food service activities,E_AI_TIR,Vision por computador,0.09,
BG,2021,I,Accommodation and food service activities,E_AI_TIR,Vision por computador,0.0,
CY,2021,I,Accommodation and food service activities,E_AI_TIR,Vision por computador,0.0,
CZ,2021,I,Accommodation and food service activities,E_AI_TIR,Vision por computador,0.57,
DE,2021,I,Accommodation and food service activities,E_AI_TIR,Vision por computador,0.73,
DK,2021,I,Accommodation and food service activities,E_AI_TIR,Vision por computador,2.82,
EE,2021,I,Accommodation and food service activities,E_AI_TIR,Vision por computador,0.0,
EL,2021,I,Accommodation and food service activities,E_AI_TIR,Vision por computador,0.03,
ES,2021,I,Accommodation and food service activities,E_AI_TIR,Vision por computador,1.92,
EU27_2020,2021,I,Accommodation and food service activities,E_AI_TIR,Vision por computador,1.16,
FI,2021,I,Accommodation and food service activities,E_AI_TIR,Vision por computador,,u
FR,2021,I,Accommodation and food service activities,E_AI_TIR,Vision por computador,0.62,
HR,2021,I,Accommodation and food service activities,E_AI_TIR,Vision por computador,2.88,
HU,2021,I,Accommodation and food service activities,E_AI_TIR,Vision por computador,0.0,
IE,2021,I,Accommodation and food service activities,E_AI_TIR,Vision por computador,0.62,
IT,2021,I,Accommodation and food service activities,E_AI_TIR,Vision por computador,3.19,
LT,2021,I,Accommodation and food service activities,E_AI_TIR,Vision por computador,1.07,
LU,2021,I,Accommodation and food service activities,E_AI_TIR,Vision por computador,0.84,
LV,2021,I,Accommodation and food service activities,E_AI_TIR,Vision por computador,0.14,
MT,2021,I,Accommodation and food service activities,E_AI_TIR,Vision por computador,6.0,
NL,2021,I,Accommodation and food service activities,E_AI_TIR,Vision por computador,0.85,
PL,2021,I,Accommodation and food service activities,E_AI_TIR,Vision por computador,0.03,
PT,2021,I,Accommodation and food service activities,E_AI_TIR,Vision por computador,0.75,
RO,2021,I,Accommodation and food service activities,E_AI_TIR,Vision por computador,0.0,
SE,2021,I,Accommodation and food service activities,E_AI_TIR,Vision por computador,0.57,
SI,2021,I,Accommodation and food service activities,E_AI_TIR,Vision por computador,3.67,
SK,2021,I,Accommodation and food service activities,E_AI_TIR,Vision por computador,0.0,
AT,2021,I,Accommodation and food service activities,E_AI_TML,Machine learning,0.31,
BE,2021,I,Accommodation and food service activities,E_AI_TML,Machine learning,0.28,
BG,2021,I,Accommodation and food service activities,E_AI_TML,Machine learning,,u
CY,2021,I,Accommodation and food service activities,E_AI_TML,Machine learning,0.45,
CZ,2021,I,Accommodation and food service activities,E_AI_TML,Machine learning,0.12,
DE,2021,I,Accommodation and food service activities,E_AI_TML,Machine learning,0.4,
DK,2021,I,Accommodation and food service activities,E_AI_TML,Machine learning,3.47,
EE,2021,I,Accommodation and food service activities,E_AI_TML,Machine learning,0.19,
EL,2021,I,Accommodation and food service activities,E_AI_TML,Machine learning,0.07,
ES,2021,I,Accommodation and food service activities,E_AI_TML,Machine learning,0.43,
EU27_2020,2021,I,Accommodation and food service activities,E_AI_TML,Machine learning,0.55,
FI,2021,I,Accommodation and food service activities,E_AI_TML,Machine learning,,u
FR,2021,I,Accommodation and food service activities,E_AI_TML,Machine learning,0.54,
HR,2021,I,Accommodation and food service activities,E_AI_TML,Machine learning,1.03,
HU,2021,I,Accommodation and food service activities,E_AI_TML,Machine learning,0.04,
IE,2021,I,Accommodation and food service activities,E_AI_TML,Machine learning,2.51,
IT,2021,I,Accommodation and food service activities,E_AI_TML,Machine learning,0.7,
LT,2021,I,Accommodation and food service activities,E_AI_TML,Machine learning,1.07,
LU,2021,I,Accommodation and food service activities,E_AI_TML,Machine learning,0.22,
LV,2021,I,Accommodation and food service activities,E_AI_TML,Machine learning,0.14,
MT,2021,I,Accommodation and food service activities,E_AI_TML,Machine learning,2.16,
NL,2021,I,Accommodation and food service activities,E_AI_TML,Machine learning,1.6,
PL,2021,I,Accommodation and food service activities,E_AI_TML,Machine learning,0.41,
PT,2021,I,Accommodation and food service activities,E_AI_TML,Machine learning,0.32,
RO,2021,I,Accommodation and food service activities,E_AI_TML,Machine learning,0.0,
SE,2021,I,Accommodation and food service activities,E_AI_TML,Machine learning,0.93,
SI,2021,I,Accommodation and food service activities,E_AI_TML,Machine learning,,@C
SK,2021,I,Accommodation and food service activities,E_AI_TML,Machine learning,0.0,
AT,2021,I,Accommodation and food service activities,E_AI_TNLG,Generacion de lenguaje,0.54,
BE,2021,I,Accommodation and food service activities,E_AI_TNLG,Generacion de lenguaje,0.29,
BG,2021,I,Accommodation and food service activities,E_AI_TNLG,Generacion de lenguaje,0.0,
CY,2021,I,Accommodation and food service activities,E_AI_TNLG,Generacion de lenguaje,0.0,
CZ,2021,I,Accommodation and food service activities,E_AI_TNLG,Generacion de lenguaje,0.53,
DE,2021,I,Accommodation and food service activities,E_AI_TNLG,Generacion de lenguaje,1.43,
DK,2021,I,Accommodation and food service activities,E_AI_TNLG,Generacion de lenguaje,5.15,
EE,2021,I,Accommodation and food service activities,E_AI_TNLG,Generacion de lenguaje,0.0,
EL,2021,I,Accommodation and food service activities,E_AI_TNLG,Generacion de lenguaje,0.0,
ES,2021,I,Accommodation and food service activities,E_AI_TNLG,Generacion de lenguaje,0.42,
EU27_2020,2021,I,Accommodation and food service activities,E_AI_TNLG,Generacion de lenguaje,0.73,
FI,2021,I,Accommodation and food service activities,E_AI_TNLG,Generacion de lenguaje,2.04,
FR,2021,I,Accommodation and food service activities,E_AI_TNLG,Generacion de lenguaje,0.86,
HR,2021,I,Accommodation and food service activities,E_AI_TNLG,Generacion de lenguaje,1.26,
HU,2021,I,Accommodation and food service activities,E_AI_TNLG,Generacion de lenguaje,0.3,
IE,2021,I,Accommodation and food service activities,E_AI_TNLG,Generacion de lenguaje,0.08,
IT,2021,I,Accommodation and food service activities,E_AI_TNLG,Generacion de lenguaje,0.68,
LT,2021,I,Accommodation and food service activities,E_AI_TNLG,Generacion de lenguaje,1.17,
LU,2021,I,Accommodation and food service activities,E_AI_TNLG,Generacion de lenguaje,0.63,
LV,2021,I,Accommodation and food service activities,E_AI_TNLG,Generacion de lenguaje,0.0,
MT,2021,I,Accommodation and food service activities,E_AI_TNLG,Generacion de lenguaje,2.87,
NL,2021,I,Accommodation and food service activities,E_AI_TNLG,Generacion de lenguaje,0.16,
PL,2021,I,Accommodation and food service activities,E_AI_TNLG,Generacion de lenguaje,0.03,
PT,2021,I,Accommodation and food service activities,E_AI_TNLG,Generacion de lenguaje,0.03,
RO,2021,I,Accommodation and food service activities,E_AI_TNLG,Generacion de lenguaje,0.0,
SE,2021,I,Accommodation and food service activities,E_AI_TNLG,Generacion de lenguaje,0.77,
SI,2021,I,Accommodation and food service activities,E_AI_TNLG,Generacion de lenguaje,1.4,
SK,2021,I,Accommodation and food service activities,E_AI_TNLG,Generacion de lenguaje,0.83,
AT,2021,I,Accommodation and food service activities,E_AI_TPA,Automatizacion de procesos,0.03,
BE,2021,I,Accommodation and food service activities,E_AI_TPA,Automatizacion de procesos,0.28,
BG,2021,I,Accommodation and food service activities,E_AI_TPA,Automatizacion de procesos,0.0,
CY,2021,I,Accommodation and food service activities,E_AI_TPA,Automatizacion de procesos,0.2,
CZ,2021,I,Accommodation and food service activities,E_AI_TPA,Automatizacion de procesos,0.13,
DE,2021,I,Accommodation and food service activities,E_AI_TPA,Automatizacion de procesos,0.99,
DK,2021,I,Accommodation and food service activities,E_AI_TPA,Automatizacion de procesos,6.29,
EE,2021,I,Accommodation and food service activities,E_AI_TPA,Automatizacion de procesos,0.0,
EL,2021,I,Accommodation and food service activities,E_AI_TPA,Automatizacion de procesos,0.04,
ES,2021,I,Accommodation and food service activities,E_AI_TPA,Automatizacion de procesos,1.17,
EU27_2020,2021,I,Accommodation and food service activities,E_AI_TPA,Automatizacion de procesos,0.77,
FI,2021,I,Accommodation and food service activities,E_AI_TPA,Automatizacion de procesos,0.9,
FR,2021,I,Accommodation and food service activities,E_AI_TPA,Automatizacion de procesos,0.57,
HR,2021,I,Accommodation and food service activities,E_AI_TPA,Automatizacion de procesos,0.44,
HU,2021,I,Accommodation and food service activities,E_AI_TPA,Automatizacion de procesos,0.0,
IE,2021,I,Accommodation and food service activities,E_AI_TPA,Automatizacion de procesos,0.0,
IT,2021,I,Accommodation and food service activities,E_AI_TPA,Automatizacion de procesos,0.64,
LT,2021,I,Accommodation and food service activities,E_AI_TPA,Automatizacion de procesos,1.75,
LU,2021,I,Accommodation and food service activities,E_AI_TPA,Automatizacion de procesos,0.21,
LV,2021,I,Accommodation and food service activities,E_AI_TPA,Automatizacion de procesos,0.0,
MT,2021,I,Accommodation and food service activities,E_AI_TPA,Automatizacion de procesos,2.87,
NL,2021,I,Accommodation and food service activities,E_AI_TPA,Automatizacion de procesos,2.28,
PL,2021,I,Accommodation and food service activities,E_AI_TPA,Automatizacion de procesos,0.38,
PT,2021,I,Accommodation and food service activities,E_AI_TPA,Automatizacion de procesos,2.47,
RO,2021,I,Accommodation and food service activities,E_AI_TPA,Automatizacion de procesos,0.0,
SE,2021,I,Accommodation and food service activities,E_AI_TPA,Automatizacion de procesos,1.16,
SI,2021,I,Accommodation and food service activities,E_AI_TPA,Automatizacion de procesos,0.0,
SK,2021,I,Accommodation and food service activities,E_AI_TPA,Automatizacion de procesos,0.0,
AT,2021,I,Accommodation and food service activities,E_AI_TPVSG,Generacion de imagen/audio,,
BE,2021,I,Accommodation and food service activities,E_AI_TPVSG,Generacion de imagen/audio,,
BG,2021,I,Accommodation and food service activities,E_AI_TPVSG,Generacion de imagen/audio,,
CY,2021,I,Accommodation and food service activities,E_AI_TPVSG,Generacion de imagen/audio,,
CZ,2021,I,Accommodation and food service activities,E_AI_TPVSG,Generacion de imagen/audio,,
DE,2021,I,Accommodation and food service activities,E_AI_TPVSG,Generacion de imagen/audio,,
DK,2021,I,Accommodation and food service activities,E_AI_TPVSG,Generacion de imagen/audio,,
EE,2021,I,Accommodation and food service activities,E_AI_TPVSG,Generacion de imagen/audio,,
EL,2021,I,Accommodation and food service activities,E_AI_TPVSG,Generacion de imagen/audio,,
ES,2021,I,Accommodation and food service activities,E_AI_TPVSG,Generacion de imagen/audio,,
EU27_2020,2021,I,Accommodation and food service activities,E_AI_TPVSG,Generacion de imagen/audio,,
FI,2021,I,Accommodation and food service activities,E_AI_TPVSG,Generacion de imagen/audio,,
FR,2021,I,Accommodation and food service activities,E_AI_TPVSG,Generacion de imagen/audio,,
HR,2021,I,Accommodation and food service activities,E_AI_TPVSG,Generacion de imagen/audio,,
HU,2021,I,Accommodation and food service activities,E_AI_TPVSG,Generacion de imagen/audio,,
IE,2021,I,Accommodation and food service activities,E_AI_TPVSG,Generacion de imagen/audio,,
IT,2021,I,Accommodation and food service activities,E_AI_TPVSG,Generacion de imagen/audio,,
LT,2021,I,Accommodation and food service activities,E_AI_TPVSG,Generacion de imagen/audio,,
LU,2021,I,Accommodation and food service activities,E_AI_TPVSG,Generacion de imagen/audio,,
LV,2021,I,Accommodation and food service activities,E_AI_TPVSG,Generacion de imagen/audio,,
MT,2021,I,Accommodation and food service activities,E_AI_TPVSG,Generacion de imagen/audio,,
NL,2021,I,Accommodation and food service activities,E_AI_TPVSG,Generacion de imagen/audio,,
PL,2021,I,Accommodation and food service activities,E_AI_TPVSG,Generacion de imagen/audio,,
PT,2021,I,Accommodation and food service activities,E_AI_TPVSG,Generacion de imagen/audio,,
RO,2021,I,Accommodation and food service activities,E_AI_TPVSG,Generacion de imagen/audio,,
SE,2021,I,Accommodation and food service activities,E_AI_TPVSG,Generacion de imagen/audio,,
SI,2021,I,Accommodation and food service activities,E_AI_TPVSG,Generacion de imagen/audio,,
SK,2021,I,Accommodation and food service activities,E_AI_TPVSG,Generacion de imagen/audio,,
AT,2021,I,Accommodation and food service activities,E_AI_TSR,Reconocimiento de voz,1.3,
BE,2021,I,Accommodation and food service activities,E_AI_TSR,Reconocimiento de voz,0.29,
BG,2021,I,Accommodation and food service activities,E_AI_TSR,Reconocimiento de voz,0.0,
CY,2021,I,Accommodation and food service activities,E_AI_TSR,Reconocimiento de voz,0.0,
CZ,2021,I,Accommodation and food service activities,E_AI_TSR,Reconocimiento de voz,0.48,
DE,2021,I,Accommodation and food service activities,E_AI_TSR,Reconocimiento de voz,2.43,
DK,2021,I,Accommodation and food service activities,E_AI_TSR,Reconocimiento de voz,1.44,
EE,2021,I,Accommodation and food service activities,E_AI_TSR,Reconocimiento de voz,0.0,
EL,2021,I,Accommodation and food service activities,E_AI_TSR,Reconocimiento de voz,0.0,
ES,2021,I,Accommodation and food service activities,E_AI_TSR,Reconocimiento de voz,0.3,
EU27_2020,2021,I,Accommodation and food service activities,E_AI_TSR,Reconocimiento de voz,0.87,
FI,2021,I,Accommodation and food service activities,E_AI_TSR,Reconocimiento de voz,2.04,
FR,2021,I,Accommodation and food service activities,E_AI_TSR,Reconocimiento de voz,0.31,
HR,2021,I,Accommodation and food service activities,E_AI_TSR,Reconocimiento de voz,1.27,
HU,2021,I,Accommodation and food service activities,E_AI_TSR,Reconocimiento de voz,0.33,
IE,2021,I,Accommodation and food service activities,E_AI_TSR,Reconocimiento de voz,0.08,
IT,2021,I,Accommodation and food service activities,E_AI_TSR,Reconocimiento de voz,0.48,
LT,2021,I,Accommodation and food service activities,E_AI_TSR,Reconocimiento de voz,1.36,
LU,2021,I,Accommodation and food service activities,E_AI_TSR,Reconocimiento de voz,0.63,
LV,2021,I,Accommodation and food service activities,E_AI_TSR,Reconocimiento de voz,0.0,
MT,2021,I,Accommodation and food service activities,E_AI_TSR,Reconocimiento de voz,2.14,
NL,2021,I,Accommodation and food service activities,E_AI_TSR,Reconocimiento de voz,0.18,
PL,2021,I,Accommodation and food service activities,E_AI_TSR,Reconocimiento de voz,0.24,
PT,2021,I,Accommodation and food service activities,E_AI_TSR,Reconocimiento de voz,0.99,
RO,2021,I,Accommodation and food service activities,E_AI_TSR,Reconocimiento de voz,0.0,
SE,2021,I,Accommodation and food service activities,E_AI_TSR,Reconocimiento de voz,1.43,
SI,2021,I,Accommodation and food service activities,E_AI_TSR,Reconocimiento de voz,,@C
SK,2021,I,Accommodation and food service activities,E_AI_TSR,Reconocimiento de voz,0.42,
AT,2021,I,Accommodation and food service activities,E_AI_TTM,Mineria de texto,1.52,
BE,2021,I,Accommodation and food service activities,E_AI_TTM,Mineria de texto,1.05,
BG,2021,I,Accommodation and food service activities,E_AI_TTM,Mineria de texto,,u
CY,2021,I,Accommodation and food service activities,E_AI_TTM,Mineria de texto,0.0,
CZ,2021,I,Accommodation and food service activities,E_AI_TTM,Mineria de texto,0.66,
DE,2021,I,Accommodation and food service activities,E_AI_TTM,Mineria de texto,0.76,
DK,2021,I,Accommodation and food service activities,E_AI_TTM,Mineria de texto,2.32,
EE,2021,I,Accommodation and food service activities,E_AI_TTM,Mineria de texto,0.0,
EL,2021,I,Accommodation and food service activities,E_AI_TTM,Mineria de texto,0.02,
ES,2021,I,Accommodation and food service activities,E_AI_TTM,Mineria de texto,1.1,
EU27_2020,2021,I,Accommodation and food service activities,E_AI_TTM,Mineria de texto,1.12,
FI,2021,I,Accommodation and food service activities,E_AI_TTM,Mineria de texto,1.45,
FR,2021,I,Accommodation and food service activities,E_AI_TTM,Mineria de texto,0.69,
HR,2021,I,Accommodation and food service activities,E_AI_TTM,Mineria de texto,4.4,
HU,2021,I,Accommodation and food service activities,E_AI_TTM,Mineria de texto,0.33,
IE,2021,I,Accommodation and food service activities,E_AI_TTM,Mineria de texto,1.21,
IT,2021,I,Accommodation and food service activities,E_AI_TTM,Mineria de texto,2.56,
LT,2021,I,Accommodation and food service activities,E_AI_TTM,Mineria de texto,3.02,
LU,2021,I,Accommodation and food service activities,E_AI_TTM,Mineria de texto,1.91,
LV,2021,I,Accommodation and food service activities,E_AI_TTM,Mineria de texto,0.0,
MT,2021,I,Accommodation and food service activities,E_AI_TTM,Mineria de texto,3.22,
NL,2021,I,Accommodation and food service activities,E_AI_TTM,Mineria de texto,1.18,
PL,2021,I,Accommodation and food service activities,E_AI_TTM,Mineria de texto,0.34,
PT,2021,I,Accommodation and food service activities,E_AI_TTM,Mineria de texto,0.22,
RO,2021,I,Accommodation and food service activities,E_AI_TTM,Mineria de texto,0.27,
SE,2021,I,Accommodation and food service activities,E_AI_TTM,Mineria de texto,1.91,
SI,2021,I,Accommodation and food service activities,E_AI_TTM,Mineria de texto,0.0,
SK,2021,I,Accommodation and food service activities,E_AI_TTM,Mineria de texto,1.25,
AT,2021,J,Information and communication,E_AI_TANY,Cualquier IA,30.27,
BE,2021,J,Information and communication,E_AI_TANY,Cualquier IA,34.76,
BG,2021,J,Information and communication,E_AI_TANY,Cualquier IA,20.82,
CY,2021,J,Information and communication,E_AI_TANY,Cualquier IA,18.98,
CZ,2021,J,Information and communication,E_AI_TANY,Cualquier IA,21.22,
DE,2021,J,Information and communication,E_AI_TANY,Cualquier IA,28.8,
DK,2021,J,Information and communication,E_AI_TANY,Cualquier IA,54.75,
EE,2021,J,Information and communication,E_AI_TANY,Cualquier IA,11.51,
EL,2021,J,Information and communication,E_AI_TANY,Cualquier IA,11.16,
ES,2021,J,Information and communication,E_AI_TANY,Cualquier IA,26.65,
EU27_2020,2021,J,Information and communication,E_AI_TANY,Cualquier IA,25.37,
FI,2021,J,Information and communication,E_AI_TANY,Cualquier IA,40.64,
FR,2021,J,Information and communication,E_AI_TANY,Cualquier IA,23.55,
HR,2021,J,Information and communication,E_AI_TANY,Cualquier IA,25.8,
HU,2021,J,Information and communication,E_AI_TANY,Cualquier IA,13.09,
IE,2021,J,Information and communication,E_AI_TANY,Cualquier IA,32.4,
IT,2021,J,Information and communication,E_AI_TANY,Cualquier IA,16.19,
LT,2021,J,Information and communication,E_AI_TANY,Cualquier IA,22.77,
LU,2021,J,Information and communication,E_AI_TANY,Cualquier IA,28.69,
LV,2021,J,Information and communication,E_AI_TANY,Cualquier IA,13.71,
MT,2021,J,Information and communication,E_AI_TANY,Cualquier IA,25.35,
NL,2021,J,Information and communication,E_AI_TANY,Cualquier IA,32.05,
PL,2021,J,Information and communication,E_AI_TANY,Cualquier IA,16.35,
PT,2021,J,Information and communication,E_AI_TANY,Cualquier IA,,u
RO,2021,J,Information and communication,E_AI_TANY,Cualquier IA,8.8,
SE,2021,J,Information and communication,E_AI_TANY,Cualquier IA,30.81,
SI,2021,J,Information and communication,E_AI_TANY,Cualquier IA,39.65,
SK,2021,J,Information and communication,E_AI_TANY,Cualquier IA,18.19,
AT,2021,J,Information and communication,E_AI_TAR,Robots autonomos,5.17,
BE,2021,J,Information and communication,E_AI_TAR,Robots autonomos,4.6,
BG,2021,J,Information and communication,E_AI_TAR,Robots autonomos,1.57,
CY,2021,J,Information and communication,E_AI_TAR,Robots autonomos,0.0,
CZ,2021,J,Information and communication,E_AI_TAR,Robots autonomos,1.59,
DE,2021,J,Information and communication,E_AI_TAR,Robots autonomos,1.71,
DK,2021,J,Information and communication,E_AI_TAR,Robots autonomos,6.85,
EE,2021,J,Information and communication,E_AI_TAR,Robots autonomos,1.82,
EL,2021,J,Information and communication,E_AI_TAR,Robots autonomos,0.45,
ES,2021,J,Information and communication,E_AI_TAR,Robots autonomos,3.29,
EU27_2020,2021,J,Information and communication,E_AI_TAR,Robots autonomos,2.21,
FI,2021,J,Information and communication,E_AI_TAR,Robots autonomos,3.62,
FR,2021,J,Information and communication,E_AI_TAR,Robots autonomos,0.8,
HR,2021,J,Information and communication,E_AI_TAR,Robots autonomos,1.71,
HU,2021,J,Information and communication,E_AI_TAR,Robots autonomos,1.33,
IE,2021,J,Information and communication,E_AI_TAR,Robots autonomos,2.88,
IT,2021,J,Information and communication,E_AI_TAR,Robots autonomos,2.22,
LT,2021,J,Information and communication,E_AI_TAR,Robots autonomos,2.97,
LU,2021,J,Information and communication,E_AI_TAR,Robots autonomos,2.65,
LV,2021,J,Information and communication,E_AI_TAR,Robots autonomos,2.18,
MT,2021,J,Information and communication,E_AI_TAR,Robots autonomos,0.0,
NL,2021,J,Information and communication,E_AI_TAR,Robots autonomos,4.81,
PL,2021,J,Information and communication,E_AI_TAR,Robots autonomos,2.31,
PT,2021,J,Information and communication,E_AI_TAR,Robots autonomos,1.02,
RO,2021,J,Information and communication,E_AI_TAR,Robots autonomos,0.4,
SE,2021,J,Information and communication,E_AI_TAR,Robots autonomos,1.25,
SI,2021,J,Information and communication,E_AI_TAR,Robots autonomos,0.88,
SK,2021,J,Information and communication,E_AI_TAR,Robots autonomos,1.94,
AT,2021,J,Information and communication,E_AI_TIR,Vision por computador,12.82,
BE,2021,J,Information and communication,E_AI_TIR,Vision por computador,14.6,
BG,2021,J,Information and communication,E_AI_TIR,Vision por computador,6.31,
CY,2021,J,Information and communication,E_AI_TIR,Vision por computador,5.08,
CZ,2021,J,Information and communication,E_AI_TIR,Vision por computador,9.12,
DE,2021,J,Information and communication,E_AI_TIR,Vision por computador,8.63,
DK,2021,J,Information and communication,E_AI_TIR,Vision por computador,14.72,
EE,2021,J,Information and communication,E_AI_TIR,Vision por computador,6.4,
EL,2021,J,Information and communication,E_AI_TIR,Vision por computador,3.64,
ES,2021,J,Information and communication,E_AI_TIR,Vision por computador,11.55,
EU27_2020,2021,J,Information and communication,E_AI_TIR,Vision por computador,8.56,
FI,2021,J,Information and communication,E_AI_TIR,Vision por computador,12.43,
FR,2021,J,Information and communication,E_AI_TIR,Vision por computador,7.31,
HR,2021,J,Information and communication,E_AI_TIR,Vision por computador,10.84,
HU,2021,J,Information and communication,E_AI_TIR,Vision por computador,5.6,
IE,2021,J,Information and communication,E_AI_TIR,Vision por computador,10.99,
IT,2021,J,Information and communication,E_AI_TIR,Vision por computador,5.15,
LT,2021,J,Information and communication,E_AI_TIR,Vision por computador,8.12,
LU,2021,J,Information and communication,E_AI_TIR,Vision por computador,10.45,
LV,2021,J,Information and communication,E_AI_TIR,Vision por computador,4.74,
MT,2021,J,Information and communication,E_AI_TIR,Vision por computador,5.49,
NL,2021,J,Information and communication,E_AI_TIR,Vision por computador,11.44,
PL,2021,J,Information and communication,E_AI_TIR,Vision por computador,5.4,
PT,2021,J,Information and communication,E_AI_TIR,Vision por computador,10.25,
RO,2021,J,Information and communication,E_AI_TIR,Vision por computador,3.82,
SE,2021,J,Information and communication,E_AI_TIR,Vision por computador,7.52,
SI,2021,J,Information and communication,E_AI_TIR,Vision por computador,26.04,
SK,2021,J,Information and communication,E_AI_TIR,Vision por computador,5.77,
AT,2021,J,Information and communication,E_AI_TML,Machine learning,24.14,
BE,2021,J,Information and communication,E_AI_TML,Machine learning,17.08,
BG,2021,J,Information and communication,E_AI_TML,Machine learning,10.25,
CY,2021,J,Information and communication,E_AI_TML,Machine learning,12.27,
CZ,2021,J,Information and communication,E_AI_TML,Machine learning,12.45,
DE,2021,J,Information and communication,E_AI_TML,Machine learning,14.62,
DK,2021,J,Information and communication,E_AI_TML,Machine learning,33.39,
EE,2021,J,Information and communication,E_AI_TML,Machine learning,7.3,
EL,2021,J,Information and communication,E_AI_TML,Machine learning,9.34,
ES,2021,J,Information and communication,E_AI_TML,Machine learning,17.17,
EU27_2020,2021,J,Information and communication,E_AI_TML,Machine learning,15.14,
FI,2021,J,Information and communication,E_AI_TML,Machine learning,23.89,
FR,2021,J,Information and communication,E_AI_TML,Machine learning,15.84,
HR,2021,J,Information and communication,E_AI_TML,Machine learning,17.56,
HU,2021,J,Information and communication,E_AI_TML,Machine learning,8.65,
IE,2021,J,Information and communication,E_AI_TML,Machine learning,22.79,
IT,2021,J,Information and communication,E_AI_TML,Machine learning,9.53,
LT,2021,J,Information and communication,E_AI_TML,Machine learning,16.44,
LU,2021,J,Information and communication,E_AI_TML,Machine learning,16.41,
LV,2021,J,Information and communication,E_AI_TML,Machine learning,6.37,
MT,2021,J,Information and communication,E_AI_TML,Machine learning,17.36,
NL,2021,J,Information and communication,E_AI_TML,Machine learning,22.84,
PL,2021,J,Information and communication,E_AI_TML,Machine learning,9.95,
PT,2021,J,Information and communication,E_AI_TML,Machine learning,7.52,
RO,2021,J,Information and communication,E_AI_TML,Machine learning,5.92,
SE,2021,J,Information and communication,E_AI_TML,Machine learning,18.05,
SI,2021,J,Information and communication,E_AI_TML,Machine learning,25.74,
SK,2021,J,Information and communication,E_AI_TML,Machine learning,8.45,
AT,2021,J,Information and communication,E_AI_TNLG,Generacion de lenguaje,3.62,
BE,2021,J,Information and communication,E_AI_TNLG,Generacion de lenguaje,9.01,
BG,2021,J,Information and communication,E_AI_TNLG,Generacion de lenguaje,5.63,
CY,2021,J,Information and communication,E_AI_TNLG,Generacion de lenguaje,3.27,
CZ,2021,J,Information and communication,E_AI_TNLG,Generacion de lenguaje,4.61,
DE,2021,J,Information and communication,E_AI_TNLG,Generacion de lenguaje,7.56,
DK,2021,J,Information and communication,E_AI_TNLG,Generacion de lenguaje,15.14,
EE,2021,J,Information and communication,E_AI_TNLG,Generacion de lenguaje,5.74,
EL,2021,J,Information and communication,E_AI_TNLG,Generacion de lenguaje,1.91,
ES,2021,J,Information and communication,E_AI_TNLG,Generacion de lenguaje,8.24,
EU27_2020,2021,J,Information and communication,E_AI_TNLG,Generacion de lenguaje,6.34,
FI,2021,J,Information and communication,E_AI_TNLG,Generacion de lenguaje,7.68,
FR,2021,J,Information and communication,E_AI_TNLG,Generacion de lenguaje,4.72,
HR,2021,J,Information and communication,E_AI_TNLG,Generacion de lenguaje,4.65,
HU,2021,J,Information and communication,E_AI_TNLG,Generacion de lenguaje,2.36,
IE,2021,J,Information and communication,E_AI_TNLG,Generacion de lenguaje,8.6,
IT,2021,J,Information and communication,E_AI_TNLG,Generacion de lenguaje,3.85,
LT,2021,J,Information and communication,E_AI_TNLG,Generacion de lenguaje,4.55,
LU,2021,J,Information and communication,E_AI_TNLG,Generacion de lenguaje,9.36,
LV,2021,J,Information and communication,E_AI_TNLG,Generacion de lenguaje,3.46,
MT,2021,J,Information and communication,E_AI_TNLG,Generacion de lenguaje,4.06,
NL,2021,J,Information and communication,E_AI_TNLG,Generacion de lenguaje,9.31,
PL,2021,J,Information and communication,E_AI_TNLG,Generacion de lenguaje,2.98,
PT,2021,J,Information and communication,E_AI_TNLG,Generacion de lenguaje,8.86,
RO,2021,J,Information and communication,E_AI_TNLG,Generacion de lenguaje,0.99,
SE,2021,J,Information and communication,E_AI_TNLG,Generacion de lenguaje,9.91,
SI,2021,J,Information and communication,E_AI_TNLG,Generacion de lenguaje,13.8,
SK,2021,J,Information and communication,E_AI_TNLG,Generacion de lenguaje,1.82,
AT,2021,J,Information and communication,E_AI_TPA,Automatizacion de procesos,10.43,
BE,2021,J,Information and communication,E_AI_TPA,Automatizacion de procesos,11.72,
BG,2021,J,Information and communication,E_AI_TPA,Automatizacion de procesos,11.81,
CY,2021,J,Information and communication,E_AI_TPA,Automatizacion de procesos,6.22,
CZ,2021,J,Information and communication,E_AI_TPA,Automatizacion de procesos,8.0,
DE,2021,J,Information and communication,E_AI_TPA,Automatizacion de procesos,9.81,
DK,2021,J,Information and communication,E_AI_TPA,Automatizacion de procesos,41.19,
EE,2021,J,Information and communication,E_AI_TPA,Automatizacion de procesos,1.52,
EL,2021,J,Information and communication,E_AI_TPA,Automatizacion de procesos,4.31,
ES,2021,J,Information and communication,E_AI_TPA,Automatizacion de procesos,13.89,
EU27_2020,2021,J,Information and communication,E_AI_TPA,Automatizacion de procesos,11.38,
FI,2021,J,Information and communication,E_AI_TPA,Automatizacion de procesos,25.63,
FR,2021,J,Information and communication,E_AI_TPA,Automatizacion de procesos,11.59,
HR,2021,J,Information and communication,E_AI_TPA,Automatizacion de procesos,12.17,
HU,2021,J,Information and communication,E_AI_TPA,Automatizacion de procesos,7.28,
IE,2021,J,Information and communication,E_AI_TPA,Automatizacion de procesos,19.39,
IT,2021,J,Information and communication,E_AI_TPA,Automatizacion de procesos,6.13,
LT,2021,J,Information and communication,E_AI_TPA,Automatizacion de procesos,14.06,
LU,2021,J,Information and communication,E_AI_TPA,Automatizacion de procesos,14.65,
LV,2021,J,Information and communication,E_AI_TPA,Automatizacion de procesos,5.51,
MT,2021,J,Information and communication,E_AI_TPA,Automatizacion de procesos,11.63,
NL,2021,J,Information and communication,E_AI_TPA,Automatizacion de procesos,14.83,
PL,2021,J,Information and communication,E_AI_TPA,Automatizacion de procesos,9.61,
PT,2021,J,Information and communication,E_AI_TPA,Automatizacion de procesos,10.42,
RO,2021,J,Information and communication,E_AI_TPA,Automatizacion de procesos,3.06,
SE,2021,J,Information and communication,E_AI_TPA,Automatizacion de procesos,14.83,
SI,2021,J,Information and communication,E_AI_TPA,Automatizacion de procesos,12.0,
SK,2021,J,Information and communication,E_AI_TPA,Automatizacion de procesos,10.73,
AT,2021,J,Information and communication,E_AI_TPVSG,Generacion de imagen/audio,,
BE,2021,J,Information and communication,E_AI_TPVSG,Generacion de imagen/audio,,
BG,2021,J,Information and communication,E_AI_TPVSG,Generacion de imagen/audio,,
CY,2021,J,Information and communication,E_AI_TPVSG,Generacion de imagen/audio,,
CZ,2021,J,Information and communication,E_AI_TPVSG,Generacion de imagen/audio,,
DE,2021,J,Information and communication,E_AI_TPVSG,Generacion de imagen/audio,,
DK,2021,J,Information and communication,E_AI_TPVSG,Generacion de imagen/audio,,
EE,2021,J,Information and communication,E_AI_TPVSG,Generacion de imagen/audio,,
EL,2021,J,Information and communication,E_AI_TPVSG,Generacion de imagen/audio,,
ES,2021,J,Information and communication,E_AI_TPVSG,Generacion de imagen/audio,,
EU27_2020,2021,J,Information and communication,E_AI_TPVSG,Generacion de imagen/audio,,
FI,2021,J,Information and communication,E_AI_TPVSG,Generacion de imagen/audio,,
FR,2021,J,Information and communication,E_AI_TPVSG,Generacion de imagen/audio,,
HR,2021,J,Information and communication,E_AI_TPVSG,Generacion de imagen/audio,,
HU,2021,J,Information and communication,E_AI_TPVSG,Generacion de imagen/audio,,
IE,2021,J,Information and communication,E_AI_TPVSG,Generacion de imagen/audio,,
IT,2021,J,Information and communication,E_AI_TPVSG,Generacion de imagen/audio,,
LT,2021,J,Information and communication,E_AI_TPVSG,Generacion de imagen/audio,,
LU,2021,J,Information and communication,E_AI_TPVSG,Generacion de imagen/audio,,
LV,2021,J,Information and communication,E_AI_TPVSG,Generacion de imagen/audio,,
MT,2021,J,Information and communication,E_AI_TPVSG,Generacion de imagen/audio,,
NL,2021,J,Information and communication,E_AI_TPVSG,Generacion de imagen/audio,,
PL,2021,J,Information and communication,E_AI_TPVSG,Generacion de imagen/audio,,
PT,2021,J,Information and communication,E_AI_TPVSG,Generacion de imagen/audio,,
RO,2021,J,Information and communication,E_AI_TPVSG,Generacion de imagen/audio,,
SE,2021,J,Information and communication,E_AI_TPVSG,Generacion de imagen/audio,,
SI,2021,J,Information and communication,E_AI_TPVSG,Generacion de imagen/audio,,
SK,2021,J,Information and communication,E_AI_TPVSG,Generacion de imagen/audio,,
AT,2021,J,Information and communication,E_AI_TSR,Reconocimiento de voz,5.29,
BE,2021,J,Information and communication,E_AI_TSR,Reconocimiento de voz,7.92,
BG,2021,J,Information and communication,E_AI_TSR,Reconocimiento de voz,7.03,
CY,2021,J,Information and communication,E_AI_TSR,Reconocimiento de voz,3.27,
CZ,2021,J,Information and communication,E_AI_TSR,Reconocimiento de voz,6.43,
DE,2021,J,Information and communication,E_AI_TSR,Reconocimiento de voz,13.47,
DK,2021,J,Information and communication,E_AI_TSR,Reconocimiento de voz,12.07,
EE,2021,J,Information and communication,E_AI_TSR,Reconocimiento de voz,5.55,
EL,2021,J,Information and communication,E_AI_TSR,Reconocimiento de voz,1.31,
ES,2021,J,Information and communication,E_AI_TSR,Reconocimiento de voz,10.32,
EU27_2020,2021,J,Information and communication,E_AI_TSR,Reconocimiento de voz,8.38,
FI,2021,J,Information and communication,E_AI_TSR,Reconocimiento de voz,10.14,
FR,2021,J,Information and communication,E_AI_TSR,Reconocimiento de voz,5.51,
HR,2021,J,Information and communication,E_AI_TSR,Reconocimiento de voz,6.33,
HU,2021,J,Information and communication,E_AI_TSR,Reconocimiento de voz,2.08,
IE,2021,J,Information and communication,E_AI_TSR,Reconocimiento de voz,8.98,
IT,2021,J,Information and communication,E_AI_TSR,Reconocimiento de voz,6.17,
LT,2021,J,Information and communication,E_AI_TSR,Reconocimiento de voz,4.55,
LU,2021,J,Information and communication,E_AI_TSR,Reconocimiento de voz,9.01,
LV,2021,J,Information and communication,E_AI_TSR,Reconocimiento de voz,4.3,
MT,2021,J,Information and communication,E_AI_TSR,Reconocimiento de voz,6.15,
NL,2021,J,Information and communication,E_AI_TSR,Reconocimiento de voz,9.17,
PL,2021,J,Information and communication,E_AI_TSR,Reconocimiento de voz,4.81,
PT,2021,J,Information and communication,E_AI_TSR,Reconocimiento de voz,11.49,
RO,2021,J,Information and communication,E_AI_TSR,Reconocimiento de voz,0.95,
SE,2021,J,Information and communication,E_AI_TSR,Reconocimiento de voz,6.43,
SI,2021,J,Information and communication,E_AI_TSR,Reconocimiento de voz,5.67,
SK,2021,J,Information and communication,E_AI_TSR,Reconocimiento de voz,5.65,
AT,2021,J,Information and communication,E_AI_TTM,Mineria de texto,15.49,
BE,2021,J,Information and communication,E_AI_TTM,Mineria de texto,24.72,
BG,2021,J,Information and communication,E_AI_TTM,Mineria de texto,12.72,
CY,2021,J,Information and communication,E_AI_TTM,Mineria de texto,7.37,
CZ,2021,J,Information and communication,E_AI_TTM,Mineria de texto,10.68,
DE,2021,J,Information and communication,E_AI_TTM,Mineria de texto,11.55,
DK,2021,J,Information and communication,E_AI_TTM,Mineria de texto,24.09,
EE,2021,J,Information and communication,E_AI_TTM,Mineria de texto,7.76,
EL,2021,J,Information and communication,E_AI_TTM,Mineria de texto,2.98,
ES,2021,J,Information and communication,E_AI_TTM,Mineria de texto,14.34,
EU27_2020,2021,J,Information and communication,E_AI_TTM,Mineria de texto,11.54,
FI,2021,J,Information and communication,E_AI_TTM,Mineria de texto,15.43,
FR,2021,J,Information and communication,E_AI_TTM,Mineria de texto,11.89,
HR,2021,J,Information and communication,E_AI_TTM,Mineria de texto,6.9,
HU,2021,J,Information and communication,E_AI_TTM,Mineria de texto,6.66,
IE,2021,J,Information and communication,E_AI_TTM,Mineria de texto,14.39,
IT,2021,J,Information and communication,E_AI_TTM,Mineria de texto,6.75,
LT,2021,J,Information and communication,E_AI_TTM,Mineria de texto,9.51,
LU,2021,J,Information and communication,E_AI_TTM,Mineria de texto,20.67,
LV,2021,J,Information and communication,E_AI_TTM,Mineria de texto,6.33,
MT,2021,J,Information and communication,E_AI_TTM,Mineria de texto,9.08,
NL,2021,J,Information and communication,E_AI_TTM,Mineria de texto,12.1,
PL,2021,J,Information and communication,E_AI_TTM,Mineria de texto,5.74,
PT,2021,J,Information and communication,E_AI_TTM,Mineria de texto,12.31,
RO,2021,J,Information and communication,E_AI_TTM,Mineria de texto,5.09,
SE,2021,J,Information and communication,E_AI_TTM,Mineria de texto,15.49,
SI,2021,J,Information and communication,E_AI_TTM,Mineria de texto,9.84,
SK,2021,J,Information and communication,E_AI_TTM,Mineria de texto,11.58,
AT,2021,L,Real estate activities,E_AI_TANY,Cualquier IA,5.51,
BE,2021,L,Real estate activities,E_AI_TANY,Cualquier IA,3.3,
BG,2021,L,Real estate activities,E_AI_TANY,Cualquier IA,,u
CY,2021,L,Real estate activities,E_AI_TANY,Cualquier IA,0.0,
CZ,2021,L,Real estate activities,E_AI_TANY,Cualquier IA,4.51,
DE,2021,L,Real estate activities,E_AI_TANY,Cualquier IA,11.15,
DK,2021,L,Real estate activities,E_AI_TANY,Cualquier IA,19.14,
EE,2021,L,Real estate activities,E_AI_TANY,Cualquier IA,0.0,
EL,2021,L,Real estate activities,E_AI_TANY,Cualquier IA,0.82,
ES,2021,L,Real estate activities,E_AI_TANY,Cualquier IA,12.87,
EU27_2020,2021,L,Real estate activities,E_AI_TANY,Cualquier IA,7.11,
FI,2021,L,Real estate activities,E_AI_TANY,Cualquier IA,18.67,
FR,2021,L,Real estate activities,E_AI_TANY,Cualquier IA,3.92,
HR,2021,L,Real estate activities,E_AI_TANY,Cualquier IA,,@C
HU,2021,L,Real estate activities,E_AI_TANY,Cualquier IA,2.3,
IE,2021,L,Real estate activities,E_AI_TANY,Cualquier IA,11.65,
IT,2021,L,Real estate activities,E_AI_TANY,Cualquier IA,3.19,
LT,2021,L,Real estate activities,E_AI_TANY,Cualquier IA,1.3,
LU,2021,L,Real estate activities,E_AI_TANY,Cualquier IA,,@C
LV,2021,L,Real estate activities,E_AI_TANY,Cualquier IA,2.7,
MT,2021,L,Real estate activities,E_AI_TANY,Cualquier IA,14.72,
NL,2021,L,Real estate activities,E_AI_TANY,Cualquier IA,16.76,
PL,2021,L,Real estate activities,E_AI_TANY,Cualquier IA,1.76,
PT,2021,L,Real estate activities,E_AI_TANY,Cualquier IA,3.58,
RO,2021,L,Real estate activities,E_AI_TANY,Cualquier IA,0.39,
SE,2021,L,Real estate activities,E_AI_TANY,Cualquier IA,9.6,
SI,2021,L,Real estate activities,E_AI_TANY,Cualquier IA,,@C
SK,2021,L,Real estate activities,E_AI_TANY,Cualquier IA,0.76,
AT,2021,L,Real estate activities,E_AI_TAR,Robots autonomos,0.0,
BE,2021,L,Real estate activities,E_AI_TAR,Robots autonomos,0.0,
BG,2021,L,Real estate activities,E_AI_TAR,Robots autonomos,0.0,
CY,2021,L,Real estate activities,E_AI_TAR,Robots autonomos,0.0,
CZ,2021,L,Real estate activities,E_AI_TAR,Robots autonomos,0.0,
DE,2021,L,Real estate activities,E_AI_TAR,Robots autonomos,0.23,
DK,2021,L,Real estate activities,E_AI_TAR,Robots autonomos,1.81,
EE,2021,L,Real estate activities,E_AI_TAR,Robots autonomos,0.0,
EL,2021,L,Real estate activities,E_AI_TAR,Robots autonomos,0.0,
ES,2021,L,Real estate activities,E_AI_TAR,Robots autonomos,0.0,
EU27_2020,2021,L,Real estate activities,E_AI_TAR,Robots autonomos,0.13,
FI,2021,L,Real estate activities,E_AI_TAR,Robots autonomos,0.0,
FR,2021,L,Real estate activities,E_AI_TAR,Robots autonomos,0.0,
HR,2021,L,Real estate activities,E_AI_TAR,Robots autonomos,0.0,
HU,2021,L,Real estate activities,E_AI_TAR,Robots autonomos,0.5,
IE,2021,L,Real estate activities,E_AI_TAR,Robots autonomos,0.0,
IT,2021,L,Real estate activities,E_AI_TAR,Robots autonomos,,@C
LT,2021,L,Real estate activities,E_AI_TAR,Robots autonomos,0.0,
LU,2021,L,Real estate activities,E_AI_TAR,Robots autonomos,,@C
LV,2021,L,Real estate activities,E_AI_TAR,Robots autonomos,0.0,
MT,2021,L,Real estate activities,E_AI_TAR,Robots autonomos,3.85,
NL,2021,L,Real estate activities,E_AI_TAR,Robots autonomos,0.0,
PL,2021,L,Real estate activities,E_AI_TAR,Robots autonomos,0.18,
PT,2021,L,Real estate activities,E_AI_TAR,Robots autonomos,0.0,
RO,2021,L,Real estate activities,E_AI_TAR,Robots autonomos,0.0,
SE,2021,L,Real estate activities,E_AI_TAR,Robots autonomos,0.0,
SI,2021,L,Real estate activities,E_AI_TAR,Robots autonomos,0.0,
SK,2021,L,Real estate activities,E_AI_TAR,Robots autonomos,0.0,
AT,2021,L,Real estate activities,E_AI_TIR,Vision por computador,0.62,
BE,2021,L,Real estate activities,E_AI_TIR,Vision por computador,0.0,
BG,2021,L,Real estate activities,E_AI_TIR,Vision por computador,,u
CY,2021,L,Real estate activities,E_AI_TIR,Vision por computador,0.0,
CZ,2021,L,Real estate activities,E_AI_TIR,Vision por computador,2.22,
DE,2021,L,Real estate activities,E_AI_TIR,Vision por computador,1.57,
DK,2021,L,Real estate activities,E_AI_TIR,Vision por computador,4.37,
EE,2021,L,Real estate activities,E_AI_TIR,Vision por computador,0.0,
EL,2021,L,Real estate activities,E_AI_TIR,Vision por computador,0.0,
ES,2021,L,Real estate activities,E_AI_TIR,Vision por computador,6.33,
EU27_2020,2021,L,Real estate activities,E_AI_TIR,Vision por computador,1.82,
FI,2021,L,Real estate activities,E_AI_TIR,Vision por computador,,u
FR,2021,L,Real estate activities,E_AI_TIR,Vision por computador,,@C
HR,2021,L,Real estate activities,E_AI_TIR,Vision por computador,,@C
HU,2021,L,Real estate activities,E_AI_TIR,Vision por computador,1.01,
IE,2021,L,Real estate activities,E_AI_TIR,Vision por computador,2.51,
IT,2021,L,Real estate activities,E_AI_TIR,Vision por computador,,@C
LT,2021,L,Real estate activities,E_AI_TIR,Vision por computador,0.0,
LU,2021,L,Real estate activities,E_AI_TIR,Vision por computador,,@C
LV,2021,L,Real estate activities,E_AI_TIR,Vision por computador,0.91,
MT,2021,L,Real estate activities,E_AI_TIR,Vision por computador,3.67,
NL,2021,L,Real estate activities,E_AI_TIR,Vision por computador,3.19,
PL,2021,L,Real estate activities,E_AI_TIR,Vision por computador,0.91,
PT,2021,L,Real estate activities,E_AI_TIR,Vision por computador,1.68,
RO,2021,L,Real estate activities,E_AI_TIR,Vision por computador,0.18,
SE,2021,L,Real estate activities,E_AI_TIR,Vision por computador,1.26,
SI,2021,L,Real estate activities,E_AI_TIR,Vision por computador,,@C
SK,2021,L,Real estate activities,E_AI_TIR,Vision por computador,0.0,
AT,2021,L,Real estate activities,E_AI_TML,Machine learning,0.62,
BE,2021,L,Real estate activities,E_AI_TML,Machine learning,2.76,
BG,2021,L,Real estate activities,E_AI_TML,Machine learning,,u
CY,2021,L,Real estate activities,E_AI_TML,Machine learning,0.0,
CZ,2021,L,Real estate activities,E_AI_TML,Machine learning,0.0,
DE,2021,L,Real estate activities,E_AI_TML,Machine learning,1.1,
DK,2021,L,Real estate activities,E_AI_TML,Machine learning,5.15,
EE,2021,L,Real estate activities,E_AI_TML,Machine learning,0.0,
EL,2021,L,Real estate activities,E_AI_TML,Machine learning,0.82,
ES,2021,L,Real estate activities,E_AI_TML,Machine learning,2.73,
EU27_2020,2021,L,Real estate activities,E_AI_TML,Machine learning,1.39,
FI,2021,L,Real estate activities,E_AI_TML,Machine learning,3.55,
FR,2021,L,Real estate activities,E_AI_TML,Machine learning,0.99,
HR,2021,L,Real estate activities,E_AI_TML,Machine learning,,@C
HU,2021,L,Real estate activities,E_AI_TML,Machine learning,0.55,
IE,2021,L,Real estate activities,E_AI_TML,Machine learning,0.0,
IT,2021,L,Real estate activities,E_AI_TML,Machine learning,0.94,
LT,2021,L,Real estate activities,E_AI_TML,Machine learning,0.0,
LU,2021,L,Real estate activities,E_AI_TML,Machine learning,,@C
LV,2021,L,Real estate activities,E_AI_TML,Machine learning,0.91,
MT,2021,L,Real estate activities,E_AI_TML,Machine learning,7.21,
NL,2021,L,Real estate activities,E_AI_TML,Machine learning,7.94,
PL,2021,L,Real estate activities,E_AI_TML,Machine learning,0.59,
PT,2021,L,Real estate activities,E_AI_TML,Machine learning,0.24,
RO,2021,L,Real estate activities,E_AI_TML,Machine learning,0.0,
SE,2021,L,Real estate activities,E_AI_TML,Machine learning,3.65,
SI,2021,L,Real estate activities,E_AI_TML,Machine learning,0.0,
SK,2021,L,Real estate activities,E_AI_TML,Machine learning,0.0,
AT,2021,L,Real estate activities,E_AI_TNLG,Generacion de lenguaje,0.0,
BE,2021,L,Real estate activities,E_AI_TNLG,Generacion de lenguaje,0.0,
BG,2021,L,Real estate activities,E_AI_TNLG,Generacion de lenguaje,,u
CY,2021,L,Real estate activities,E_AI_TNLG,Generacion de lenguaje,0.0,
CZ,2021,L,Real estate activities,E_AI_TNLG,Generacion de lenguaje,2.45,
DE,2021,L,Real estate activities,E_AI_TNLG,Generacion de lenguaje,1.74,
DK,2021,L,Real estate activities,E_AI_TNLG,Generacion de lenguaje,1.7,
EE,2021,L,Real estate activities,E_AI_TNLG,Generacion de lenguaje,0.0,
EL,2021,L,Real estate activities,E_AI_TNLG,Generacion de lenguaje,0.0,
ES,2021,L,Real estate activities,E_AI_TNLG,Generacion de lenguaje,3.59,
EU27_2020,2021,L,Real estate activities,E_AI_TNLG,Generacion de lenguaje,1.14,
FI,2021,L,Real estate activities,E_AI_TNLG,Generacion de lenguaje,3.58,
FR,2021,L,Real estate activities,E_AI_TNLG,Generacion de lenguaje,,@C
HR,2021,L,Real estate activities,E_AI_TNLG,Generacion de lenguaje,0.0,
HU,2021,L,Real estate activities,E_AI_TNLG,Generacion de lenguaje,0.0,
IE,2021,L,Real estate activities,E_AI_TNLG,Generacion de lenguaje,0.0,
IT,2021,L,Real estate activities,E_AI_TNLG,Generacion de lenguaje,,@C
LT,2021,L,Real estate activities,E_AI_TNLG,Generacion de lenguaje,0.0,
LU,2021,L,Real estate activities,E_AI_TNLG,Generacion de lenguaje,,@C
LV,2021,L,Real estate activities,E_AI_TNLG,Generacion de lenguaje,0.0,
MT,2021,L,Real estate activities,E_AI_TNLG,Generacion de lenguaje,0.0,
NL,2021,L,Real estate activities,E_AI_TNLG,Generacion de lenguaje,1.52,
PL,2021,L,Real estate activities,E_AI_TNLG,Generacion de lenguaje,0.04,
PT,2021,L,Real estate activities,E_AI_TNLG,Generacion de lenguaje,0.82,
RO,2021,L,Real estate activities,E_AI_TNLG,Generacion de lenguaje,0.0,
SE,2021,L,Real estate activities,E_AI_TNLG,Generacion de lenguaje,0.0,
SI,2021,L,Real estate activities,E_AI_TNLG,Generacion de lenguaje,0.0,
SK,2021,L,Real estate activities,E_AI_TNLG,Generacion de lenguaje,0.0,
AT,2021,L,Real estate activities,E_AI_TPA,Automatizacion de procesos,4.26,
BE,2021,L,Real estate activities,E_AI_TPA,Automatizacion de procesos,0.0,
BG,2021,L,Real estate activities,E_AI_TPA,Automatizacion de procesos,,u
CY,2021,L,Real estate activities,E_AI_TPA,Automatizacion de procesos,0.0,
CZ,2021,L,Real estate activities,E_AI_TPA,Automatizacion de procesos,1.29,
DE,2021,L,Real estate activities,E_AI_TPA,Automatizacion de procesos,3.38,
DK,2021,L,Real estate activities,E_AI_TPA,Automatizacion de procesos,12.37,
EE,2021,L,Real estate activities,E_AI_TPA,Automatizacion de procesos,0.0,
EL,2021,L,Real estate activities,E_AI_TPA,Automatizacion de procesos,0.0,
ES,2021,L,Real estate activities,E_AI_TPA,Automatizacion de procesos,2.22,
EU27_2020,2021,L,Real estate activities,E_AI_TPA,Automatizacion de procesos,2.54,
FI,2021,L,Real estate activities,E_AI_TPA,Automatizacion de procesos,13.35,
FR,2021,L,Real estate activities,E_AI_TPA,Automatizacion de procesos,1.14,
HR,2021,L,Real estate activities,E_AI_TPA,Automatizacion de procesos,0.0,
HU,2021,L,Real estate activities,E_AI_TPA,Automatizacion de procesos,1.16,
IE,2021,L,Real estate activities,E_AI_TPA,Automatizacion de procesos,1.97,
IT,2021,L,Real estate activities,E_AI_TPA,Automatizacion de procesos,1.73,
LT,2021,L,Real estate activities,E_AI_TPA,Automatizacion de procesos,0.0,
LU,2021,L,Real estate activities,E_AI_TPA,Automatizacion de procesos,,@C
LV,2021,L,Real estate activities,E_AI_TPA,Automatizacion de procesos,0.0,
MT,2021,L,Real estate activities,E_AI_TPA,Automatizacion de procesos,0.0,
NL,2021,L,Real estate activities,E_AI_TPA,Automatizacion de procesos,9.5,
PL,2021,L,Real estate activities,E_AI_TPA,Automatizacion de procesos,0.53,
PT,2021,L,Real estate activities,E_AI_TPA,Automatizacion de procesos,1.08,
RO,2021,L,Real estate activities,E_AI_TPA,Automatizacion de procesos,0.21,
SE,2021,L,Real estate activities,E_AI_TPA,Automatizacion de procesos,6.32,
SI,2021,L,Real estate activities,E_AI_TPA,Automatizacion de procesos,0.0,
SK,2021,L,Real estate activities,E_AI_TPA,Automatizacion de procesos,0.0,
AT,2021,L,Real estate activities,E_AI_TPVSG,Generacion de imagen/audio,,
BE,2021,L,Real estate activities,E_AI_TPVSG,Generacion de imagen/audio,,
BG,2021,L,Real estate activities,E_AI_TPVSG,Generacion de imagen/audio,,
CY,2021,L,Real estate activities,E_AI_TPVSG,Generacion de imagen/audio,,
CZ,2021,L,Real estate activities,E_AI_TPVSG,Generacion de imagen/audio,,
DE,2021,L,Real estate activities,E_AI_TPVSG,Generacion de imagen/audio,,
DK,2021,L,Real estate activities,E_AI_TPVSG,Generacion de imagen/audio,,
EE,2021,L,Real estate activities,E_AI_TPVSG,Generacion de imagen/audio,,
EL,2021,L,Real estate activities,E_AI_TPVSG,Generacion de imagen/audio,,
ES,2021,L,Real estate activities,E_AI_TPVSG,Generacion de imagen/audio,,
EU27_2020,2021,L,Real estate activities,E_AI_TPVSG,Generacion de imagen/audio,,
FI,2021,L,Real estate activities,E_AI_TPVSG,Generacion de imagen/audio,,
FR,2021,L,Real estate activities,E_AI_TPVSG,Generacion de imagen/audio,,
HR,2021,L,Real estate activities,E_AI_TPVSG,Generacion de imagen/audio,,
HU,2021,L,Real estate activities,E_AI_TPVSG,Generacion de imagen/audio,,
IE,2021,L,Real estate activities,E_AI_TPVSG,Generacion de imagen/audio,,
IT,2021,L,Real estate activities,E_AI_TPVSG,Generacion de imagen/audio,,
LT,2021,L,Real estate activities,E_AI_TPVSG,Generacion de imagen/audio,,
LU,2021,L,Real estate activities,E_AI_TPVSG,Generacion de imagen/audio,,
LV,2021,L,Real estate activities,E_AI_TPVSG,Generacion de imagen/audio,,
MT,2021,L,Real estate activities,E_AI_TPVSG,Generacion de imagen/audio,,
NL,2021,L,Real estate activities,E_AI_TPVSG,Generacion de imagen/audio,,
PL,2021,L,Real estate activities,E_AI_TPVSG,Generacion de imagen/audio,,
PT,2021,L,Real estate activities,E_AI_TPVSG,Generacion de imagen/audio,,
RO,2021,L,Real estate activities,E_AI_TPVSG,Generacion de imagen/audio,,
SE,2021,L,Real estate activities,E_AI_TPVSG,Generacion de imagen/audio,,
SI,2021,L,Real estate activities,E_AI_TPVSG,Generacion de imagen/audio,,
SK,2021,L,Real estate activities,E_AI_TPVSG,Generacion de imagen/audio,,
AT,2021,L,Real estate activities,E_AI_TSR,Reconocimiento de voz,4.89,
BE,2021,L,Real estate activities,E_AI_TSR,Reconocimiento de voz,0.0,
BG,2021,L,Real estate activities,E_AI_TSR,Reconocimiento de voz,0.0,
CY,2021,L,Real estate activities,E_AI_TSR,Reconocimiento de voz,0.0,
CZ,2021,L,Real estate activities,E_AI_TSR,Reconocimiento de voz,2.56,
DE,2021,L,Real estate activities,E_AI_TSR,Reconocimiento de voz,6.85,
DK,2021,L,Real estate activities,E_AI_TSR,Reconocimiento de voz,4.1,
EE,2021,L,Real estate activities,E_AI_TSR,Reconocimiento de voz,0.0,
EL,2021,L,Real estate activities,E_AI_TSR,Reconocimiento de voz,0.0,
ES,2021,L,Real estate activities,E_AI_TSR,Reconocimiento de voz,3.64,
EU27_2020,2021,L,Real estate activities,E_AI_TSR,Reconocimiento de voz,2.71,
FI,2021,L,Real estate activities,E_AI_TSR,Reconocimiento de voz,,u
FR,2021,L,Real estate activities,E_AI_TSR,Reconocimiento de voz,0.14,
HR,2021,L,Real estate activities,E_AI_TSR,Reconocimiento de voz,0.0,
HU,2021,L,Real estate activities,E_AI_TSR,Reconocimiento de voz,0.12,
IE,2021,L,Real estate activities,E_AI_TSR,Reconocimiento de voz,6.41,
IT,2021,L,Real estate activities,E_AI_TSR,Reconocimiento de voz,,@C
LT,2021,L,Real estate activities,E_AI_TSR,Reconocimiento de voz,0.0,
LU,2021,L,Real estate activities,E_AI_TSR,Reconocimiento de voz,,@C
LV,2021,L,Real estate activities,E_AI_TSR,Reconocimiento de voz,0.0,
MT,2021,L,Real estate activities,E_AI_TSR,Reconocimiento de voz,0.0,
NL,2021,L,Real estate activities,E_AI_TSR,Reconocimiento de voz,3.42,
PL,2021,L,Real estate activities,E_AI_TSR,Reconocimiento de voz,0.04,
PT,2021,L,Real estate activities,E_AI_TSR,Reconocimiento de voz,0.48,
RO,2021,L,Real estate activities,E_AI_TSR,Reconocimiento de voz,0.0,
SE,2021,L,Real estate activities,E_AI_TSR,Reconocimiento de voz,0.12,
SI,2021,L,Real estate activities,E_AI_TSR,Reconocimiento de voz,0.0,
SK,2021,L,Real estate activities,E_AI_TSR,Reconocimiento de voz,0.76,
AT,2021,L,Real estate activities,E_AI_TTM,Mineria de texto,4.89,
BE,2021,L,Real estate activities,E_AI_TTM,Mineria de texto,3.3,
BG,2021,L,Real estate activities,E_AI_TTM,Mineria de texto,0.0,
CY,2021,L,Real estate activities,E_AI_TTM,Mineria de texto,0.0,
CZ,2021,L,Real estate activities,E_AI_TTM,Mineria de texto,0.4,
DE,2021,L,Real estate activities,E_AI_TTM,Mineria de texto,2.36,
DK,2021,L,Real estate activities,E_AI_TTM,Mineria de texto,3.88,
EE,2021,L,Real estate activities,E_AI_TTM,Mineria de texto,0.0,
EL,2021,L,Real estate activities,E_AI_TTM,Mineria de texto,0.0,
ES,2021,L,Real estate activities,E_AI_TTM,Mineria de texto,6.03,
EU27_2020,2021,L,Real estate activities,E_AI_TTM,Mineria de texto,2.08,
FI,2021,L,Real estate activities,E_AI_TTM,Mineria de texto,7.83,
FR,2021,L,Real estate activities,E_AI_TTM,Mineria de texto,1.89,
HR,2021,L,Real estate activities,E_AI_TTM,Mineria de texto,0.0,
HU,2021,L,Real estate activities,E_AI_TTM,Mineria de texto,0.0,
IE,2021,L,Real estate activities,E_AI_TTM,Mineria de texto,,@C
IT,2021,L,Real estate activities,E_AI_TTM,Mineria de texto,1.01,
LT,2021,L,Real estate activities,E_AI_TTM,Mineria de texto,1.3,
LU,2021,L,Real estate activities,E_AI_TTM,Mineria de texto,,@C
LV,2021,L,Real estate activities,E_AI_TTM,Mineria de texto,0.88,
MT,2021,L,Real estate activities,E_AI_TTM,Mineria de texto,0.0,
NL,2021,L,Real estate activities,E_AI_TTM,Mineria de texto,5.13,
PL,2021,L,Real estate activities,E_AI_TTM,Mineria de texto,0.26,
PT,2021,L,Real estate activities,E_AI_TTM,Mineria de texto,1.9,
RO,2021,L,Real estate activities,E_AI_TTM,Mineria de texto,0.0,
SE,2021,L,Real estate activities,E_AI_TTM,Mineria de texto,1.48,
SI,2021,L,Real estate activities,E_AI_TTM,Mineria de texto,0.0,
SK,2021,L,Real estate activities,E_AI_TTM,Mineria de texto,0.0,
AT,2021,M,"Professional, scientific and technical activities",E_AI_TANY,Cualquier IA,20.93,
BE,2021,M,"Professional, scientific and technical activities",E_AI_TANY,Cualquier IA,20.24,
BG,2021,M,"Professional, scientific and technical activities",E_AI_TANY,Cualquier IA,3.68,
CY,2021,M,"Professional, scientific and technical activities",E_AI_TANY,Cualquier IA,4.39,
CZ,2021,M,"Professional, scientific and technical activities",E_AI_TANY,Cualquier IA,9.28,
DE,2021,M,"Professional, scientific and technical activities",E_AI_TANY,Cualquier IA,25.54,
DK,2021,M,"Professional, scientific and technical activities",E_AI_TANY,Cualquier IA,39.22,
EE,2021,M,"Professional, scientific and technical activities",E_AI_TANY,Cualquier IA,8.51,
EL,2021,M,"Professional, scientific and technical activities",E_AI_TANY,Cualquier IA,9.2,
ES,2021,M,"Professional, scientific and technical activities",E_AI_TANY,Cualquier IA,13.72,
EU27_2020,2021,M,"Professional, scientific and technical activities",E_AI_TANY,Cualquier IA,17.39,
FI,2021,M,"Professional, scientific and technical activities",E_AI_TANY,Cualquier IA,29.63,
FR,2021,M,"Professional, scientific and technical activities",E_AI_TANY,Cualquier IA,15.23,
HR,2021,M,"Professional, scientific and technical activities",E_AI_TANY,Cualquier IA,13.25,
HU,2021,M,"Professional, scientific and technical activities",E_AI_TANY,Cualquier IA,3.71,
IE,2021,M,"Professional, scientific and technical activities",E_AI_TANY,Cualquier IA,13.59,
IT,2021,M,"Professional, scientific and technical activities",E_AI_TANY,Cualquier IA,8.68,
LT,2021,M,"Professional, scientific and technical activities",E_AI_TANY,Cualquier IA,7.22,
LU,2021,M,"Professional, scientific and technical activities",E_AI_TANY,Cualquier IA,20.8,
LV,2021,M,"Professional, scientific and technical activities",E_AI_TANY,Cualquier IA,9.28,
MT,2021,M,"Professional, scientific and technical activities",E_AI_TANY,Cualquier IA,,@C
NL,2021,M,"Professional, scientific and technical activities",E_AI_TANY,Cualquier IA,20.05,
PL,2021,M,"Professional, scientific and technical activities",E_AI_TANY,Cualquier IA,6.48,
PT,2021,M,"Professional, scientific and technical activities",E_AI_TANY,Cualquier IA,10.38,
RO,2021,M,"Professional, scientific and technical activities",E_AI_TANY,Cualquier IA,6.68,
SE,2021,M,"Professional, scientific and technical activities",E_AI_TANY,Cualquier IA,16.47,
SI,2021,M,"Professional, scientific and technical activities",E_AI_TANY,Cualquier IA,18.59,
SK,2021,M,"Professional, scientific and technical activities",E_AI_TANY,Cualquier IA,3.67,
AT,2021,M,"Professional, scientific and technical activities",E_AI_TAR,Robots autonomos,0.98,
BE,2021,M,"Professional, scientific and technical activities",E_AI_TAR,Robots autonomos,4.43,
BG,2021,M,"Professional, scientific and technical activities",E_AI_TAR,Robots autonomos,,u
CY,2021,M,"Professional, scientific and technical activities",E_AI_TAR,Robots autonomos,0.0,
CZ,2021,M,"Professional, scientific and technical activities",E_AI_TAR,Robots autonomos,0.58,
DE,2021,M,"Professional, scientific and technical activities",E_AI_TAR,Robots autonomos,1.14,
DK,2021,M,"Professional, scientific and technical activities",E_AI_TAR,Robots autonomos,5.86,
EE,2021,M,"Professional, scientific and technical activities",E_AI_TAR,Robots autonomos,1.86,
EL,2021,M,"Professional, scientific and technical activities",E_AI_TAR,Robots autonomos,0.48,
ES,2021,M,"Professional, scientific and technical activities",E_AI_TAR,Robots autonomos,1.12,
EU27_2020,2021,M,"Professional, scientific and technical activities",E_AI_TAR,Robots autonomos,1.23,
FI,2021,M,"Professional, scientific and technical activities",E_AI_TAR,Robots autonomos,4.43,
FR,2021,M,"Professional, scientific and technical activities",E_AI_TAR,Robots autonomos,0.78,
HR,2021,M,"Professional, scientific and technical activities",E_AI_TAR,Robots autonomos,1.09,
HU,2021,M,"Professional, scientific and technical activities",E_AI_TAR,Robots autonomos,0.04,
IE,2021,M,"Professional, scientific and technical activities",E_AI_TAR,Robots autonomos,1.16,
IT,2021,M,"Professional, scientific and technical activities",E_AI_TAR,Robots autonomos,0.36,
LT,2021,M,"Professional, scientific and technical activities",E_AI_TAR,Robots autonomos,0.47,
LU,2021,M,"Professional, scientific and technical activities",E_AI_TAR,Robots autonomos,2.12,
LV,2021,M,"Professional, scientific and technical activities",E_AI_TAR,Robots autonomos,0.78,
MT,2021,M,"Professional, scientific and technical activities",E_AI_TAR,Robots autonomos,,@C
NL,2021,M,"Professional, scientific and technical activities",E_AI_TAR,Robots autonomos,2.7,
PL,2021,M,"Professional, scientific and technical activities",E_AI_TAR,Robots autonomos,0.34,
PT,2021,M,"Professional, scientific and technical activities",E_AI_TAR,Robots autonomos,0.76,
RO,2021,M,"Professional, scientific and technical activities",E_AI_TAR,Robots autonomos,3.66,
SE,2021,M,"Professional, scientific and technical activities",E_AI_TAR,Robots autonomos,1.54,
SI,2021,M,"Professional, scientific and technical activities",E_AI_TAR,Robots autonomos,1.33,
SK,2021,M,"Professional, scientific and technical activities",E_AI_TAR,Robots autonomos,0.57,
AT,2021,M,"Professional, scientific and technical activities",E_AI_TIR,Vision por computador,2.61,
BE,2021,M,"Professional, scientific and technical activities",E_AI_TIR,Vision por computador,8.5,
BG,2021,M,"Professional, scientific and technical activities",E_AI_TIR,Vision por computador,,u
CY,2021,M,"Professional, scientific and technical activities",E_AI_TIR,Vision por computador,2.38,
CZ,2021,M,"Professional, scientific and technical activities",E_AI_TIR,Vision por computador,1.39,
DE,2021,M,"Professional, scientific and technical activities",E_AI_TIR,Vision por computador,5.43,
DK,2021,M,"Professional, scientific and technical activities",E_AI_TIR,Vision por computador,7.5,
EE,2021,M,"Professional, scientific and technical activities",E_AI_TIR,Vision por computador,1.56,
EL,2021,M,"Professional, scientific and technical activities",E_AI_TIR,Vision por computador,0.5,
ES,2021,M,"Professional, scientific and technical activities",E_AI_TIR,Vision por computador,4.37,
EU27_2020,2021,M,"Professional, scientific and technical activities",E_AI_TIR,Vision por computador,3.98,
FI,2021,M,"Professional, scientific and technical activities",E_AI_TIR,Vision por computador,9.08,
FR,2021,M,"Professional, scientific and technical activities",E_AI_TIR,Vision por computador,3.27,
HR,2021,M,"Professional, scientific and technical activities",E_AI_TIR,Vision por computador,2.0,
HU,2021,M,"Professional, scientific and technical activities",E_AI_TIR,Vision por computador,0.67,
IE,2021,M,"Professional, scientific and technical activities",E_AI_TIR,Vision por computador,1.34,
IT,2021,M,"Professional, scientific and technical activities",E_AI_TIR,Vision por computador,1.64,
LT,2021,M,"Professional, scientific and technical activities",E_AI_TIR,Vision por computador,1.98,
LU,2021,M,"Professional, scientific and technical activities",E_AI_TIR,Vision por computador,4.93,
LV,2021,M,"Professional, scientific and technical activities",E_AI_TIR,Vision por computador,2.37,
MT,2021,M,"Professional, scientific and technical activities",E_AI_TIR,Vision por computador,,@C
NL,2021,M,"Professional, scientific and technical activities",E_AI_TIR,Vision por computador,5.59,
PL,2021,M,"Professional, scientific and technical activities",E_AI_TIR,Vision por computador,1.68,
PT,2021,M,"Professional, scientific and technical activities",E_AI_TIR,Vision por computador,3.03,
RO,2021,M,"Professional, scientific and technical activities",E_AI_TIR,Vision por computador,3.8,
SE,2021,M,"Professional, scientific and technical activities",E_AI_TIR,Vision por computador,2.65,
SI,2021,M,"Professional, scientific and technical activities",E_AI_TIR,Vision por computador,12.22,
SK,2021,M,"Professional, scientific and technical activities",E_AI_TIR,Vision por computador,1.25,
AT,2021,M,"Professional, scientific and technical activities",E_AI_TML,Machine learning,7.0,
BE,2021,M,"Professional, scientific and technical activities",E_AI_TML,Machine learning,10.92,
BG,2021,M,"Professional, scientific and technical activities",E_AI_TML,Machine learning,,u
CY,2021,M,"Professional, scientific and technical activities",E_AI_TML,Machine learning,2.56,
CZ,2021,M,"Professional, scientific and technical activities",E_AI_TML,Machine learning,2.65,
DE,2021,M,"Professional, scientific and technical activities",E_AI_TML,Machine learning,7.65,
DK,2021,M,"Professional, scientific and technical activities",E_AI_TML,Machine learning,19.45,
EE,2021,M,"Professional, scientific and technical activities",E_AI_TML,Machine learning,3.84,
EL,2021,M,"Professional, scientific and technical activities",E_AI_TML,Machine learning,2.95,
ES,2021,M,"Professional, scientific and technical activities",E_AI_TML,Machine learning,5.8,
EU27_2020,2021,M,"Professional, scientific and technical activities",E_AI_TML,Machine learning,6.46,
FI,2021,M,"Professional, scientific and technical activities",E_AI_TML,Machine learning,15.99,
FR,2021,M,"Professional, scientific and technical activities",E_AI_TML,Machine learning,7.36,
HR,2021,M,"Professional, scientific and technical activities",E_AI_TML,Machine learning,4.53,
HU,2021,M,"Professional, scientific and technical activities",E_AI_TML,Machine learning,0.69,
IE,2021,M,"Professional, scientific and technical activities",E_AI_TML,Machine learning,2.85,
IT,2021,M,"Professional, scientific and technical activities",E_AI_TML,Machine learning,2.35,
LT,2021,M,"Professional, scientific and technical activities",E_AI_TML,Machine learning,1.63,
LU,2021,M,"Professional, scientific and technical activities",E_AI_TML,Machine learning,6.78,
LV,2021,M,"Professional, scientific and technical activities",E_AI_TML,Machine learning,2.24,
MT,2021,M,"Professional, scientific and technical activities",E_AI_TML,Machine learning,,@C
NL,2021,M,"Professional, scientific and technical activities",E_AI_TML,Machine learning,10.53,
PL,2021,M,"Professional, scientific and technical activities",E_AI_TML,Machine learning,2.0,
PT,2021,M,"Professional, scientific and technical activities",E_AI_TML,Machine learning,2.31,
RO,2021,M,"Professional, scientific and technical activities",E_AI_TML,Machine learning,2.4,
SE,2021,M,"Professional, scientific and technical activities",E_AI_TML,Machine learning,8.84,
SI,2021,M,"Professional, scientific and technical activities",E_AI_TML,Machine learning,5.89,
SK,2021,M,"Professional, scientific and technical activities",E_AI_TML,Machine learning,0.98,
AT,2021,M,"Professional, scientific and technical activities",E_AI_TNLG,Generacion de lenguaje,3.4,
BE,2021,M,"Professional, scientific and technical activities",E_AI_TNLG,Generacion de lenguaje,6.59,
BG,2021,M,"Professional, scientific and technical activities",E_AI_TNLG,Generacion de lenguaje,,u
CY,2021,M,"Professional, scientific and technical activities",E_AI_TNLG,Generacion de lenguaje,1.1,
CZ,2021,M,"Professional, scientific and technical activities",E_AI_TNLG,Generacion de lenguaje,3.49,
DE,2021,M,"Professional, scientific and technical activities",E_AI_TNLG,Generacion de lenguaje,2.48,
DK,2021,M,"Professional, scientific and technical activities",E_AI_TNLG,Generacion de lenguaje,10.56,
EE,2021,M,"Professional, scientific and technical activities",E_AI_TNLG,Generacion de lenguaje,2.07,
EL,2021,M,"Professional, scientific and technical activities",E_AI_TNLG,Generacion de lenguaje,0.65,
ES,2021,M,"Professional, scientific and technical activities",E_AI_TNLG,Generacion de lenguaje,3.06,
EU27_2020,2021,M,"Professional, scientific and technical activities",E_AI_TNLG,Generacion de lenguaje,2.6,
FI,2021,M,"Professional, scientific and technical activities",E_AI_TNLG,Generacion de lenguaje,3.88,
FR,2021,M,"Professional, scientific and technical activities",E_AI_TNLG,Generacion de lenguaje,1.69,
HR,2021,M,"Professional, scientific and technical activities",E_AI_TNLG,Generacion de lenguaje,3.47,
HU,2021,M,"Professional, scientific and technical activities",E_AI_TNLG,Generacion de lenguaje,0.69,
IE,2021,M,"Professional, scientific and technical activities",E_AI_TNLG,Generacion de lenguaje,2.85,
IT,2021,M,"Professional, scientific and technical activities",E_AI_TNLG,Generacion de lenguaje,1.34,
LT,2021,M,"Professional, scientific and technical activities",E_AI_TNLG,Generacion de lenguaje,0.12,
LU,2021,M,"Professional, scientific and technical activities",E_AI_TNLG,Generacion de lenguaje,3.6,
LV,2021,M,"Professional, scientific and technical activities",E_AI_TNLG,Generacion de lenguaje,2.16,
MT,2021,M,"Professional, scientific and technical activities",E_AI_TNLG,Generacion de lenguaje,,@C
NL,2021,M,"Professional, scientific and technical activities",E_AI_TNLG,Generacion de lenguaje,3.76,
PL,2021,M,"Professional, scientific and technical activities",E_AI_TNLG,Generacion de lenguaje,0.45,
PT,2021,M,"Professional, scientific and technical activities",E_AI_TNLG,Generacion de lenguaje,4.68,
RO,2021,M,"Professional, scientific and technical activities",E_AI_TNLG,Generacion de lenguaje,3.98,
SE,2021,M,"Professional, scientific and technical activities",E_AI_TNLG,Generacion de lenguaje,4.81,
SI,2021,M,"Professional, scientific and technical activities",E_AI_TNLG,Generacion de lenguaje,5.02,
SK,2021,M,"Professional, scientific and technical activities",E_AI_TNLG,Generacion de lenguaje,0.76,
AT,2021,M,"Professional, scientific and technical activities",E_AI_TPA,Automatizacion de procesos,5.89,
BE,2021,M,"Professional, scientific and technical activities",E_AI_TPA,Automatizacion de procesos,6.55,
BG,2021,M,"Professional, scientific and technical activities",E_AI_TPA,Automatizacion de procesos,1.0,
CY,2021,M,"Professional, scientific and technical activities",E_AI_TPA,Automatizacion de procesos,0.37,
CZ,2021,M,"Professional, scientific and technical activities",E_AI_TPA,Automatizacion de procesos,2.48,
DE,2021,M,"Professional, scientific and technical activities",E_AI_TPA,Automatizacion de procesos,8.19,
DK,2021,M,"Professional, scientific and technical activities",E_AI_TPA,Automatizacion de procesos,26.13,
EE,2021,M,"Professional, scientific and technical activities",E_AI_TPA,Automatizacion de procesos,1.88,
EL,2021,M,"Professional, scientific and technical activities",E_AI_TPA,Automatizacion de procesos,3.88,
ES,2021,M,"Professional, scientific and technical activities",E_AI_TPA,Automatizacion de procesos,5.93,
EU27_2020,2021,M,"Professional, scientific and technical activities",E_AI_TPA,Automatizacion de procesos,6.18,
FI,2021,M,"Professional, scientific and technical activities",E_AI_TPA,Automatizacion de procesos,17.62,
FR,2021,M,"Professional, scientific and technical activities",E_AI_TPA,Automatizacion de procesos,4.7,
HR,2021,M,"Professional, scientific and technical activities",E_AI_TPA,Automatizacion de procesos,3.95,
HU,2021,M,"Professional, scientific and technical activities",E_AI_TPA,Automatizacion de procesos,0.77,
IE,2021,M,"Professional, scientific and technical activities",E_AI_TPA,Automatizacion de procesos,3.28,
IT,2021,M,"Professional, scientific and technical activities",E_AI_TPA,Automatizacion de procesos,1.54,
LT,2021,M,"Professional, scientific and technical activities",E_AI_TPA,Automatizacion de procesos,5.36,
LU,2021,M,"Professional, scientific and technical activities",E_AI_TPA,Automatizacion de procesos,6.21,
LV,2021,M,"Professional, scientific and technical activities",E_AI_TPA,Automatizacion de procesos,4.14,
MT,2021,M,"Professional, scientific and technical activities",E_AI_TPA,Automatizacion de procesos,,@C
NL,2021,M,"Professional, scientific and technical activities",E_AI_TPA,Automatizacion de procesos,8.97,
PL,2021,M,"Professional, scientific and technical activities",E_AI_TPA,Automatizacion de procesos,4.06,
PT,2021,M,"Professional, scientific and technical activities",E_AI_TPA,Automatizacion de procesos,4.49,
RO,2021,M,"Professional, scientific and technical activities",E_AI_TPA,Automatizacion de procesos,4.17,
SE,2021,M,"Professional, scientific and technical activities",E_AI_TPA,Automatizacion de procesos,7.62,
SI,2021,M,"Professional, scientific and technical activities",E_AI_TPA,Automatizacion de procesos,2.42,
SK,2021,M,"Professional, scientific and technical activities",E_AI_TPA,Automatizacion de procesos,1.78,
AT,2021,M,"Professional, scientific and technical activities",E_AI_TPVSG,Generacion de imagen/audio,,
BE,2021,M,"Professional, scientific and technical activities",E_AI_TPVSG,Generacion de imagen/audio,,
BG,2021,M,"Professional, scientific and technical activities",E_AI_TPVSG,Generacion de imagen/audio,,
CY,2021,M,"Professional, scientific and technical activities",E_AI_TPVSG,Generacion de imagen/audio,,
CZ,2021,M,"Professional, scientific and technical activities",E_AI_TPVSG,Generacion de imagen/audio,,
DE,2021,M,"Professional, scientific and technical activities",E_AI_TPVSG,Generacion de imagen/audio,,
DK,2021,M,"Professional, scientific and technical activities",E_AI_TPVSG,Generacion de imagen/audio,,
EE,2021,M,"Professional, scientific and technical activities",E_AI_TPVSG,Generacion de imagen/audio,,
EL,2021,M,"Professional, scientific and technical activities",E_AI_TPVSG,Generacion de imagen/audio,,
ES,2021,M,"Professional, scientific and technical activities",E_AI_TPVSG,Generacion de imagen/audio,,
EU27_2020,2021,M,"Professional, scientific and technical activities",E_AI_TPVSG,Generacion de imagen/audio,,
FI,2021,M,"Professional, scientific and technical activities",E_AI_TPVSG,Generacion de imagen/audio,,
FR,2021,M,"Professional, scientific and technical activities",E_AI_TPVSG,Generacion de imagen/audio,,
HR,2021,M,"Professional, scientific and technical activities",E_AI_TPVSG,Generacion de imagen/audio,,
HU,2021,M,"Professional, scientific and technical activities",E_AI_TPVSG,Generacion de imagen/audio,,
IE,2021,M,"Professional, scientific and technical activities",E_AI_TPVSG,Generacion de imagen/audio,,
IT,2021,M,"Professional, scientific and technical activities",E_AI_TPVSG,Generacion de imagen/audio,,
LT,2021,M,"Professional, scientific and technical activities",E_AI_TPVSG,Generacion de imagen/audio,,
LU,2021,M,"Professional, scientific and technical activities",E_AI_TPVSG,Generacion de imagen/audio,,
LV,2021,M,"Professional, scientific and technical activities",E_AI_TPVSG,Generacion de imagen/audio,,
MT,2021,M,"Professional, scientific and technical activities",E_AI_TPVSG,Generacion de imagen/audio,,
NL,2021,M,"Professional, scientific and technical activities",E_AI_TPVSG,Generacion de imagen/audio,,
PL,2021,M,"Professional, scientific and technical activities",E_AI_TPVSG,Generacion de imagen/audio,,
PT,2021,M,"Professional, scientific and technical activities",E_AI_TPVSG,Generacion de imagen/audio,,
RO,2021,M,"Professional, scientific and technical activities",E_AI_TPVSG,Generacion de imagen/audio,,
SE,2021,M,"Professional, scientific and technical activities",E_AI_TPVSG,Generacion de imagen/audio,,
SI,2021,M,"Professional, scientific and technical activities",E_AI_TPVSG,Generacion de imagen/audio,,
SK,2021,M,"Professional, scientific and technical activities",E_AI_TPVSG,Generacion de imagen/audio,,
AT,2021,M,"Professional, scientific and technical activities",E_AI_TSR,Reconocimiento de voz,7.9,
BE,2021,M,"Professional, scientific and technical activities",E_AI_TSR,Reconocimiento de voz,3.9,
BG,2021,M,"Professional, scientific and technical activities",E_AI_TSR,Reconocimiento de voz,,u
CY,2021,M,"Professional, scientific and technical activities",E_AI_TSR,Reconocimiento de voz,0.37,
CZ,2021,M,"Professional, scientific and technical activities",E_AI_TSR,Reconocimiento de voz,4.4,
DE,2021,M,"Professional, scientific and technical activities",E_AI_TSR,Reconocimiento de voz,14.06,
DK,2021,M,"Professional, scientific and technical activities",E_AI_TSR,Reconocimiento de voz,8.02,
EE,2021,M,"Professional, scientific and technical activities",E_AI_TSR,Reconocimiento de voz,0.51,
EL,2021,M,"Professional, scientific and technical activities",E_AI_TSR,Reconocimiento de voz,4.34,
ES,2021,M,"Professional, scientific and technical activities",E_AI_TSR,Reconocimiento de voz,5.16,
EU27_2020,2021,M,"Professional, scientific and technical activities",E_AI_TSR,Reconocimiento de voz,7.13,
FI,2021,M,"Professional, scientific and technical activities",E_AI_TSR,Reconocimiento de voz,7.55,
FR,2021,M,"Professional, scientific and technical activities",E_AI_TSR,Reconocimiento de voz,3.43,
HR,2021,M,"Professional, scientific and technical activities",E_AI_TSR,Reconocimiento de voz,3.45,
HU,2021,M,"Professional, scientific and technical activities",E_AI_TSR,Reconocimiento de voz,0.74,
IE,2021,M,"Professional, scientific and technical activities",E_AI_TSR,Reconocimiento de voz,9.33,
IT,2021,M,"Professional, scientific and technical activities",E_AI_TSR,Reconocimiento de voz,2.74,
LT,2021,M,"Professional, scientific and technical activities",E_AI_TSR,Reconocimiento de voz,0.58,
LU,2021,M,"Professional, scientific and technical activities",E_AI_TSR,Reconocimiento de voz,6.58,
LV,2021,M,"Professional, scientific and technical activities",E_AI_TSR,Reconocimiento de voz,3.07,
MT,2021,M,"Professional, scientific and technical activities",E_AI_TSR,Reconocimiento de voz,,@C
NL,2021,M,"Professional, scientific and technical activities",E_AI_TSR,Reconocimiento de voz,5.82,
PL,2021,M,"Professional, scientific and technical activities",E_AI_TSR,Reconocimiento de voz,1.07,
PT,2021,M,"Professional, scientific and technical activities",E_AI_TSR,Reconocimiento de voz,2.78,
RO,2021,M,"Professional, scientific and technical activities",E_AI_TSR,Reconocimiento de voz,5.64,
SE,2021,M,"Professional, scientific and technical activities",E_AI_TSR,Reconocimiento de voz,4.51,
SI,2021,M,"Professional, scientific and technical activities",E_AI_TSR,Reconocimiento de voz,2.79,
SK,2021,M,"Professional, scientific and technical activities",E_AI_TSR,Reconocimiento de voz,0.76,
AT,2021,M,"Professional, scientific and technical activities",E_AI_TTM,Mineria de texto,12.14,
BE,2021,M,"Professional, scientific and technical activities",E_AI_TTM,Mineria de texto,8.7,
BG,2021,M,"Professional, scientific and technical activities",E_AI_TTM,Mineria de texto,2.13,
CY,2021,M,"Professional, scientific and technical activities",E_AI_TTM,Mineria de texto,1.46,
CZ,2021,M,"Professional, scientific and technical activities",E_AI_TTM,Mineria de texto,3.61,
DE,2021,M,"Professional, scientific and technical activities",E_AI_TTM,Mineria de texto,7.96,
DK,2021,M,"Professional, scientific and technical activities",E_AI_TTM,Mineria de texto,15.79,
EE,2021,M,"Professional, scientific and technical activities",E_AI_TTM,Mineria de texto,1.33,
EL,2021,M,"Professional, scientific and technical activities",E_AI_TTM,Mineria de texto,2.75,
ES,2021,M,"Professional, scientific and technical activities",E_AI_TTM,Mineria de texto,4.97,
EU27_2020,2021,M,"Professional, scientific and technical activities",E_AI_TTM,Mineria de texto,6.13,
FI,2021,M,"Professional, scientific and technical activities",E_AI_TTM,Mineria de texto,13.3,
FR,2021,M,"Professional, scientific and technical activities",E_AI_TTM,Mineria de texto,4.29,
HR,2021,M,"Professional, scientific and technical activities",E_AI_TTM,Mineria de texto,9.13,
HU,2021,M,"Professional, scientific and technical activities",E_AI_TTM,Mineria de texto,2.06,
IE,2021,M,"Professional, scientific and technical activities",E_AI_TTM,Mineria de texto,1.69,
IT,2021,M,"Professional, scientific and technical activities",E_AI_TTM,Mineria de texto,5.14,
LT,2021,M,"Professional, scientific and technical activities",E_AI_TTM,Mineria de texto,1.4,
LU,2021,M,"Professional, scientific and technical activities",E_AI_TTM,Mineria de texto,13.68,
LV,2021,M,"Professional, scientific and technical activities",E_AI_TTM,Mineria de texto,5.58,
MT,2021,M,"Professional, scientific and technical activities",E_AI_TTM,Mineria de texto,,@C
NL,2021,M,"Professional, scientific and technical activities",E_AI_TTM,Mineria de texto,6.42,
PL,2021,M,"Professional, scientific and technical activities",E_AI_TTM,Mineria de texto,1.75,
PT,2021,M,"Professional, scientific and technical activities",E_AI_TTM,Mineria de texto,5.53,
RO,2021,M,"Professional, scientific and technical activities",E_AI_TTM,Mineria de texto,6.35,
SE,2021,M,"Professional, scientific and technical activities",E_AI_TTM,Mineria de texto,6.55,
SI,2021,M,"Professional, scientific and technical activities",E_AI_TTM,Mineria de texto,0.78,
SK,2021,M,"Professional, scientific and technical activities",E_AI_TTM,Mineria de texto,1.71,
AT,2021,N,Administrative and support service activities,E_AI_TANY,Cualquier IA,6.48,
BE,2021,N,Administrative and support service activities,E_AI_TANY,Cualquier IA,8.7,
BG,2021,N,Administrative and support service activities,E_AI_TANY,Cualquier IA,2.88,
CY,2021,N,Administrative and support service activities,E_AI_TANY,Cualquier IA,3.1,
CZ,2021,N,Administrative and support service activities,E_AI_TANY,Cualquier IA,3.1,
DE,2021,N,Administrative and support service activities,E_AI_TANY,Cualquier IA,6.85,
DK,2021,N,Administrative and support service activities,E_AI_TANY,Cualquier IA,19.04,
EE,2021,N,Administrative and support service activities,E_AI_TANY,Cualquier IA,2.63,
EL,2021,N,Administrative and support service activities,E_AI_TANY,Cualquier IA,1.84,
ES,2021,N,Administrative and support service activities,E_AI_TANY,Cualquier IA,7.77,
EU27_2020,2021,N,Administrative and support service activities,E_AI_TANY,Cualquier IA,7.19,
FI,2021,N,Administrative and support service activities,E_AI_TANY,Cualquier IA,17.28,
FR,2021,N,Administrative and support service activities,E_AI_TANY,Cualquier IA,7.28,
HR,2021,N,Administrative and support service activities,E_AI_TANY,Cualquier IA,5.16,
HU,2021,N,Administrative and support service activities,E_AI_TANY,Cualquier IA,4.83,
IE,2021,N,Administrative and support service activities,E_AI_TANY,Cualquier IA,12.22,
IT,2021,N,Administrative and support service activities,E_AI_TANY,Cualquier IA,6.22,
LT,2021,N,Administrative and support service activities,E_AI_TANY,Cualquier IA,6.35,
LU,2021,N,Administrative and support service activities,E_AI_TANY,Cualquier IA,16.09,
LV,2021,N,Administrative and support service activities,E_AI_TANY,Cualquier IA,4.01,
MT,2021,N,Administrative and support service activities,E_AI_TANY,Cualquier IA,8.64,
NL,2021,N,Administrative and support service activities,E_AI_TANY,Cualquier IA,10.6,
PL,2021,N,Administrative and support service activities,E_AI_TANY,Cualquier IA,4.16,
PT,2021,N,Administrative and support service activities,E_AI_TANY,Cualquier IA,10.81,
RO,2021,N,Administrative and support service activities,E_AI_TANY,Cualquier IA,3.04,
SE,2021,N,Administrative and support service activities,E_AI_TANY,Cualquier IA,8.58,
SI,2021,N,Administrative and support service activities,E_AI_TANY,Cualquier IA,9.02,
SK,2021,N,Administrative and support service activities,E_AI_TANY,Cualquier IA,8.6,
AT,2021,N,Administrative and support service activities,E_AI_TAR,Robots autonomos,0.07,
BE,2021,N,Administrative and support service activities,E_AI_TAR,Robots autonomos,0.71,
BG,2021,N,Administrative and support service activities,E_AI_TAR,Robots autonomos,,u
CY,2021,N,Administrative and support service activities,E_AI_TAR,Robots autonomos,0.0,
CZ,2021,N,Administrative and support service activities,E_AI_TAR,Robots autonomos,0.0,
DE,2021,N,Administrative and support service activities,E_AI_TAR,Robots autonomos,0.22,
DK,2021,N,Administrative and support service activities,E_AI_TAR,Robots autonomos,2.37,
EE,2021,N,Administrative and support service activities,E_AI_TAR,Robots autonomos,0.0,
EL,2021,N,Administrative and support service activities,E_AI_TAR,Robots autonomos,0.13,
ES,2021,N,Administrative and support service activities,E_AI_TAR,Robots autonomos,0.34,
EU27_2020,2021,N,Administrative and support service activities,E_AI_TAR,Robots autonomos,0.39,
FI,2021,N,Administrative and support service activities,E_AI_TAR,Robots autonomos,1.05,
FR,2021,N,Administrative and support service activities,E_AI_TAR,Robots autonomos,0.31,
HR,2021,N,Administrative and support service activities,E_AI_TAR,Robots autonomos,0.0,
HU,2021,N,Administrative and support service activities,E_AI_TAR,Robots autonomos,1.31,
IE,2021,N,Administrative and support service activities,E_AI_TAR,Robots autonomos,0.0,
IT,2021,N,Administrative and support service activities,E_AI_TAR,Robots autonomos,0.44,
LT,2021,N,Administrative and support service activities,E_AI_TAR,Robots autonomos,0.51,
LU,2021,N,Administrative and support service activities,E_AI_TAR,Robots autonomos,1.42,
LV,2021,N,Administrative and support service activities,E_AI_TAR,Robots autonomos,0.0,
MT,2021,N,Administrative and support service activities,E_AI_TAR,Robots autonomos,0.95,
NL,2021,N,Administrative and support service activities,E_AI_TAR,Robots autonomos,1.36,
PL,2021,N,Administrative and support service activities,E_AI_TAR,Robots autonomos,0.34,
PT,2021,N,Administrative and support service activities,E_AI_TAR,Robots autonomos,0.4,
RO,2021,N,Administrative and support service activities,E_AI_TAR,Robots autonomos,0.04,
SE,2021,N,Administrative and support service activities,E_AI_TAR,Robots autonomos,0.18,
SI,2021,N,Administrative and support service activities,E_AI_TAR,Robots autonomos,,@C
SK,2021,N,Administrative and support service activities,E_AI_TAR,Robots autonomos,0.0,
AT,2021,N,Administrative and support service activities,E_AI_TIR,Vision por computador,2.55,
BE,2021,N,Administrative and support service activities,E_AI_TIR,Vision por computador,1.23,
BG,2021,N,Administrative and support service activities,E_AI_TIR,Vision por computador,,u
CY,2021,N,Administrative and support service activities,E_AI_TIR,Vision por computador,1.2,
CZ,2021,N,Administrative and support service activities,E_AI_TIR,Vision por computador,0.84,
DE,2021,N,Administrative and support service activities,E_AI_TIR,Vision por computador,2.18,
DK,2021,N,Administrative and support service activities,E_AI_TIR,Vision por computador,1.97,
EE,2021,N,Administrative and support service activities,E_AI_TIR,Vision por computador,2.12,
EL,2021,N,Administrative and support service activities,E_AI_TIR,Vision por computador,0.99,
ES,2021,N,Administrative and support service activities,E_AI_TIR,Vision por computador,1.66,
EU27_2020,2021,N,Administrative and support service activities,E_AI_TIR,Vision por computador,1.88,
FI,2021,N,Administrative and support service activities,E_AI_TIR,Vision por computador,9.32,
FR,2021,N,Administrative and support service activities,E_AI_TIR,Vision por computador,1.82,
HR,2021,N,Administrative and support service activities,E_AI_TIR,Vision por computador,0.53,
HU,2021,N,Administrative and support service activities,E_AI_TIR,Vision por computador,1.02,
IE,2021,N,Administrative and support service activities,E_AI_TIR,Vision por computador,0.25,
IT,2021,N,Administrative and support service activities,E_AI_TIR,Vision por computador,1.19,
LT,2021,N,Administrative and support service activities,E_AI_TIR,Vision por computador,2.74,
LU,2021,N,Administrative and support service activities,E_AI_TIR,Vision por computador,4.06,
LV,2021,N,Administrative and support service activities,E_AI_TIR,Vision por computador,2.49,
MT,2021,N,Administrative and support service activities,E_AI_TIR,Vision por computador,3.25,
NL,2021,N,Administrative and support service activities,E_AI_TIR,Vision por computador,2.3,
PL,2021,N,Administrative and support service activities,E_AI_TIR,Vision por computador,0.97,
PT,2021,N,Administrative and support service activities,E_AI_TIR,Vision por computador,4.49,
RO,2021,N,Administrative and support service activities,E_AI_TIR,Vision por computador,0.81,
SE,2021,N,Administrative and support service activities,E_AI_TIR,Vision por computador,0.41,
SI,2021,N,Administrative and support service activities,E_AI_TIR,Vision por computador,6.29,
SK,2021,N,Administrative and support service activities,E_AI_TIR,Vision por computador,3.36,
AT,2021,N,Administrative and support service activities,E_AI_TML,Machine learning,2.73,
BE,2021,N,Administrative and support service activities,E_AI_TML,Machine learning,3.88,
BG,2021,N,Administrative and support service activities,E_AI_TML,Machine learning,,u
CY,2021,N,Administrative and support service activities,E_AI_TML,Machine learning,1.2,
CZ,2021,N,Administrative and support service activities,E_AI_TML,Machine learning,0.98,
DE,2021,N,Administrative and support service activities,E_AI_TML,Machine learning,1.05,
DK,2021,N,Administrative and support service activities,E_AI_TML,Machine learning,6.74,
EE,2021,N,Administrative and support service activities,E_AI_TML,Machine learning,0.28,
EL,2021,N,Administrative and support service activities,E_AI_TML,Machine learning,0.43,
ES,2021,N,Administrative and support service activities,E_AI_TML,Machine learning,1.69,
EU27_2020,2021,N,Administrative and support service activities,E_AI_TML,Machine learning,1.63,
FI,2021,N,Administrative and support service activities,E_AI_TML,Machine learning,5.58,
FR,2021,N,Administrative and support service activities,E_AI_TML,Machine learning,1.33,
HR,2021,N,Administrative and support service activities,E_AI_TML,Machine learning,,@C
HU,2021,N,Administrative and support service activities,E_AI_TML,Machine learning,0.74,
IE,2021,N,Administrative and support service activities,E_AI_TML,Machine learning,4.87,
IT,2021,N,Administrative and support service activities,E_AI_TML,Machine learning,1.02,
LT,2021,N,Administrative and support service activities,E_AI_TML,Machine learning,1.37,
LU,2021,N,Administrative and support service activities,E_AI_TML,Machine learning,3.58,
LV,2021,N,Administrative and support service activities,E_AI_TML,Machine learning,1.34,
MT,2021,N,Administrative and support service activities,E_AI_TML,Machine learning,4.01,
NL,2021,N,Administrative and support service activities,E_AI_TML,Machine learning,4.01,
PL,2021,N,Administrative and support service activities,E_AI_TML,Machine learning,0.32,
PT,2021,N,Administrative and support service activities,E_AI_TML,Machine learning,4.39,
RO,2021,N,Administrative and support service activities,E_AI_TML,Machine learning,0.3,
SE,2021,N,Administrative and support service activities,E_AI_TML,Machine learning,2.6,
SI,2021,N,Administrative and support service activities,E_AI_TML,Machine learning,1.87,
SK,2021,N,Administrative and support service activities,E_AI_TML,Machine learning,0.08,
AT,2021,N,Administrative and support service activities,E_AI_TNLG,Generacion de lenguaje,0.07,
BE,2021,N,Administrative and support service activities,E_AI_TNLG,Generacion de lenguaje,1.27,
BG,2021,N,Administrative and support service activities,E_AI_TNLG,Generacion de lenguaje,,u
CY,2021,N,Administrative and support service activities,E_AI_TNLG,Generacion de lenguaje,0.0,
CZ,2021,N,Administrative and support service activities,E_AI_TNLG,Generacion de lenguaje,0.21,
DE,2021,N,Administrative and support service activities,E_AI_TNLG,Generacion de lenguaje,0.48,
DK,2021,N,Administrative and support service activities,E_AI_TNLG,Generacion de lenguaje,3.55,
EE,2021,N,Administrative and support service activities,E_AI_TNLG,Generacion de lenguaje,0.28,
EL,2021,N,Administrative and support service activities,E_AI_TNLG,Generacion de lenguaje,0.0,
ES,2021,N,Administrative and support service activities,E_AI_TNLG,Generacion de lenguaje,1.76,
EU27_2020,2021,N,Administrative and support service activities,E_AI_TNLG,Generacion de lenguaje,1.11,
FI,2021,N,Administrative and support service activities,E_AI_TNLG,Generacion de lenguaje,3.52,
FR,2021,N,Administrative and support service activities,E_AI_TNLG,Generacion de lenguaje,0.78,
HR,2021,N,Administrative and support service activities,E_AI_TNLG,Generacion de lenguaje,1.75,
HU,2021,N,Administrative and support service activities,E_AI_TNLG,Generacion de lenguaje,0.31,
IE,2021,N,Administrative and support service activities,E_AI_TNLG,Generacion de lenguaje,2.21,
IT,2021,N,Administrative and support service activities,E_AI_TNLG,Generacion de lenguaje,2.0,
LT,2021,N,Administrative and support service activities,E_AI_TNLG,Generacion de lenguaje,3.43,
LU,2021,N,Administrative and support service activities,E_AI_TNLG,Generacion de lenguaje,3.07,
LV,2021,N,Administrative and support service activities,E_AI_TNLG,Generacion de lenguaje,0.2,
MT,2021,N,Administrative and support service activities,E_AI_TNLG,Generacion de lenguaje,2.76,
NL,2021,N,Administrative and support service activities,E_AI_TNLG,Generacion de lenguaje,1.86,
PL,2021,N,Administrative and support service activities,E_AI_TNLG,Generacion de lenguaje,0.68,
PT,2021,N,Administrative and support service activities,E_AI_TNLG,Generacion de lenguaje,2.54,
RO,2021,N,Administrative and support service activities,E_AI_TNLG,Generacion de lenguaje,0.17,
SE,2021,N,Administrative and support service activities,E_AI_TNLG,Generacion de lenguaje,1.68,
SI,2021,N,Administrative and support service activities,E_AI_TNLG,Generacion de lenguaje,1.99,
SK,2021,N,Administrative and support service activities,E_AI_TNLG,Generacion de lenguaje,2.05,
AT,2021,N,Administrative and support service activities,E_AI_TPA,Automatizacion de procesos,1.52,
BE,2021,N,Administrative and support service activities,E_AI_TPA,Automatizacion de procesos,2.1,
BG,2021,N,Administrative and support service activities,E_AI_TPA,Automatizacion de procesos,1.76,
CY,2021,N,Administrative and support service activities,E_AI_TPA,Automatizacion de procesos,1.89,
CZ,2021,N,Administrative and support service activities,E_AI_TPA,Automatizacion de procesos,0.55,
DE,2021,N,Administrative and support service activities,E_AI_TPA,Automatizacion de procesos,1.69,
DK,2021,N,Administrative and support service activities,E_AI_TPA,Automatizacion de procesos,11.81,
EE,2021,N,Administrative and support service activities,E_AI_TPA,Automatizacion de procesos,1.05,
EL,2021,N,Administrative and support service activities,E_AI_TPA,Automatizacion de procesos,0.19,
ES,2021,N,Administrative and support service activities,E_AI_TPA,Automatizacion de procesos,2.37,
EU27_2020,2021,N,Administrative and support service activities,E_AI_TPA,Automatizacion de procesos,2.15,
FI,2021,N,Administrative and support service activities,E_AI_TPA,Automatizacion de procesos,7.48,
FR,2021,N,Administrative and support service activities,E_AI_TPA,Automatizacion de procesos,1.69,
HR,2021,N,Administrative and support service activities,E_AI_TPA,Automatizacion de procesos,4.44,
HU,2021,N,Administrative and support service activities,E_AI_TPA,Automatizacion de procesos,1.22,
IE,2021,N,Administrative and support service activities,E_AI_TPA,Automatizacion de procesos,4.3,
IT,2021,N,Administrative and support service activities,E_AI_TPA,Automatizacion de procesos,0.6,
LT,2021,N,Administrative and support service activities,E_AI_TPA,Automatizacion de procesos,1.03,
LU,2021,N,Administrative and support service activities,E_AI_TPA,Automatizacion de procesos,3.66,
LV,2021,N,Administrative and support service activities,E_AI_TPA,Automatizacion de procesos,0.66,
MT,2021,N,Administrative and support service activities,E_AI_TPA,Automatizacion de procesos,4.2,
NL,2021,N,Administrative and support service activities,E_AI_TPA,Automatizacion de procesos,5.69,
PL,2021,N,Administrative and support service activities,E_AI_TPA,Automatizacion de procesos,2.35,
PT,2021,N,Administrative and support service activities,E_AI_TPA,Automatizacion de procesos,1.78,
RO,2021,N,Administrative and support service activities,E_AI_TPA,Automatizacion de procesos,0.88,
SE,2021,N,Administrative and support service activities,E_AI_TPA,Automatizacion de procesos,5.74,
SI,2021,N,Administrative and support service activities,E_AI_TPA,Automatizacion de procesos,0.0,
SK,2021,N,Administrative and support service activities,E_AI_TPA,Automatizacion de procesos,0.69,
AT,2021,N,Administrative and support service activities,E_AI_TPVSG,Generacion de imagen/audio,,
BE,2021,N,Administrative and support service activities,E_AI_TPVSG,Generacion de imagen/audio,,
BG,2021,N,Administrative and support service activities,E_AI_TPVSG,Generacion de imagen/audio,,
CY,2021,N,Administrative and support service activities,E_AI_TPVSG,Generacion de imagen/audio,,
CZ,2021,N,Administrative and support service activities,E_AI_TPVSG,Generacion de imagen/audio,,
DE,2021,N,Administrative and support service activities,E_AI_TPVSG,Generacion de imagen/audio,,
DK,2021,N,Administrative and support service activities,E_AI_TPVSG,Generacion de imagen/audio,,
EE,2021,N,Administrative and support service activities,E_AI_TPVSG,Generacion de imagen/audio,,
EL,2021,N,Administrative and support service activities,E_AI_TPVSG,Generacion de imagen/audio,,
ES,2021,N,Administrative and support service activities,E_AI_TPVSG,Generacion de imagen/audio,,
EU27_2020,2021,N,Administrative and support service activities,E_AI_TPVSG,Generacion de imagen/audio,,
FI,2021,N,Administrative and support service activities,E_AI_TPVSG,Generacion de imagen/audio,,
FR,2021,N,Administrative and support service activities,E_AI_TPVSG,Generacion de imagen/audio,,
HR,2021,N,Administrative and support service activities,E_AI_TPVSG,Generacion de imagen/audio,,
HU,2021,N,Administrative and support service activities,E_AI_TPVSG,Generacion de imagen/audio,,
IE,2021,N,Administrative and support service activities,E_AI_TPVSG,Generacion de imagen/audio,,
IT,2021,N,Administrative and support service activities,E_AI_TPVSG,Generacion de imagen/audio,,
LT,2021,N,Administrative and support service activities,E_AI_TPVSG,Generacion de imagen/audio,,
LU,2021,N,Administrative and support service activities,E_AI_TPVSG,Generacion de imagen/audio,,
LV,2021,N,Administrative and support service activities,E_AI_TPVSG,Generacion de imagen/audio,,
MT,2021,N,Administrative and support service activities,E_AI_TPVSG,Generacion de imagen/audio,,
NL,2021,N,Administrative and support service activities,E_AI_TPVSG,Generacion de imagen/audio,,
PL,2021,N,Administrative and support service activities,E_AI_TPVSG,Generacion de imagen/audio,,
PT,2021,N,Administrative and support service activities,E_AI_TPVSG,Generacion de imagen/audio,,
RO,2021,N,Administrative and support service activities,E_AI_TPVSG,Generacion de imagen/audio,,
SE,2021,N,Administrative and support service activities,E_AI_TPVSG,Generacion de imagen/audio,,
SI,2021,N,Administrative and support service activities,E_AI_TPVSG,Generacion de imagen/audio,,
SK,2021,N,Administrative and support service activities,E_AI_TPVSG,Generacion de imagen/audio,,
AT,2021,N,Administrative and support service activities,E_AI_TSR,Reconocimiento de voz,0.79,
BE,2021,N,Administrative and support service activities,E_AI_TSR,Reconocimiento de voz,3.74,
BG,2021,N,Administrative and support service activities,E_AI_TSR,Reconocimiento de voz,,u
CY,2021,N,Administrative and support service activities,E_AI_TSR,Reconocimiento de voz,0.0,
CZ,2021,N,Administrative and support service activities,E_AI_TSR,Reconocimiento de voz,0.73,
DE,2021,N,Administrative and support service activities,E_AI_TSR,Reconocimiento de voz,2.86,
DK,2021,N,Administrative and support service activities,E_AI_TSR,Reconocimiento de voz,3.43,
EE,2021,N,Administrative and support service activities,E_AI_TSR,Reconocimiento de voz,0.28,
EL,2021,N,Administrative and support service activities,E_AI_TSR,Reconocimiento de voz,0.76,
ES,2021,N,Administrative and support service activities,E_AI_TSR,Reconocimiento de voz,3.97,
EU27_2020,2021,N,Administrative and support service activities,E_AI_TSR,Reconocimiento de voz,2.4,
FI,2021,N,Administrative and support service activities,E_AI_TSR,Reconocimiento de voz,4.71,
FR,2021,N,Administrative and support service activities,E_AI_TSR,Reconocimiento de voz,1.62,
HR,2021,N,Administrative and support service activities,E_AI_TSR,Reconocimiento de voz,2.08,
HU,2021,N,Administrative and support service activities,E_AI_TSR,Reconocimiento de voz,1.57,
IE,2021,N,Administrative and support service activities,E_AI_TSR,Reconocimiento de voz,0.16,
IT,2021,N,Administrative and support service activities,E_AI_TSR,Reconocimiento de voz,3.07,
LT,2021,N,Administrative and support service activities,E_AI_TSR,Reconocimiento de voz,2.92,
LU,2021,N,Administrative and support service activities,E_AI_TSR,Reconocimiento de voz,3.1,
LV,2021,N,Administrative and support service activities,E_AI_TSR,Reconocimiento de voz,0.45,
MT,2021,N,Administrative and support service activities,E_AI_TSR,Reconocimiento de voz,1.89,
NL,2021,N,Administrative and support service activities,E_AI_TSR,Reconocimiento de voz,2.33,
PL,2021,N,Administrative and support service activities,E_AI_TSR,Reconocimiento de voz,1.22,
PT,2021,N,Administrative and support service activities,E_AI_TSR,Reconocimiento de voz,3.6,
RO,2021,N,Administrative and support service activities,E_AI_TSR,Reconocimiento de voz,0.76,
SE,2021,N,Administrative and support service activities,E_AI_TSR,Reconocimiento de voz,0.44,
SI,2021,N,Administrative and support service activities,E_AI_TSR,Reconocimiento de voz,0.0,
SK,2021,N,Administrative and support service activities,E_AI_TSR,Reconocimiento de voz,2.42,
AT,2021,N,Administrative and support service activities,E_AI_TTM,Mineria de texto,5.81,
BE,2021,N,Administrative and support service activities,E_AI_TTM,Mineria de texto,4.13,
BG,2021,N,Administrative and support service activities,E_AI_TTM,Mineria de texto,,u
CY,2021,N,Administrative and support service activities,E_AI_TTM,Mineria de texto,1.2,
CZ,2021,N,Administrative and support service activities,E_AI_TTM,Mineria de texto,1.89,
DE,2021,N,Administrative and support service activities,E_AI_TTM,Mineria de texto,1.08,
DK,2021,N,Administrative and support service activities,E_AI_TTM,Mineria de texto,7.27,
EE,2021,N,Administrative and support service activities,E_AI_TTM,Mineria de texto,0.28,
EL,2021,N,Administrative and support service activities,E_AI_TTM,Mineria de texto,0.1,
ES,2021,N,Administrative and support service activities,E_AI_TTM,Mineria de texto,2.9,
EU27_2020,2021,N,Administrative and support service activities,E_AI_TTM,Mineria de texto,2.35,
FI,2021,N,Administrative and support service activities,E_AI_TTM,Mineria de texto,8.92,
FR,2021,N,Administrative and support service activities,E_AI_TTM,Mineria de texto,2.27,
HR,2021,N,Administrative and support service activities,E_AI_TTM,Mineria de texto,2.11,
HU,2021,N,Administrative and support service activities,E_AI_TTM,Mineria de texto,1.09,
IE,2021,N,Administrative and support service activities,E_AI_TTM,Mineria de texto,5.35,
IT,2021,N,Administrative and support service activities,E_AI_TTM,Mineria de texto,1.88,
LT,2021,N,Administrative and support service activities,E_AI_TTM,Mineria de texto,4.63,
LU,2021,N,Administrative and support service activities,E_AI_TTM,Mineria de texto,9.97,
LV,2021,N,Administrative and support service activities,E_AI_TTM,Mineria de texto,1.11,
MT,2021,N,Administrative and support service activities,E_AI_TTM,Mineria de texto,4.64,
NL,2021,N,Administrative and support service activities,E_AI_TTM,Mineria de texto,3.68,
PL,2021,N,Administrative and support service activities,E_AI_TTM,Mineria de texto,1.09,
PT,2021,N,Administrative and support service activities,E_AI_TTM,Mineria de texto,5.63,
RO,2021,N,Administrative and support service activities,E_AI_TTM,Mineria de texto,2.23,
SE,2021,N,Administrative and support service activities,E_AI_TTM,Mineria de texto,2.42,
SI,2021,N,Administrative and support service activities,E_AI_TTM,Mineria de texto,0.0,
SK,2021,N,Administrative and support service activities,E_AI_TTM,Mineria de texto,5.08,
AT,2023,C,Manufacturing,E_AI_TANY,Cualquier IA,12.31,
BE,2023,C,Manufacturing,E_AI_TANY,Cualquier IA,15.31,
BG,2023,C,Manufacturing,E_AI_TANY,Cualquier IA,2.55,
CY,2023,C,Manufacturing,E_AI_TANY,Cualquier IA,3.81,
CZ,2023,C,Manufacturing,E_AI_TANY,Cualquier IA,6.01,
DE,2023,C,Manufacturing,E_AI_TANY,Cualquier IA,9.32,
DK,2023,C,Manufacturing,E_AI_TANY,Cualquier IA,14.8,
EE,2023,C,Manufacturing,E_AI_TANY,Cualquier IA,3.12,
EL,2023,C,Manufacturing,E_AI_TANY,Cualquier IA,5.19,
ES,2023,C,Manufacturing,E_AI_TANY,Cualquier IA,8.68,
EU27_2020,2023,C,Manufacturing,E_AI_TANY,Cualquier IA,6.79,
FI,2023,C,Manufacturing,E_AI_TANY,Cualquier IA,12.98,
FR,2023,C,Manufacturing,E_AI_TANY,Cualquier IA,4.87,b
HR,2023,C,Manufacturing,E_AI_TANY,Cualquier IA,6.7,
HU,2023,C,Manufacturing,E_AI_TANY,Cualquier IA,4.24,
IE,2023,C,Manufacturing,E_AI_TANY,Cualquier IA,7.18,
IT,2023,C,Manufacturing,E_AI_TANY,Cualquier IA,4.94,
LT,2023,C,Manufacturing,E_AI_TANY,Cualquier IA,4.83,
LU,2023,C,Manufacturing,E_AI_TANY,Cualquier IA,16.17,
LV,2023,C,Manufacturing,E_AI_TANY,Cualquier IA,4.14,
MT,2023,C,Manufacturing,E_AI_TANY,Cualquier IA,10.06,
NL,2023,C,Manufacturing,E_AI_TANY,Cualquier IA,11.74,
PL,2023,C,Manufacturing,E_AI_TANY,Cualquier IA,2.86,
PT,2023,C,Manufacturing,E_AI_TANY,Cualquier IA,8.74,
RO,2023,C,Manufacturing,E_AI_TANY,Cualquier IA,1.34,
SE,2023,C,Manufacturing,E_AI_TANY,Cualquier IA,7.47,b
SI,2023,C,Manufacturing,E_AI_TANY,Cualquier IA,12.34,
SK,2023,C,Manufacturing,E_AI_TANY,Cualquier IA,6.07,
AT,2023,C,Manufacturing,E_AI_TAR,Robots autonomos,1.9,
BE,2023,C,Manufacturing,E_AI_TAR,Robots autonomos,3.43,
BG,2023,C,Manufacturing,E_AI_TAR,Robots autonomos,0.66,
CY,2023,C,Manufacturing,E_AI_TAR,Robots autonomos,1.85,
CZ,2023,C,Manufacturing,E_AI_TAR,Robots autonomos,1.44,
DE,2023,C,Manufacturing,E_AI_TAR,Robots autonomos,1.72,
DK,2023,C,Manufacturing,E_AI_TAR,Robots autonomos,3.35,
EE,2023,C,Manufacturing,E_AI_TAR,Robots autonomos,0.6,
EL,2023,C,Manufacturing,E_AI_TAR,Robots autonomos,0.51,
ES,2023,C,Manufacturing,E_AI_TAR,Robots autonomos,2.48,
EU27_2020,2023,C,Manufacturing,E_AI_TAR,Robots autonomos,1.54,
FI,2023,C,Manufacturing,E_AI_TAR,Robots autonomos,2.36,
FR,2023,C,Manufacturing,E_AI_TAR,Robots autonomos,1.54,b
HR,2023,C,Manufacturing,E_AI_TAR,Robots autonomos,1.15,
HU,2023,C,Manufacturing,E_AI_TAR,Robots autonomos,1.29,
IE,2023,C,Manufacturing,E_AI_TAR,Robots autonomos,1.47,
IT,2023,C,Manufacturing,E_AI_TAR,Robots autonomos,1.12,
LT,2023,C,Manufacturing,E_AI_TAR,Robots autonomos,0.95,
LU,2023,C,Manufacturing,E_AI_TAR,Robots autonomos,1.93,
LV,2023,C,Manufacturing,E_AI_TAR,Robots autonomos,0.91,
MT,2023,C,Manufacturing,E_AI_TAR,Robots autonomos,2.79,
NL,2023,C,Manufacturing,E_AI_TAR,Robots autonomos,5.26,
PL,2023,C,Manufacturing,E_AI_TAR,Robots autonomos,0.67,
PT,2023,C,Manufacturing,E_AI_TAR,Robots autonomos,1.33,
RO,2023,C,Manufacturing,E_AI_TAR,Robots autonomos,0.16,
SE,2023,C,Manufacturing,E_AI_TAR,Robots autonomos,1.48,b
SI,2023,C,Manufacturing,E_AI_TAR,Robots autonomos,1.92,
SK,2023,C,Manufacturing,E_AI_TAR,Robots autonomos,1.32,
AT,2023,C,Manufacturing,E_AI_TIR,Vision por computador,3.34,
BE,2023,C,Manufacturing,E_AI_TIR,Vision por computador,4.02,
BG,2023,C,Manufacturing,E_AI_TIR,Vision por computador,0.58,
CY,2023,C,Manufacturing,E_AI_TIR,Vision por computador,1.39,
CZ,2023,C,Manufacturing,E_AI_TIR,Vision por computador,2.23,
DE,2023,C,Manufacturing,E_AI_TIR,Vision por computador,2.42,
DK,2023,C,Manufacturing,E_AI_TIR,Vision por computador,4.35,
EE,2023,C,Manufacturing,E_AI_TIR,Vision por computador,0.65,
EL,2023,C,Manufacturing,E_AI_TIR,Vision por computador,1.66,
ES,2023,C,Manufacturing,E_AI_TIR,Vision por computador,3.87,
EU27_2020,2023,C,Manufacturing,E_AI_TIR,Vision por computador,2.23,
FI,2023,C,Manufacturing,E_AI_TIR,Vision por computador,4.1,
FR,2023,C,Manufacturing,E_AI_TIR,Vision por computador,1.33,b
HR,2023,C,Manufacturing,E_AI_TIR,Vision por computador,1.05,
HU,2023,C,Manufacturing,E_AI_TIR,Vision por computador,1.67,
IE,2023,C,Manufacturing,E_AI_TIR,Vision por computador,1.89,
IT,2023,C,Manufacturing,E_AI_TIR,Vision por computador,1.49,
LT,2023,C,Manufacturing,E_AI_TIR,Vision por computador,2.23,
LU,2023,C,Manufacturing,E_AI_TIR,Vision por computador,5.07,
LV,2023,C,Manufacturing,E_AI_TIR,Vision por computador,1.74,
MT,2023,C,Manufacturing,E_AI_TIR,Vision por computador,6.81,
NL,2023,C,Manufacturing,E_AI_TIR,Vision por computador,2.99,
PL,2023,C,Manufacturing,E_AI_TIR,Vision por computador,0.97,
PT,2023,C,Manufacturing,E_AI_TIR,Vision por computador,5.78,
RO,2023,C,Manufacturing,E_AI_TIR,Vision por computador,0.77,
SE,2023,C,Manufacturing,E_AI_TIR,Vision por computador,2.49,b
SI,2023,C,Manufacturing,E_AI_TIR,Vision por computador,7.41,
SK,2023,C,Manufacturing,E_AI_TIR,Vision por computador,1.81,
AT,2023,C,Manufacturing,E_AI_TML,Machine learning,5.01,
BE,2023,C,Manufacturing,E_AI_TML,Machine learning,6.16,
BG,2023,C,Manufacturing,E_AI_TML,Machine learning,0.29,
CY,2023,C,Manufacturing,E_AI_TML,Machine learning,0.42,
CZ,2023,C,Manufacturing,E_AI_TML,Machine learning,2.04,
DE,2023,C,Manufacturing,E_AI_TML,Machine learning,1.96,
DK,2023,C,Manufacturing,E_AI_TML,Machine learning,5.38,
EE,2023,C,Manufacturing,E_AI_TML,Machine learning,0.47,
EL,2023,C,Manufacturing,E_AI_TML,Machine learning,0.68,
ES,2023,C,Manufacturing,E_AI_TML,Machine learning,2.44,
EU27_2020,2023,C,Manufacturing,E_AI_TML,Machine learning,1.73,
FI,2023,C,Manufacturing,E_AI_TML,Machine learning,4.7,
FR,2023,C,Manufacturing,E_AI_TML,Machine learning,1.32,b
HR,2023,C,Manufacturing,E_AI_TML,Machine learning,1.13,
HU,2023,C,Manufacturing,E_AI_TML,Machine learning,0.9,
IE,2023,C,Manufacturing,E_AI_TML,Machine learning,2.91,
IT,2023,C,Manufacturing,E_AI_TML,Machine learning,1.28,
LT,2023,C,Manufacturing,E_AI_TML,Machine learning,0.95,
LU,2023,C,Manufacturing,E_AI_TML,Machine learning,2.25,
LV,2023,C,Manufacturing,E_AI_TML,Machine learning,0.0,
MT,2023,C,Manufacturing,E_AI_TML,Machine learning,0.82,
NL,2023,C,Manufacturing,E_AI_TML,Machine learning,3.71,
PL,2023,C,Manufacturing,E_AI_TML,Machine learning,0.71,
PT,2023,C,Manufacturing,E_AI_TML,Machine learning,1.0,
RO,2023,C,Manufacturing,E_AI_TML,Machine learning,0.19,
SE,2023,C,Manufacturing,E_AI_TML,Machine learning,2.58,b
SI,2023,C,Manufacturing,E_AI_TML,Machine learning,2.43,
SK,2023,C,Manufacturing,E_AI_TML,Machine learning,1.46,
AT,2023,C,Manufacturing,E_AI_TNLG,Generacion de lenguaje,1.98,
BE,2023,C,Manufacturing,E_AI_TNLG,Generacion de lenguaje,2.4,
BG,2023,C,Manufacturing,E_AI_TNLG,Generacion de lenguaje,0.29,
CY,2023,C,Manufacturing,E_AI_TNLG,Generacion de lenguaje,0.34,
CZ,2023,C,Manufacturing,E_AI_TNLG,Generacion de lenguaje,0.39,
DE,2023,C,Manufacturing,E_AI_TNLG,Generacion de lenguaje,1.82,
DK,2023,C,Manufacturing,E_AI_TNLG,Generacion de lenguaje,3.13,
EE,2023,C,Manufacturing,E_AI_TNLG,Generacion de lenguaje,0.66,
EL,2023,C,Manufacturing,E_AI_TNLG,Generacion de lenguaje,0.95,
ES,2023,C,Manufacturing,E_AI_TNLG,Generacion de lenguaje,1.25,
EU27_2020,2023,C,Manufacturing,E_AI_TNLG,Generacion de lenguaje,1.19,
FI,2023,C,Manufacturing,E_AI_TNLG,Generacion de lenguaje,2.0,
FR,2023,C,Manufacturing,E_AI_TNLG,Generacion de lenguaje,0.81,b
HR,2023,C,Manufacturing,E_AI_TNLG,Generacion de lenguaje,1.24,
HU,2023,C,Manufacturing,E_AI_TNLG,Generacion de lenguaje,0.72,
IE,2023,C,Manufacturing,E_AI_TNLG,Generacion de lenguaje,1.71,
IT,2023,C,Manufacturing,E_AI_TNLG,Generacion de lenguaje,0.9,
LT,2023,C,Manufacturing,E_AI_TNLG,Generacion de lenguaje,1.1,
LU,2023,C,Manufacturing,E_AI_TNLG,Generacion de lenguaje,0.96,
LV,2023,C,Manufacturing,E_AI_TNLG,Generacion de lenguaje,1.12,
MT,2023,C,Manufacturing,E_AI_TNLG,Generacion de lenguaje,1.55,
NL,2023,C,Manufacturing,E_AI_TNLG,Generacion de lenguaje,2.0,
PL,2023,C,Manufacturing,E_AI_TNLG,Generacion de lenguaje,0.48,
PT,2023,C,Manufacturing,E_AI_TNLG,Generacion de lenguaje,0.82,
RO,2023,C,Manufacturing,E_AI_TNLG,Generacion de lenguaje,0.75,
SE,2023,C,Manufacturing,E_AI_TNLG,Generacion de lenguaje,1.46,b
SI,2023,C,Manufacturing,E_AI_TNLG,Generacion de lenguaje,5.47,
SK,2023,C,Manufacturing,E_AI_TNLG,Generacion de lenguaje,1.02,
AT,2023,C,Manufacturing,E_AI_TPA,Automatizacion de procesos,3.92,
BE,2023,C,Manufacturing,E_AI_TPA,Automatizacion de procesos,6.92,
BG,2023,C,Manufacturing,E_AI_TPA,Automatizacion de procesos,1.2,
CY,2023,C,Manufacturing,E_AI_TPA,Automatizacion de procesos,1.8,
CZ,2023,C,Manufacturing,E_AI_TPA,Automatizacion de procesos,2.39,
DE,2023,C,Manufacturing,E_AI_TPA,Automatizacion de procesos,3.7,
DK,2023,C,Manufacturing,E_AI_TPA,Automatizacion de procesos,5.91,
EE,2023,C,Manufacturing,E_AI_TPA,Automatizacion de procesos,0.75,
EL,2023,C,Manufacturing,E_AI_TPA,Automatizacion de procesos,2.68,
ES,2023,C,Manufacturing,E_AI_TPA,Automatizacion de procesos,3.6,
EU27_2020,2023,C,Manufacturing,E_AI_TPA,Automatizacion de procesos,2.85,
FI,2023,C,Manufacturing,E_AI_TPA,Automatizacion de procesos,8.0,
FR,2023,C,Manufacturing,E_AI_TPA,Automatizacion de procesos,1.63,b
HR,2023,C,Manufacturing,E_AI_TPA,Automatizacion de procesos,1.94,
HU,2023,C,Manufacturing,E_AI_TPA,Automatizacion de procesos,2.01,
IE,2023,C,Manufacturing,E_AI_TPA,Automatizacion de procesos,3.45,
IT,2023,C,Manufacturing,E_AI_TPA,Automatizacion de procesos,2.59,
LT,2023,C,Manufacturing,E_AI_TPA,Automatizacion de procesos,2.49,
LU,2023,C,Manufacturing,E_AI_TPA,Automatizacion de procesos,4.78,
LV,2023,C,Manufacturing,E_AI_TPA,Automatizacion de procesos,0.81,
MT,2023,C,Manufacturing,E_AI_TPA,Automatizacion de procesos,3.27,
NL,2023,C,Manufacturing,E_AI_TPA,Automatizacion de procesos,5.43,
PL,2023,C,Manufacturing,E_AI_TPA,Automatizacion de procesos,1.44,
PT,2023,C,Manufacturing,E_AI_TPA,Automatizacion de procesos,2.62,
RO,2023,C,Manufacturing,E_AI_TPA,Automatizacion de procesos,0.37,
SE,2023,C,Manufacturing,E_AI_TPA,Automatizacion de procesos,3.67,b
SI,2023,C,Manufacturing,E_AI_TPA,Automatizacion de procesos,2.57,
SK,2023,C,Manufacturing,E_AI_TPA,Automatizacion de procesos,2.14,
AT,2023,C,Manufacturing,E_AI_TPVSG,Generacion de imagen/audio,,
BE,2023,C,Manufacturing,E_AI_TPVSG,Generacion de imagen/audio,,
BG,2023,C,Manufacturing,E_AI_TPVSG,Generacion de imagen/audio,,
CY,2023,C,Manufacturing,E_AI_TPVSG,Generacion de imagen/audio,,
CZ,2023,C,Manufacturing,E_AI_TPVSG,Generacion de imagen/audio,,
DE,2023,C,Manufacturing,E_AI_TPVSG,Generacion de imagen/audio,,
DK,2023,C,Manufacturing,E_AI_TPVSG,Generacion de imagen/audio,,
EE,2023,C,Manufacturing,E_AI_TPVSG,Generacion de imagen/audio,,
EL,2023,C,Manufacturing,E_AI_TPVSG,Generacion de imagen/audio,,
ES,2023,C,Manufacturing,E_AI_TPVSG,Generacion de imagen/audio,,
EU27_2020,2023,C,Manufacturing,E_AI_TPVSG,Generacion de imagen/audio,,
FI,2023,C,Manufacturing,E_AI_TPVSG,Generacion de imagen/audio,,
FR,2023,C,Manufacturing,E_AI_TPVSG,Generacion de imagen/audio,,
HR,2023,C,Manufacturing,E_AI_TPVSG,Generacion de imagen/audio,,
HU,2023,C,Manufacturing,E_AI_TPVSG,Generacion de imagen/audio,,
IE,2023,C,Manufacturing,E_AI_TPVSG,Generacion de imagen/audio,,
IT,2023,C,Manufacturing,E_AI_TPVSG,Generacion de imagen/audio,,
LT,2023,C,Manufacturing,E_AI_TPVSG,Generacion de imagen/audio,,
LU,2023,C,Manufacturing,E_AI_TPVSG,Generacion de imagen/audio,,
LV,2023,C,Manufacturing,E_AI_TPVSG,Generacion de imagen/audio,,
MT,2023,C,Manufacturing,E_AI_TPVSG,Generacion de imagen/audio,,
NL,2023,C,Manufacturing,E_AI_TPVSG,Generacion de imagen/audio,,
PL,2023,C,Manufacturing,E_AI_TPVSG,Generacion de imagen/audio,,
PT,2023,C,Manufacturing,E_AI_TPVSG,Generacion de imagen/audio,,
RO,2023,C,Manufacturing,E_AI_TPVSG,Generacion de imagen/audio,,
SE,2023,C,Manufacturing,E_AI_TPVSG,Generacion de imagen/audio,,
SI,2023,C,Manufacturing,E_AI_TPVSG,Generacion de imagen/audio,,
SK,2023,C,Manufacturing,E_AI_TPVSG,Generacion de imagen/audio,,
AT,2023,C,Manufacturing,E_AI_TSR,Reconocimiento de voz,2.63,
BE,2023,C,Manufacturing,E_AI_TSR,Reconocimiento de voz,1.86,
BG,2023,C,Manufacturing,E_AI_TSR,Reconocimiento de voz,0.32,
CY,2023,C,Manufacturing,E_AI_TSR,Reconocimiento de voz,0.43,
CZ,2023,C,Manufacturing,E_AI_TSR,Reconocimiento de voz,0.38,
DE,2023,C,Manufacturing,E_AI_TSR,Reconocimiento de voz,2.97,
DK,2023,C,Manufacturing,E_AI_TSR,Reconocimiento de voz,3.11,
EE,2023,C,Manufacturing,E_AI_TSR,Reconocimiento de voz,0.26,
EL,2023,C,Manufacturing,E_AI_TSR,Reconocimiento de voz,0.53,
ES,2023,C,Manufacturing,E_AI_TSR,Reconocimiento de voz,1.35,
EU27_2020,2023,C,Manufacturing,E_AI_TSR,Reconocimiento de voz,1.38,
FI,2023,C,Manufacturing,E_AI_TSR,Reconocimiento de voz,1.66,
FR,2023,C,Manufacturing,E_AI_TSR,Reconocimiento de voz,0.71,b
HR,2023,C,Manufacturing,E_AI_TSR,Reconocimiento de voz,0.71,
HU,2023,C,Manufacturing,E_AI_TSR,Reconocimiento de voz,0.86,
IE,2023,C,Manufacturing,E_AI_TSR,Reconocimiento de voz,1.76,
IT,2023,C,Manufacturing,E_AI_TSR,Reconocimiento de voz,0.97,
LT,2023,C,Manufacturing,E_AI_TSR,Reconocimiento de voz,0.77,
LU,2023,C,Manufacturing,E_AI_TSR,Reconocimiento de voz,4.32,
LV,2023,C,Manufacturing,E_AI_TSR,Reconocimiento de voz,1.13,
MT,2023,C,Manufacturing,E_AI_TSR,Reconocimiento de voz,1.7,
NL,2023,C,Manufacturing,E_AI_TSR,Reconocimiento de voz,1.6,
PL,2023,C,Manufacturing,E_AI_TSR,Reconocimiento de voz,0.34,
PT,2023,C,Manufacturing,E_AI_TSR,Reconocimiento de voz,0.64,
RO,2023,C,Manufacturing,E_AI_TSR,Reconocimiento de voz,0.59,
SE,2023,C,Manufacturing,E_AI_TSR,Reconocimiento de voz,1.18,b
SI,2023,C,Manufacturing,E_AI_TSR,Reconocimiento de voz,2.03,
SK,2023,C,Manufacturing,E_AI_TSR,Reconocimiento de voz,1.08,
AT,2023,C,Manufacturing,E_AI_TTM,Mineria de texto,4.73,
BE,2023,C,Manufacturing,E_AI_TTM,Mineria de texto,4.25,
BG,2023,C,Manufacturing,E_AI_TTM,Mineria de texto,0.51,
CY,2023,C,Manufacturing,E_AI_TTM,Mineria de texto,0.0,
CZ,2023,C,Manufacturing,E_AI_TTM,Mineria de texto,2.17,
DE,2023,C,Manufacturing,E_AI_TTM,Mineria de texto,2.48,
DK,2023,C,Manufacturing,E_AI_TTM,Mineria de texto,5.26,
EE,2023,C,Manufacturing,E_AI_TTM,Mineria de texto,0.41,
EL,2023,C,Manufacturing,E_AI_TTM,Mineria de texto,1.4,
ES,2023,C,Manufacturing,E_AI_TTM,Mineria de texto,1.59,
EU27_2020,2023,C,Manufacturing,E_AI_TTM,Mineria de texto,1.82,
FI,2023,C,Manufacturing,E_AI_TTM,Mineria de texto,5.21,
FR,2023,C,Manufacturing,E_AI_TTM,Mineria de texto,1.3,b
HR,2023,C,Manufacturing,E_AI_TTM,Mineria de texto,2.58,
HU,2023,C,Manufacturing,E_AI_TTM,Mineria de texto,0.98,
IE,2023,C,Manufacturing,E_AI_TTM,Mineria de texto,2.27,
IT,2023,C,Manufacturing,E_AI_TTM,Mineria de texto,1.51,
LT,2023,C,Manufacturing,E_AI_TTM,Mineria de texto,2.41,
LU,2023,C,Manufacturing,E_AI_TTM,Mineria de texto,6.68,
LV,2023,C,Manufacturing,E_AI_TTM,Mineria de texto,1.69,
MT,2023,C,Manufacturing,E_AI_TTM,Mineria de texto,1.53,
NL,2023,C,Manufacturing,E_AI_TTM,Mineria de texto,2.66,
PL,2023,C,Manufacturing,E_AI_TTM,Mineria de texto,0.42,
PT,2023,C,Manufacturing,E_AI_TTM,Mineria de texto,1.54,
RO,2023,C,Manufacturing,E_AI_TTM,Mineria de texto,0.94,
SE,2023,C,Manufacturing,E_AI_TTM,Mineria de texto,1.92,b
SI,2023,C,Manufacturing,E_AI_TTM,Mineria de texto,1.06,
SK,2023,C,Manufacturing,E_AI_TTM,Mineria de texto,2.64,
AT,2023,D_E,"Electricity, gas, steam and air conditioning supply; water supply; sewerage, waste management and remediation activities",E_AI_TANY,Cualquier IA,13.96,
BE,2023,D_E,"Electricity, gas, steam and air conditioning supply; water supply; sewerage, waste management and remediation activities",E_AI_TANY,Cualquier IA,15.05,
BG,2023,D_E,"Electricity, gas, steam and air conditioning supply; water supply; sewerage, waste management and remediation activities",E_AI_TANY,Cualquier IA,,u
CY,2023,D_E,"Electricity, gas, steam and air conditioning supply; water supply; sewerage, waste management and remediation activities",E_AI_TANY,Cualquier IA,4.26,
CZ,2023,D_E,"Electricity, gas, steam and air conditioning supply; water supply; sewerage, waste management and remediation activities",E_AI_TANY,Cualquier IA,5.25,
DE,2023,D_E,"Electricity, gas, steam and air conditioning supply; water supply; sewerage, waste management and remediation activities",E_AI_TANY,Cualquier IA,12.3,
DK,2023,D_E,"Electricity, gas, steam and air conditioning supply; water supply; sewerage, waste management and remediation activities",E_AI_TANY,Cualquier IA,,u
EE,2023,D_E,"Electricity, gas, steam and air conditioning supply; water supply; sewerage, waste management and remediation activities",E_AI_TANY,Cualquier IA,5.49,
EL,2023,D_E,"Electricity, gas, steam and air conditioning supply; water supply; sewerage, waste management and remediation activities",E_AI_TANY,Cualquier IA,8.25,
ES,2023,D_E,"Electricity, gas, steam and air conditioning supply; water supply; sewerage, waste management and remediation activities",E_AI_TANY,Cualquier IA,12.52,
EU27_2020,2023,D_E,"Electricity, gas, steam and air conditioning supply; water supply; sewerage, waste management and remediation activities",E_AI_TANY,Cualquier IA,8.79,
FI,2023,D_E,"Electricity, gas, steam and air conditioning supply; water supply; sewerage, waste management and remediation activities",E_AI_TANY,Cualquier IA,22.68,
FR,2023,D_E,"Electricity, gas, steam and air conditioning supply; water supply; sewerage, waste management and remediation activities",E_AI_TANY,Cualquier IA,5.01,b
HR,2023,D_E,"Electricity, gas, steam and air conditioning supply; water supply; sewerage, waste management and remediation activities",E_AI_TANY,Cualquier IA,5.52,
HU,2023,D_E,"Electricity, gas, steam and air conditioning supply; water supply; sewerage, waste management and remediation activities",E_AI_TANY,Cualquier IA,4.74,
IE,2023,D_E,"Electricity, gas, steam and air conditioning supply; water supply; sewerage, waste management and remediation activities",E_AI_TANY,Cualquier IA,11.18,
IT,2023,D_E,"Electricity, gas, steam and air conditioning supply; water supply; sewerage, waste management and remediation activities",E_AI_TANY,Cualquier IA,5.27,
LT,2023,D_E,"Electricity, gas, steam and air conditioning supply; water supply; sewerage, waste management and remediation activities",E_AI_TANY,Cualquier IA,4.92,
LU,2023,D_E,"Electricity, gas, steam and air conditioning supply; water supply; sewerage, waste management and remediation activities",E_AI_TANY,Cualquier IA,19.38,
LV,2023,D_E,"Electricity, gas, steam and air conditioning supply; water supply; sewerage, waste management and remediation activities",E_AI_TANY,Cualquier IA,4.17,
MT,2023,D_E,"Electricity, gas, steam and air conditioning supply; water supply; sewerage, waste management and remediation activities",E_AI_TANY,Cualquier IA,,u
NL,2023,D_E,"Electricity, gas, steam and air conditioning supply; water supply; sewerage, waste management and remediation activities",E_AI_TANY,Cualquier IA,19.04,
PL,2023,D_E,"Electricity, gas, steam and air conditioning supply; water supply; sewerage, waste management and remediation activities",E_AI_TANY,Cualquier IA,3.26,
PT,2023,D_E,"Electricity, gas, steam and air conditioning supply; water supply; sewerage, waste management and remediation activities",E_AI_TANY,Cualquier IA,10.06,
RO,2023,D_E,"Electricity, gas, steam and air conditioning supply; water supply; sewerage, waste management and remediation activities",E_AI_TANY,Cualquier IA,1.54,
SE,2023,D_E,"Electricity, gas, steam and air conditioning supply; water supply; sewerage, waste management and remediation activities",E_AI_TANY,Cualquier IA,13.38,b
SI,2023,D_E,"Electricity, gas, steam and air conditioning supply; water supply; sewerage, waste management and remediation activities",E_AI_TANY,Cualquier IA,10.77,
SK,2023,D_E,"Electricity, gas, steam and air conditioning supply; water supply; sewerage, waste management and remediation activities",E_AI_TANY,Cualquier IA,5.41,
AT,2023,D_E,"Electricity, gas, steam and air conditioning supply; water supply; sewerage, waste management and remediation activities",E_AI_TAR,Robots autonomos,2.37,
BE,2023,D_E,"Electricity, gas, steam and air conditioning supply; water supply; sewerage, waste management and remediation activities",E_AI_TAR,Robots autonomos,0.81,
BG,2023,D_E,"Electricity, gas, steam and air conditioning supply; water supply; sewerage, waste management and remediation activities",E_AI_TAR,Robots autonomos,,u
CY,2023,D_E,"Electricity, gas, steam and air conditioning supply; water supply; sewerage, waste management and remediation activities",E_AI_TAR,Robots autonomos,0.0,
CZ,2023,D_E,"Electricity, gas, steam and air conditioning supply; water supply; sewerage, waste management and remediation activities",E_AI_TAR,Robots autonomos,0.23,
DE,2023,D_E,"Electricity, gas, steam and air conditioning supply; water supply; sewerage, waste management and remediation activities",E_AI_TAR,Robots autonomos,0.67,
DK,2023,D_E,"Electricity, gas, steam and air conditioning supply; water supply; sewerage, waste management and remediation activities",E_AI_TAR,Robots autonomos,0.0,
EE,2023,D_E,"Electricity, gas, steam and air conditioning supply; water supply; sewerage, waste management and remediation activities",E_AI_TAR,Robots autonomos,0.89,
EL,2023,D_E,"Electricity, gas, steam and air conditioning supply; water supply; sewerage, waste management and remediation activities",E_AI_TAR,Robots autonomos,1.0,
ES,2023,D_E,"Electricity, gas, steam and air conditioning supply; water supply; sewerage, waste management and remediation activities",E_AI_TAR,Robots autonomos,3.62,
EU27_2020,2023,D_E,"Electricity, gas, steam and air conditioning supply; water supply; sewerage, waste management and remediation activities",E_AI_TAR,Robots autonomos,0.96,
FI,2023,D_E,"Electricity, gas, steam and air conditioning supply; water supply; sewerage, waste management and remediation activities",E_AI_TAR,Robots autonomos,2.13,
FR,2023,D_E,"Electricity, gas, steam and air conditioning supply; water supply; sewerage, waste management and remediation activities",E_AI_TAR,Robots autonomos,0.9,b
HR,2023,D_E,"Electricity, gas, steam and air conditioning supply; water supply; sewerage, waste management and remediation activities",E_AI_TAR,Robots autonomos,,@C
HU,2023,D_E,"Electricity, gas, steam and air conditioning supply; water supply; sewerage, waste management and remediation activities",E_AI_TAR,Robots autonomos,1.04,
IE,2023,D_E,"Electricity, gas, steam and air conditioning supply; water supply; sewerage, waste management and remediation activities",E_AI_TAR,Robots autonomos,0.0,
IT,2023,D_E,"Electricity, gas, steam and air conditioning supply; water supply; sewerage, waste management and remediation activities",E_AI_TAR,Robots autonomos,0.35,
LT,2023,D_E,"Electricity, gas, steam and air conditioning supply; water supply; sewerage, waste management and remediation activities",E_AI_TAR,Robots autonomos,1.64,
LU,2023,D_E,"Electricity, gas, steam and air conditioning supply; water supply; sewerage, waste management and remediation activities",E_AI_TAR,Robots autonomos,3.67,
LV,2023,D_E,"Electricity, gas, steam and air conditioning supply; water supply; sewerage, waste management and remediation activities",E_AI_TAR,Robots autonomos,0.0,
MT,2023,D_E,"Electricity, gas, steam and air conditioning supply; water supply; sewerage, waste management and remediation activities",E_AI_TAR,Robots autonomos,,u
NL,2023,D_E,"Electricity, gas, steam and air conditioning supply; water supply; sewerage, waste management and remediation activities",E_AI_TAR,Robots autonomos,4.11,
PL,2023,D_E,"Electricity, gas, steam and air conditioning supply; water supply; sewerage, waste management and remediation activities",E_AI_TAR,Robots autonomos,0.04,
PT,2023,D_E,"Electricity, gas, steam and air conditioning supply; water supply; sewerage, waste management and remediation activities",E_AI_TAR,Robots autonomos,1.86,
RO,2023,D_E,"Electricity, gas, steam and air conditioning supply; water supply; sewerage, waste management and remediation activities",E_AI_TAR,Robots autonomos,0.35,
SE,2023,D_E,"Electricity, gas, steam and air conditioning supply; water supply; sewerage, waste management and remediation activities",E_AI_TAR,Robots autonomos,1.17,b
SI,2023,D_E,"Electricity, gas, steam and air conditioning supply; water supply; sewerage, waste management and remediation activities",E_AI_TAR,Robots autonomos,0.0,
SK,2023,D_E,"Electricity, gas, steam and air conditioning supply; water supply; sewerage, waste management and remediation activities",E_AI_TAR,Robots autonomos,0.0,
AT,2023,D_E,"Electricity, gas, steam and air conditioning supply; water supply; sewerage, waste management and remediation activities",E_AI_TIR,Vision por computador,4.21,
BE,2023,D_E,"Electricity, gas, steam and air conditioning supply; water supply; sewerage, waste management and remediation activities",E_AI_TIR,Vision por computador,9.38,
BG,2023,D_E,"Electricity, gas, steam and air conditioning supply; water supply; sewerage, waste management and remediation activities",E_AI_TIR,Vision por computador,0.0,
CY,2023,D_E,"Electricity, gas, steam and air conditioning supply; water supply; sewerage, waste management and remediation activities",E_AI_TIR,Vision por computador,2.13,
CZ,2023,D_E,"Electricity, gas, steam and air conditioning supply; water supply; sewerage, waste management and remediation activities",E_AI_TIR,Vision por computador,0.11,
DE,2023,D_E,"Electricity, gas, steam and air conditioning supply; water supply; sewerage, waste management and remediation activities",E_AI_TIR,Vision por computador,2.48,
DK,2023,D_E,"Electricity, gas, steam and air conditioning supply; water supply; sewerage, waste management and remediation activities",E_AI_TIR,Vision por computador,,u
EE,2023,D_E,"Electricity, gas, steam and air conditioning supply; water supply; sewerage, waste management and remediation activities",E_AI_TIR,Vision por computador,3.55,
EL,2023,D_E,"Electricity, gas, steam and air conditioning supply; water supply; sewerage, waste management and remediation activities",E_AI_TIR,Vision por computador,0.5,
ES,2023,D_E,"Electricity, gas, steam and air conditioning supply; water supply; sewerage, waste management and remediation activities",E_AI_TIR,Vision por computador,4.54,
EU27_2020,2023,D_E,"Electricity, gas, steam and air conditioning supply; water supply; sewerage, waste management and remediation activities",E_AI_TIR,Vision por computador,2.25,
FI,2023,D_E,"Electricity, gas, steam and air conditioning supply; water supply; sewerage, waste management and remediation activities",E_AI_TIR,Vision por computador,5.87,
FR,2023,D_E,"Electricity, gas, steam and air conditioning supply; water supply; sewerage, waste management and remediation activities",E_AI_TIR,Vision por computador,1.6,b
HR,2023,D_E,"Electricity, gas, steam and air conditioning supply; water supply; sewerage, waste management and remediation activities",E_AI_TIR,Vision por computador,1.03,
HU,2023,D_E,"Electricity, gas, steam and air conditioning supply; water supply; sewerage, waste management and remediation activities",E_AI_TIR,Vision por computador,1.33,
IE,2023,D_E,"Electricity, gas, steam and air conditioning supply; water supply; sewerage, waste management and remediation activities",E_AI_TIR,Vision por computador,1.33,
IT,2023,D_E,"Electricity, gas, steam and air conditioning supply; water supply; sewerage, waste management and remediation activities",E_AI_TIR,Vision por computador,1.44,
LT,2023,D_E,"Electricity, gas, steam and air conditioning supply; water supply; sewerage, waste management and remediation activities",E_AI_TIR,Vision por computador,1.23,
LU,2023,D_E,"Electricity, gas, steam and air conditioning supply; water supply; sewerage, waste management and remediation activities",E_AI_TIR,Vision por computador,8.79,
LV,2023,D_E,"Electricity, gas, steam and air conditioning supply; water supply; sewerage, waste management and remediation activities",E_AI_TIR,Vision por computador,0.56,
MT,2023,D_E,"Electricity, gas, steam and air conditioning supply; water supply; sewerage, waste management and remediation activities",E_AI_TIR,Vision por computador,,u
NL,2023,D_E,"Electricity, gas, steam and air conditioning supply; water supply; sewerage, waste management and remediation activities",E_AI_TIR,Vision por computador,4.0,
PL,2023,D_E,"Electricity, gas, steam and air conditioning supply; water supply; sewerage, waste management and remediation activities",E_AI_TIR,Vision por computador,1.0,
PT,2023,D_E,"Electricity, gas, steam and air conditioning supply; water supply; sewerage, waste management and remediation activities",E_AI_TIR,Vision por computador,3.2,
RO,2023,D_E,"Electricity, gas, steam and air conditioning supply; water supply; sewerage, waste management and remediation activities",E_AI_TIR,Vision por computador,0.47,
SE,2023,D_E,"Electricity, gas, steam and air conditioning supply; water supply; sewerage, waste management and remediation activities",E_AI_TIR,Vision por computador,3.43,b
SI,2023,D_E,"Electricity, gas, steam and air conditioning supply; water supply; sewerage, waste management and remediation activities",E_AI_TIR,Vision por computador,6.87,
SK,2023,D_E,"Electricity, gas, steam and air conditioning supply; water supply; sewerage, waste management and remediation activities",E_AI_TIR,Vision por computador,1.4,
AT,2023,D_E,"Electricity, gas, steam and air conditioning supply; water supply; sewerage, waste management and remediation activities",E_AI_TML,Machine learning,11.46,
BE,2023,D_E,"Electricity, gas, steam and air conditioning supply; water supply; sewerage, waste management and remediation activities",E_AI_TML,Machine learning,9.04,
BG,2023,D_E,"Electricity, gas, steam and air conditioning supply; water supply; sewerage, waste management and remediation activities",E_AI_TML,Machine learning,,u
CY,2023,D_E,"Electricity, gas, steam and air conditioning supply; water supply; sewerage, waste management and remediation activities",E_AI_TML,Machine learning,0.0,
CZ,2023,D_E,"Electricity, gas, steam and air conditioning supply; water supply; sewerage, waste management and remediation activities",E_AI_TML,Machine learning,2.28,
DE,2023,D_E,"Electricity, gas, steam and air conditioning supply; water supply; sewerage, waste management and remediation activities",E_AI_TML,Machine learning,3.54,
DK,2023,D_E,"Electricity, gas, steam and air conditioning supply; water supply; sewerage, waste management and remediation activities",E_AI_TML,Machine learning,11.05,
EE,2023,D_E,"Electricity, gas, steam and air conditioning supply; water supply; sewerage, waste management and remediation activities",E_AI_TML,Machine learning,1.78,
EL,2023,D_E,"Electricity, gas, steam and air conditioning supply; water supply; sewerage, waste management and remediation activities",E_AI_TML,Machine learning,0.5,
ES,2023,D_E,"Electricity, gas, steam and air conditioning supply; water supply; sewerage, waste management and remediation activities",E_AI_TML,Machine learning,6.73,
EU27_2020,2023,D_E,"Electricity, gas, steam and air conditioning supply; water supply; sewerage, waste management and remediation activities",E_AI_TML,Machine learning,3.41,
FI,2023,D_E,"Electricity, gas, steam and air conditioning supply; water supply; sewerage, waste management and remediation activities",E_AI_TML,Machine learning,10.75,
FR,2023,D_E,"Electricity, gas, steam and air conditioning supply; water supply; sewerage, waste management and remediation activities",E_AI_TML,Machine learning,2.55,b
HR,2023,D_E,"Electricity, gas, steam and air conditioning supply; water supply; sewerage, waste management and remediation activities",E_AI_TML,Machine learning,0.74,
HU,2023,D_E,"Electricity, gas, steam and air conditioning supply; water supply; sewerage, waste management and remediation activities",E_AI_TML,Machine learning,1.71,
IE,2023,D_E,"Electricity, gas, steam and air conditioning supply; water supply; sewerage, waste management and remediation activities",E_AI_TML,Machine learning,2.76,
IT,2023,D_E,"Electricity, gas, steam and air conditioning supply; water supply; sewerage, waste management and remediation activities",E_AI_TML,Machine learning,2.0,
LT,2023,D_E,"Electricity, gas, steam and air conditioning supply; water supply; sewerage, waste management and remediation activities",E_AI_TML,Machine learning,0.82,
LU,2023,D_E,"Electricity, gas, steam and air conditioning supply; water supply; sewerage, waste management and remediation activities",E_AI_TML,Machine learning,7.69,
LV,2023,D_E,"Electricity, gas, steam and air conditioning supply; water supply; sewerage, waste management and remediation activities",E_AI_TML,Machine learning,1.86,
MT,2023,D_E,"Electricity, gas, steam and air conditioning supply; water supply; sewerage, waste management and remediation activities",E_AI_TML,Machine learning,,u
NL,2023,D_E,"Electricity, gas, steam and air conditioning supply; water supply; sewerage, waste management and remediation activities",E_AI_TML,Machine learning,6.93,
PL,2023,D_E,"Electricity, gas, steam and air conditioning supply; water supply; sewerage, waste management and remediation activities",E_AI_TML,Machine learning,1.37,
PT,2023,D_E,"Electricity, gas, steam and air conditioning supply; water supply; sewerage, waste management and remediation activities",E_AI_TML,Machine learning,6.55,
RO,2023,D_E,"Electricity, gas, steam and air conditioning supply; water supply; sewerage, waste management and remediation activities",E_AI_TML,Machine learning,0.71,
SE,2023,D_E,"Electricity, gas, steam and air conditioning supply; water supply; sewerage, waste management and remediation activities",E_AI_TML,Machine learning,7.62,b
SI,2023,D_E,"Electricity, gas, steam and air conditioning supply; water supply; sewerage, waste management and remediation activities",E_AI_TML,Machine learning,4.54,
SK,2023,D_E,"Electricity, gas, steam and air conditioning supply; water supply; sewerage, waste management and remediation activities",E_AI_TML,Machine learning,1.37,
AT,2023,D_E,"Electricity, gas, steam and air conditioning supply; water supply; sewerage, waste management and remediation activities",E_AI_TNLG,Generacion de lenguaje,2.6,
BE,2023,D_E,"Electricity, gas, steam and air conditioning supply; water supply; sewerage, waste management and remediation activities",E_AI_TNLG,Generacion de lenguaje,5.3,
BG,2023,D_E,"Electricity, gas, steam and air conditioning supply; water supply; sewerage, waste management and remediation activities",E_AI_TNLG,Generacion de lenguaje,,u
CY,2023,D_E,"Electricity, gas, steam and air conditioning supply; water supply; sewerage, waste management and remediation activities",E_AI_TNLG,Generacion de lenguaje,2.13,
CZ,2023,D_E,"Electricity, gas, steam and air conditioning supply; water supply; sewerage, waste management and remediation activities",E_AI_TNLG,Generacion de lenguaje,1.0,
DE,2023,D_E,"Electricity, gas, steam and air conditioning supply; water supply; sewerage, waste management and remediation activities",E_AI_TNLG,Generacion de lenguaje,1.77,
DK,2023,D_E,"Electricity, gas, steam and air conditioning supply; water supply; sewerage, waste management and remediation activities",E_AI_TNLG,Generacion de lenguaje,,u
EE,2023,D_E,"Electricity, gas, steam and air conditioning supply; water supply; sewerage, waste management and remediation activities",E_AI_TNLG,Generacion de lenguaje,0.0,
EL,2023,D_E,"Electricity, gas, steam and air conditioning supply; water supply; sewerage, waste management and remediation activities",E_AI_TNLG,Generacion de lenguaje,0.25,
ES,2023,D_E,"Electricity, gas, steam and air conditioning supply; water supply; sewerage, waste management and remediation activities",E_AI_TNLG,Generacion de lenguaje,3.17,
EU27_2020,2023,D_E,"Electricity, gas, steam and air conditioning supply; water supply; sewerage, waste management and remediation activities",E_AI_TNLG,Generacion de lenguaje,1.78,
FI,2023,D_E,"Electricity, gas, steam and air conditioning supply; water supply; sewerage, waste management and remediation activities",E_AI_TNLG,Generacion de lenguaje,4.46,
FR,2023,D_E,"Electricity, gas, steam and air conditioning supply; water supply; sewerage, waste management and remediation activities",E_AI_TNLG,Generacion de lenguaje,1.33,b
HR,2023,D_E,"Electricity, gas, steam and air conditioning supply; water supply; sewerage, waste management and remediation activities",E_AI_TNLG,Generacion de lenguaje,,@C
HU,2023,D_E,"Electricity, gas, steam and air conditioning supply; water supply; sewerage, waste management and remediation activities",E_AI_TNLG,Generacion de lenguaje,1.04,
IE,2023,D_E,"Electricity, gas, steam and air conditioning supply; water supply; sewerage, waste management and remediation activities",E_AI_TNLG,Generacion de lenguaje,4.21,
IT,2023,D_E,"Electricity, gas, steam and air conditioning supply; water supply; sewerage, waste management and remediation activities",E_AI_TNLG,Generacion de lenguaje,1.23,
LT,2023,D_E,"Electricity, gas, steam and air conditioning supply; water supply; sewerage, waste management and remediation activities",E_AI_TNLG,Generacion de lenguaje,2.05,
LU,2023,D_E,"Electricity, gas, steam and air conditioning supply; water supply; sewerage, waste management and remediation activities",E_AI_TNLG,Generacion de lenguaje,0.0,
LV,2023,D_E,"Electricity, gas, steam and air conditioning supply; water supply; sewerage, waste management and remediation activities",E_AI_TNLG,Generacion de lenguaje,0.83,
MT,2023,D_E,"Electricity, gas, steam and air conditioning supply; water supply; sewerage, waste management and remediation activities",E_AI_TNLG,Generacion de lenguaje,,u
NL,2023,D_E,"Electricity, gas, steam and air conditioning supply; water supply; sewerage, waste management and remediation activities",E_AI_TNLG,Generacion de lenguaje,5.17,
PL,2023,D_E,"Electricity, gas, steam and air conditioning supply; water supply; sewerage, waste management and remediation activities",E_AI_TNLG,Generacion de lenguaje,0.92,
PT,2023,D_E,"Electricity, gas, steam and air conditioning supply; water supply; sewerage, waste management and remediation activities",E_AI_TNLG,Generacion de lenguaje,2.79,
RO,2023,D_E,"Electricity, gas, steam and air conditioning supply; water supply; sewerage, waste management and remediation activities",E_AI_TNLG,Generacion de lenguaje,0.71,
SE,2023,D_E,"Electricity, gas, steam and air conditioning supply; water supply; sewerage, waste management and remediation activities",E_AI_TNLG,Generacion de lenguaje,1.91,b
SI,2023,D_E,"Electricity, gas, steam and air conditioning supply; water supply; sewerage, waste management and remediation activities",E_AI_TNLG,Generacion de lenguaje,1.95,
SK,2023,D_E,"Electricity, gas, steam and air conditioning supply; water supply; sewerage, waste management and remediation activities",E_AI_TNLG,Generacion de lenguaje,1.03,
AT,2023,D_E,"Electricity, gas, steam and air conditioning supply; water supply; sewerage, waste management and remediation activities",E_AI_TPA,Automatizacion de procesos,5.64,
BE,2023,D_E,"Electricity, gas, steam and air conditioning supply; water supply; sewerage, waste management and remediation activities",E_AI_TPA,Automatizacion de procesos,8.02,
BG,2023,D_E,"Electricity, gas, steam and air conditioning supply; water supply; sewerage, waste management and remediation activities",E_AI_TPA,Automatizacion de procesos,,u
CY,2023,D_E,"Electricity, gas, steam and air conditioning supply; water supply; sewerage, waste management and remediation activities",E_AI_TPA,Automatizacion de procesos,0.0,
CZ,2023,D_E,"Electricity, gas, steam and air conditioning supply; water supply; sewerage, waste management and remediation activities",E_AI_TPA,Automatizacion de procesos,2.36,
DE,2023,D_E,"Electricity, gas, steam and air conditioning supply; water supply; sewerage, waste management and remediation activities",E_AI_TPA,Automatizacion de procesos,4.56,
DK,2023,D_E,"Electricity, gas, steam and air conditioning supply; water supply; sewerage, waste management and remediation activities",E_AI_TPA,Automatizacion de procesos,11.05,
EE,2023,D_E,"Electricity, gas, steam and air conditioning supply; water supply; sewerage, waste management and remediation activities",E_AI_TPA,Automatizacion de procesos,0.0,
EL,2023,D_E,"Electricity, gas, steam and air conditioning supply; water supply; sewerage, waste management and remediation activities",E_AI_TPA,Automatizacion de procesos,1.31,
ES,2023,D_E,"Electricity, gas, steam and air conditioning supply; water supply; sewerage, waste management and remediation activities",E_AI_TPA,Automatizacion de procesos,5.38,
EU27_2020,2023,D_E,"Electricity, gas, steam and air conditioning supply; water supply; sewerage, waste management and remediation activities",E_AI_TPA,Automatizacion de procesos,3.86,
FI,2023,D_E,"Electricity, gas, steam and air conditioning supply; water supply; sewerage, waste management and remediation activities",E_AI_TPA,Automatizacion de procesos,14.86,
FR,2023,D_E,"Electricity, gas, steam and air conditioning supply; water supply; sewerage, waste management and remediation activities",E_AI_TPA,Automatizacion de procesos,1.4,b
HR,2023,D_E,"Electricity, gas, steam and air conditioning supply; water supply; sewerage, waste management and remediation activities",E_AI_TPA,Automatizacion de procesos,0.77,
HU,2023,D_E,"Electricity, gas, steam and air conditioning supply; water supply; sewerage, waste management and remediation activities",E_AI_TPA,Automatizacion de procesos,1.97,
IE,2023,D_E,"Electricity, gas, steam and air conditioning supply; water supply; sewerage, waste management and remediation activities",E_AI_TPA,Automatizacion de procesos,8.52,
IT,2023,D_E,"Electricity, gas, steam and air conditioning supply; water supply; sewerage, waste management and remediation activities",E_AI_TPA,Automatizacion de procesos,2.98,
LT,2023,D_E,"Electricity, gas, steam and air conditioning supply; water supply; sewerage, waste management and remediation activities",E_AI_TPA,Automatizacion de procesos,2.05,
LU,2023,D_E,"Electricity, gas, steam and air conditioning supply; water supply; sewerage, waste management and remediation activities",E_AI_TPA,Automatizacion de procesos,3.67,
LV,2023,D_E,"Electricity, gas, steam and air conditioning supply; water supply; sewerage, waste management and remediation activities",E_AI_TPA,Automatizacion de procesos,1.39,
MT,2023,D_E,"Electricity, gas, steam and air conditioning supply; water supply; sewerage, waste management and remediation activities",E_AI_TPA,Automatizacion de procesos,,u
NL,2023,D_E,"Electricity, gas, steam and air conditioning supply; water supply; sewerage, waste management and remediation activities",E_AI_TPA,Automatizacion de procesos,9.39,
PL,2023,D_E,"Electricity, gas, steam and air conditioning supply; water supply; sewerage, waste management and remediation activities",E_AI_TPA,Automatizacion de procesos,1.89,
PT,2023,D_E,"Electricity, gas, steam and air conditioning supply; water supply; sewerage, waste management and remediation activities",E_AI_TPA,Automatizacion de procesos,5.22,
RO,2023,D_E,"Electricity, gas, steam and air conditioning supply; water supply; sewerage, waste management and remediation activities",E_AI_TPA,Automatizacion de procesos,0.71,
SE,2023,D_E,"Electricity, gas, steam and air conditioning supply; water supply; sewerage, waste management and remediation activities",E_AI_TPA,Automatizacion de procesos,5.73,b
SI,2023,D_E,"Electricity, gas, steam and air conditioning supply; water supply; sewerage, waste management and remediation activities",E_AI_TPA,Automatizacion de procesos,,@C
SK,2023,D_E,"Electricity, gas, steam and air conditioning supply; water supply; sewerage, waste management and remediation activities",E_AI_TPA,Automatizacion de procesos,2.77,
AT,2023,D_E,"Electricity, gas, steam and air conditioning supply; water supply; sewerage, waste management and remediation activities",E_AI_TPVSG,Generacion de imagen/audio,,
BE,2023,D_E,"Electricity, gas, steam and air conditioning supply; water supply; sewerage, waste management and remediation activities",E_AI_TPVSG,Generacion de imagen/audio,,
BG,2023,D_E,"Electricity, gas, steam and air conditioning supply; water supply; sewerage, waste management and remediation activities",E_AI_TPVSG,Generacion de imagen/audio,,
CY,2023,D_E,"Electricity, gas, steam and air conditioning supply; water supply; sewerage, waste management and remediation activities",E_AI_TPVSG,Generacion de imagen/audio,,
CZ,2023,D_E,"Electricity, gas, steam and air conditioning supply; water supply; sewerage, waste management and remediation activities",E_AI_TPVSG,Generacion de imagen/audio,,
DE,2023,D_E,"Electricity, gas, steam and air conditioning supply; water supply; sewerage, waste management and remediation activities",E_AI_TPVSG,Generacion de imagen/audio,,
DK,2023,D_E,"Electricity, gas, steam and air conditioning supply; water supply; sewerage, waste management and remediation activities",E_AI_TPVSG,Generacion de imagen/audio,,
EE,2023,D_E,"Electricity, gas, steam and air conditioning supply; water supply; sewerage, waste management and remediation activities",E_AI_TPVSG,Generacion de imagen/audio,,
EL,2023,D_E,"Electricity, gas, steam and air conditioning supply; water supply; sewerage, waste management and remediation activities",E_AI_TPVSG,Generacion de imagen/audio,,
ES,2023,D_E,"Electricity, gas, steam and air conditioning supply; water supply; sewerage, waste management and remediation activities",E_AI_TPVSG,Generacion de imagen/audio,,
EU27_2020,2023,D_E,"Electricity, gas, steam and air conditioning supply; water supply; sewerage, waste management and remediation activities",E_AI_TPVSG,Generacion de imagen/audio,,
FI,2023,D_E,"Electricity, gas, steam and air conditioning supply; water supply; sewerage, waste management and remediation activities",E_AI_TPVSG,Generacion de imagen/audio,,
FR,2023,D_E,"Electricity, gas, steam and air conditioning supply; water supply; sewerage, waste management and remediation activities",E_AI_TPVSG,Generacion de imagen/audio,,
HR,2023,D_E,"Electricity, gas, steam and air conditioning supply; water supply; sewerage, waste management and remediation activities",E_AI_TPVSG,Generacion de imagen/audio,,
HU,2023,D_E,"Electricity, gas, steam and air conditioning supply; water supply; sewerage, waste management and remediation activities",E_AI_TPVSG,Generacion de imagen/audio,,
IE,2023,D_E,"Electricity, gas, steam and air conditioning supply; water supply; sewerage, waste management and remediation activities",E_AI_TPVSG,Generacion de imagen/audio,,
IT,2023,D_E,"Electricity, gas, steam and air conditioning supply; water supply; sewerage, waste management and remediation activities",E_AI_TPVSG,Generacion de imagen/audio,,
LT,2023,D_E,"Electricity, gas, steam and air conditioning supply; water supply; sewerage, waste management and remediation activities",E_AI_TPVSG,Generacion de imagen/audio,,
LU,2023,D_E,"Electricity, gas, steam and air conditioning supply; water supply; sewerage, waste management and remediation activities",E_AI_TPVSG,Generacion de imagen/audio,,
LV,2023,D_E,"Electricity, gas, steam and air conditioning supply; water supply; sewerage, waste management and remediation activities",E_AI_TPVSG,Generacion de imagen/audio,,
MT,2023,D_E,"Electricity, gas, steam and air conditioning supply; water supply; sewerage, waste management and remediation activities",E_AI_TPVSG,Generacion de imagen/audio,,
NL,2023,D_E,"Electricity, gas, steam and air conditioning supply; water supply; sewerage, waste management and remediation activities",E_AI_TPVSG,Generacion de imagen/audio,,
PL,2023,D_E,"Electricity, gas, steam and air conditioning supply; water supply; sewerage, waste management and remediation activities",E_AI_TPVSG,Generacion de imagen/audio,,
PT,2023,D_E,"Electricity, gas, steam and air conditioning supply; water supply; sewerage, waste management and remediation activities",E_AI_TPVSG,Generacion de imagen/audio,,
RO,2023,D_E,"Electricity, gas, steam and air conditioning supply; water supply; sewerage, waste management and remediation activities",E_AI_TPVSG,Generacion de imagen/audio,,
SE,2023,D_E,"Electricity, gas, steam and air conditioning supply; water supply; sewerage, waste management and remediation activities",E_AI_TPVSG,Generacion de imagen/audio,,
SI,2023,D_E,"Electricity, gas, steam and air conditioning supply; water supply; sewerage, waste management and remediation activities",E_AI_TPVSG,Generacion de imagen/audio,,
SK,2023,D_E,"Electricity, gas, steam and air conditioning supply; water supply; sewerage, waste management and remediation activities",E_AI_TPVSG,Generacion de imagen/audio,,
AT,2023,D_E,"Electricity, gas, steam and air conditioning supply; water supply; sewerage, waste management and remediation activities",E_AI_TSR,Reconocimiento de voz,1.15,
BE,2023,D_E,"Electricity, gas, steam and air conditioning supply; water supply; sewerage, waste management and remediation activities",E_AI_TSR,Reconocimiento de voz,2.17,
BG,2023,D_E,"Electricity, gas, steam and air conditioning supply; water supply; sewerage, waste management and remediation activities",E_AI_TSR,Reconocimiento de voz,0.0,
CY,2023,D_E,"Electricity, gas, steam and air conditioning supply; water supply; sewerage, waste management and remediation activities",E_AI_TSR,Reconocimiento de voz,2.13,
CZ,2023,D_E,"Electricity, gas, steam and air conditioning supply; water supply; sewerage, waste management and remediation activities",E_AI_TSR,Reconocimiento de voz,1.45,
DE,2023,D_E,"Electricity, gas, steam and air conditioning supply; water supply; sewerage, waste management and remediation activities",E_AI_TSR,Reconocimiento de voz,3.8,
DK,2023,D_E,"Electricity, gas, steam and air conditioning supply; water supply; sewerage, waste management and remediation activities",E_AI_TSR,Reconocimiento de voz,4.57,
EE,2023,D_E,"Electricity, gas, steam and air conditioning supply; water supply; sewerage, waste management and remediation activities",E_AI_TSR,Reconocimiento de voz,0.89,
EL,2023,D_E,"Electricity, gas, steam and air conditioning supply; water supply; sewerage, waste management and remediation activities",E_AI_TSR,Reconocimiento de voz,0.8,
ES,2023,D_E,"Electricity, gas, steam and air conditioning supply; water supply; sewerage, waste management and remediation activities",E_AI_TSR,Reconocimiento de voz,3.31,
EU27_2020,2023,D_E,"Electricity, gas, steam and air conditioning supply; water supply; sewerage, waste management and remediation activities",E_AI_TSR,Reconocimiento de voz,2.09,
FI,2023,D_E,"Electricity, gas, steam and air conditioning supply; water supply; sewerage, waste management and remediation activities",E_AI_TSR,Reconocimiento de voz,4.49,
FR,2023,D_E,"Electricity, gas, steam and air conditioning supply; water supply; sewerage, waste management and remediation activities",E_AI_TSR,Reconocimiento de voz,1.17,b
HR,2023,D_E,"Electricity, gas, steam and air conditioning supply; water supply; sewerage, waste management and remediation activities",E_AI_TSR,Reconocimiento de voz,,@C
HU,2023,D_E,"Electricity, gas, steam and air conditioning supply; water supply; sewerage, waste management and remediation activities",E_AI_TSR,Reconocimiento de voz,1.33,
IE,2023,D_E,"Electricity, gas, steam and air conditioning supply; water supply; sewerage, waste management and remediation activities",E_AI_TSR,Reconocimiento de voz,0.0,
IT,2023,D_E,"Electricity, gas, steam and air conditioning supply; water supply; sewerage, waste management and remediation activities",E_AI_TSR,Reconocimiento de voz,1.6,
LT,2023,D_E,"Electricity, gas, steam and air conditioning supply; water supply; sewerage, waste management and remediation activities",E_AI_TSR,Reconocimiento de voz,1.64,
LU,2023,D_E,"Electricity, gas, steam and air conditioning supply; water supply; sewerage, waste management and remediation activities",E_AI_TSR,Reconocimiento de voz,2.56,
LV,2023,D_E,"Electricity, gas, steam and air conditioning supply; water supply; sewerage, waste management and remediation activities",E_AI_TSR,Reconocimiento de voz,1.3,
MT,2023,D_E,"Electricity, gas, steam and air conditioning supply; water supply; sewerage, waste management and remediation activities",E_AI_TSR,Reconocimiento de voz,,u
NL,2023,D_E,"Electricity, gas, steam and air conditioning supply; water supply; sewerage, waste management and remediation activities",E_AI_TSR,Reconocimiento de voz,1.34,
PL,2023,D_E,"Electricity, gas, steam and air conditioning supply; water supply; sewerage, waste management and remediation activities",E_AI_TSR,Reconocimiento de voz,0.45,
PT,2023,D_E,"Electricity, gas, steam and air conditioning supply; water supply; sewerage, waste management and remediation activities",E_AI_TSR,Reconocimiento de voz,3.28,
RO,2023,D_E,"Electricity, gas, steam and air conditioning supply; water supply; sewerage, waste management and remediation activities",E_AI_TSR,Reconocimiento de voz,0.47,
SE,2023,D_E,"Electricity, gas, steam and air conditioning supply; water supply; sewerage, waste management and remediation activities",E_AI_TSR,Reconocimiento de voz,1.13,b
SI,2023,D_E,"Electricity, gas, steam and air conditioning supply; water supply; sewerage, waste management and remediation activities",E_AI_TSR,Reconocimiento de voz,,@C
SK,2023,D_E,"Electricity, gas, steam and air conditioning supply; water supply; sewerage, waste management and remediation activities",E_AI_TSR,Reconocimiento de voz,0.34,
AT,2023,D_E,"Electricity, gas, steam and air conditioning supply; water supply; sewerage, waste management and remediation activities",E_AI_TTM,Mineria de texto,7.64,
BE,2023,D_E,"Electricity, gas, steam and air conditioning supply; water supply; sewerage, waste management and remediation activities",E_AI_TTM,Mineria de texto,3.0,
BG,2023,D_E,"Electricity, gas, steam and air conditioning supply; water supply; sewerage, waste management and remediation activities",E_AI_TTM,Mineria de texto,,u
CY,2023,D_E,"Electricity, gas, steam and air conditioning supply; water supply; sewerage, waste management and remediation activities",E_AI_TTM,Mineria de texto,0.0,
CZ,2023,D_E,"Electricity, gas, steam and air conditioning supply; water supply; sewerage, waste management and remediation activities",E_AI_TTM,Mineria de texto,2.96,
DE,2023,D_E,"Electricity, gas, steam and air conditioning supply; water supply; sewerage, waste management and remediation activities",E_AI_TTM,Mineria de texto,2.66,
DK,2023,D_E,"Electricity, gas, steam and air conditioning supply; water supply; sewerage, waste management and remediation activities",E_AI_TTM,Mineria de texto,6.84,
EE,2023,D_E,"Electricity, gas, steam and air conditioning supply; water supply; sewerage, waste management and remediation activities",E_AI_TTM,Mineria de texto,1.05,
EL,2023,D_E,"Electricity, gas, steam and air conditioning supply; water supply; sewerage, waste management and remediation activities",E_AI_TTM,Mineria de texto,6.18,
ES,2023,D_E,"Electricity, gas, steam and air conditioning supply; water supply; sewerage, waste management and remediation activities",E_AI_TTM,Mineria de texto,4.21,
EU27_2020,2023,D_E,"Electricity, gas, steam and air conditioning supply; water supply; sewerage, waste management and remediation activities",E_AI_TTM,Mineria de texto,2.53,
FI,2023,D_E,"Electricity, gas, steam and air conditioning supply; water supply; sewerage, waste management and remediation activities",E_AI_TTM,Mineria de texto,5.63,
FR,2023,D_E,"Electricity, gas, steam and air conditioning supply; water supply; sewerage, waste management and remediation activities",E_AI_TTM,Mineria de texto,0.92,b
HR,2023,D_E,"Electricity, gas, steam and air conditioning supply; water supply; sewerage, waste management and remediation activities",E_AI_TTM,Mineria de texto,2.46,
HU,2023,D_E,"Electricity, gas, steam and air conditioning supply; water supply; sewerage, waste management and remediation activities",E_AI_TTM,Mineria de texto,2.93,
IE,2023,D_E,"Electricity, gas, steam and air conditioning supply; water supply; sewerage, waste management and remediation activities",E_AI_TTM,Mineria de texto,2.76,
IT,2023,D_E,"Electricity, gas, steam and air conditioning supply; water supply; sewerage, waste management and remediation activities",E_AI_TTM,Mineria de texto,1.84,
LT,2023,D_E,"Electricity, gas, steam and air conditioning supply; water supply; sewerage, waste management and remediation activities",E_AI_TTM,Mineria de texto,0.41,
LU,2023,D_E,"Electricity, gas, steam and air conditioning supply; water supply; sewerage, waste management and remediation activities",E_AI_TTM,Mineria de texto,8.03,
LV,2023,D_E,"Electricity, gas, steam and air conditioning supply; water supply; sewerage, waste management and remediation activities",E_AI_TTM,Mineria de texto,2.04,
MT,2023,D_E,"Electricity, gas, steam and air conditioning supply; water supply; sewerage, waste management and remediation activities",E_AI_TTM,Mineria de texto,,u
NL,2023,D_E,"Electricity, gas, steam and air conditioning supply; water supply; sewerage, waste management and remediation activities",E_AI_TTM,Mineria de texto,3.81,
PL,2023,D_E,"Electricity, gas, steam and air conditioning supply; water supply; sewerage, waste management and remediation activities",E_AI_TTM,Mineria de texto,0.24,
PT,2023,D_E,"Electricity, gas, steam and air conditioning supply; water supply; sewerage, waste management and remediation activities",E_AI_TTM,Mineria de texto,3.88,
RO,2023,D_E,"Electricity, gas, steam and air conditioning supply; water supply; sewerage, waste management and remediation activities",E_AI_TTM,Mineria de texto,1.19,
SE,2023,D_E,"Electricity, gas, steam and air conditioning supply; water supply; sewerage, waste management and remediation activities",E_AI_TTM,Mineria de texto,1.68,b
SI,2023,D_E,"Electricity, gas, steam and air conditioning supply; water supply; sewerage, waste management and remediation activities",E_AI_TTM,Mineria de texto,0.0,
SK,2023,D_E,"Electricity, gas, steam and air conditioning supply; water supply; sewerage, waste management and remediation activities",E_AI_TTM,Mineria de texto,3.32,
AT,2023,F,Construction,E_AI_TANY,Cualquier IA,4.28,
BE,2023,F,Construction,E_AI_TANY,Cualquier IA,5.17,
BG,2023,F,Construction,E_AI_TANY,Cualquier IA,,u
CY,2023,F,Construction,E_AI_TANY,Cualquier IA,1.31,
CZ,2023,F,Construction,E_AI_TANY,Cualquier IA,1.34,
DE,2023,F,Construction,E_AI_TANY,Cualquier IA,4.48,
DK,2023,F,Construction,E_AI_TANY,Cualquier IA,3.23,
EE,2023,F,Construction,E_AI_TANY,Cualquier IA,3.63,
EL,2023,F,Construction,E_AI_TANY,Cualquier IA,3.4,
ES,2023,F,Construction,E_AI_TANY,Cualquier IA,4.63,
EU27_2020,2023,F,Construction,E_AI_TANY,Cualquier IA,3.2,
FI,2023,F,Construction,E_AI_TANY,Cualquier IA,5.18,
FR,2023,F,Construction,E_AI_TANY,Cualquier IA,2.09,b
HR,2023,F,Construction,E_AI_TANY,Cualquier IA,3.06,
HU,2023,F,Construction,E_AI_TANY,Cualquier IA,1.8,
IE,2023,F,Construction,E_AI_TANY,Cualquier IA,5.92,
IT,2023,F,Construction,E_AI_TANY,Cualquier IA,2.62,
LT,2023,F,Construction,E_AI_TANY,Cualquier IA,2.4,
LU,2023,F,Construction,E_AI_TANY,Cualquier IA,10.03,
LV,2023,F,Construction,E_AI_TANY,Cualquier IA,1.51,
MT,2023,F,Construction,E_AI_TANY,Cualquier IA,9.05,
NL,2023,F,Construction,E_AI_TANY,Cualquier IA,4.72,
PL,2023,F,Construction,E_AI_TANY,Cualquier IA,1.23,
PT,2023,F,Construction,E_AI_TANY,Cualquier IA,2.92,
RO,2023,F,Construction,E_AI_TANY,Cualquier IA,0.13,
SE,2023,F,Construction,E_AI_TANY,Cualquier IA,2.78,b
SI,2023,F,Construction,E_AI_TANY,Cualquier IA,3.5,
SK,2023,F,Construction,E_AI_TANY,Cualquier IA,4.08,
AT,2023,F,Construction,E_AI_TAR,Robots autonomos,,u
BE,2023,F,Construction,E_AI_TAR,Robots autonomos,0.55,
BG,2023,F,Construction,E_AI_TAR,Robots autonomos,0.0,
CY,2023,F,Construction,E_AI_TAR,Robots autonomos,0.45,
CZ,2023,F,Construction,E_AI_TAR,Robots autonomos,0.36,
DE,2023,F,Construction,E_AI_TAR,Robots autonomos,0.12,
DK,2023,F,Construction,E_AI_TAR,Robots autonomos,0.11,
EE,2023,F,Construction,E_AI_TAR,Robots autonomos,0.49,
EL,2023,F,Construction,E_AI_TAR,Robots autonomos,0.8,
ES,2023,F,Construction,E_AI_TAR,Robots autonomos,0.43,
EU27_2020,2023,F,Construction,E_AI_TAR,Robots autonomos,0.26,
FI,2023,F,Construction,E_AI_TAR,Robots autonomos,,u
FR,2023,F,Construction,E_AI_TAR,Robots autonomos,0.04,b
HR,2023,F,Construction,E_AI_TAR,Robots autonomos,0.54,
HU,2023,F,Construction,E_AI_TAR,Robots autonomos,0.48,
IE,2023,F,Construction,E_AI_TAR,Robots autonomos,1.48,
IT,2023,F,Construction,E_AI_TAR,Robots autonomos,0.73,
LT,2023,F,Construction,E_AI_TAR,Robots autonomos,0.13,
LU,2023,F,Construction,E_AI_TAR,Robots autonomos,0.29,
LV,2023,F,Construction,E_AI_TAR,Robots autonomos,0.65,
MT,2023,F,Construction,E_AI_TAR,Robots autonomos,2.76,
NL,2023,F,Construction,E_AI_TAR,Robots autonomos,0.77,
PL,2023,F,Construction,E_AI_TAR,Robots autonomos,0.01,
PT,2023,F,Construction,E_AI_TAR,Robots autonomos,0.08,
RO,2023,F,Construction,E_AI_TAR,Robots autonomos,0.04,
SE,2023,F,Construction,E_AI_TAR,Robots autonomos,0.06,b
SI,2023,F,Construction,E_AI_TAR,Robots autonomos,,@C
SK,2023,F,Construction,E_AI_TAR,Robots autonomos,0.07,
AT,2023,F,Construction,E_AI_TIR,Vision por computador,0.79,
BE,2023,F,Construction,E_AI_TIR,Vision por computador,1.54,
BG,2023,F,Construction,E_AI_TIR,Vision por computador,0.0,
CY,2023,F,Construction,E_AI_TIR,Vision por computador,0.86,
CZ,2023,F,Construction,E_AI_TIR,Vision por computador,0.0,
DE,2023,F,Construction,E_AI_TIR,Vision por computador,0.89,
DK,2023,F,Construction,E_AI_TIR,Vision por computador,0.61,
EE,2023,F,Construction,E_AI_TIR,Vision por computador,2.11,
EL,2023,F,Construction,E_AI_TIR,Vision por computador,0.23,
ES,2023,F,Construction,E_AI_TIR,Vision por computador,1.28,
EU27_2020,2023,F,Construction,E_AI_TIR,Vision por computador,0.82,
FI,2023,F,Construction,E_AI_TIR,Vision por computador,0.26,
FR,2023,F,Construction,E_AI_TIR,Vision por computador,1.07,b
HR,2023,F,Construction,E_AI_TIR,Vision por computador,,@C
HU,2023,F,Construction,E_AI_TIR,Vision por computador,0.3,
IE,2023,F,Construction,E_AI_TIR,Vision por computador,1.14,
IT,2023,F,Construction,E_AI_TIR,Vision por computador,0.9,
LT,2023,F,Construction,E_AI_TIR,Vision por computador,0.36,
LU,2023,F,Construction,E_AI_TIR,Vision por computador,2.24,
LV,2023,F,Construction,E_AI_TIR,Vision por computador,0.79,
MT,2023,F,Construction,E_AI_TIR,Vision por computador,3.04,
NL,2023,F,Construction,E_AI_TIR,Vision por computador,1.32,
PL,2023,F,Construction,E_AI_TIR,Vision por computador,0.2,
PT,2023,F,Construction,E_AI_TIR,Vision por computador,0.06,
RO,2023,F,Construction,E_AI_TIR,Vision por computador,0.06,
SE,2023,F,Construction,E_AI_TIR,Vision por computador,0.85,b
SI,2023,F,Construction,E_AI_TIR,Vision por computador,1.49,
SK,2023,F,Construction,E_AI_TIR,Vision por computador,3.17,
AT,2023,F,Construction,E_AI_TML,Machine learning,0.77,
BE,2023,F,Construction,E_AI_TML,Machine learning,0.88,
BG,2023,F,Construction,E_AI_TML,Machine learning,,u
CY,2023,F,Construction,E_AI_TML,Machine learning,0.16,
CZ,2023,F,Construction,E_AI_TML,Machine learning,0.42,
DE,2023,F,Construction,E_AI_TML,Machine learning,0.37,
DK,2023,F,Construction,E_AI_TML,Machine learning,0.34,
EE,2023,F,Construction,E_AI_TML,Machine learning,0.92,
EL,2023,F,Construction,E_AI_TML,Machine learning,0.0,
ES,2023,F,Construction,E_AI_TML,Machine learning,0.63,
EU27_2020,2023,F,Construction,E_AI_TML,Machine learning,0.43,
FI,2023,F,Construction,E_AI_TML,Machine learning,1.33,
FR,2023,F,Construction,E_AI_TML,Machine learning,0.53,b
HR,2023,F,Construction,E_AI_TML,Machine learning,,@C
HU,2023,F,Construction,E_AI_TML,Machine learning,0.0,
IE,2023,F,Construction,E_AI_TML,Machine learning,0.07,
IT,2023,F,Construction,E_AI_TML,Machine learning,0.48,
LT,2023,F,Construction,E_AI_TML,Machine learning,0.04,
LU,2023,F,Construction,E_AI_TML,Machine learning,0.85,
LV,2023,F,Construction,E_AI_TML,Machine learning,0.72,
MT,2023,F,Construction,E_AI_TML,Machine learning,1.11,
NL,2023,F,Construction,E_AI_TML,Machine learning,1.62,
PL,2023,F,Construction,E_AI_TML,Machine learning,0.19,
PT,2023,F,Construction,E_AI_TML,Machine learning,0.06,
RO,2023,F,Construction,E_AI_TML,Machine learning,0.02,
SE,2023,F,Construction,E_AI_TML,Machine learning,0.13,b
SI,2023,F,Construction,E_AI_TML,Machine learning,0.0,
SK,2023,F,Construction,E_AI_TML,Machine learning,0.07,
AT,2023,F,Construction,E_AI_TNLG,Generacion de lenguaje,0.72,
BE,2023,F,Construction,E_AI_TNLG,Generacion de lenguaje,2.4,
BG,2023,F,Construction,E_AI_TNLG,Generacion de lenguaje,0.0,
CY,2023,F,Construction,E_AI_TNLG,Generacion de lenguaje,0.0,
CZ,2023,F,Construction,E_AI_TNLG,Generacion de lenguaje,0.0,
DE,2023,F,Construction,E_AI_TNLG,Generacion de lenguaje,0.45,
DK,2023,F,Construction,E_AI_TNLG,Generacion de lenguaje,1.26,
EE,2023,F,Construction,E_AI_TNLG,Generacion de lenguaje,0.0,
EL,2023,F,Construction,E_AI_TNLG,Generacion de lenguaje,0.3,
ES,2023,F,Construction,E_AI_TNLG,Generacion de lenguaje,1.46,
EU27_2020,2023,F,Construction,E_AI_TNLG,Generacion de lenguaje,0.58,
FI,2023,F,Construction,E_AI_TNLG,Generacion de lenguaje,0.86,
FR,2023,F,Construction,E_AI_TNLG,Generacion de lenguaje,0.38,b
HR,2023,F,Construction,E_AI_TNLG,Generacion de lenguaje,1.69,
HU,2023,F,Construction,E_AI_TNLG,Generacion de lenguaje,0.43,
IE,2023,F,Construction,E_AI_TNLG,Generacion de lenguaje,1.48,
IT,2023,F,Construction,E_AI_TNLG,Generacion de lenguaje,0.71,
LT,2023,F,Construction,E_AI_TNLG,Generacion de lenguaje,0.49,
LU,2023,F,Construction,E_AI_TNLG,Generacion de lenguaje,1.16,
LV,2023,F,Construction,E_AI_TNLG,Generacion de lenguaje,0.0,
MT,2023,F,Construction,E_AI_TNLG,Generacion de lenguaje,0.0,
NL,2023,F,Construction,E_AI_TNLG,Generacion de lenguaje,1.02,
PL,2023,F,Construction,E_AI_TNLG,Generacion de lenguaje,0.28,
PT,2023,F,Construction,E_AI_TNLG,Generacion de lenguaje,0.03,
RO,2023,F,Construction,E_AI_TNLG,Generacion de lenguaje,0.02,
SE,2023,F,Construction,E_AI_TNLG,Generacion de lenguaje,0.05,b
SI,2023,F,Construction,E_AI_TNLG,Generacion de lenguaje,1.34,
SK,2023,F,Construction,E_AI_TNLG,Generacion de lenguaje,0.0,
AT,2023,F,Construction,E_AI_TPA,Automatizacion de procesos,0.67,
BE,2023,F,Construction,E_AI_TPA,Automatizacion de procesos,0.35,
BG,2023,F,Construction,E_AI_TPA,Automatizacion de procesos,,u
CY,2023,F,Construction,E_AI_TPA,Automatizacion de procesos,0.16,
CZ,2023,F,Construction,E_AI_TPA,Automatizacion de procesos,0.08,
DE,2023,F,Construction,E_AI_TPA,Automatizacion de procesos,0.78,
DK,2023,F,Construction,E_AI_TPA,Automatizacion de procesos,0.67,
EE,2023,F,Construction,E_AI_TPA,Automatizacion de procesos,0.0,
EL,2023,F,Construction,E_AI_TPA,Automatizacion de procesos,1.83,
ES,2023,F,Construction,E_AI_TPA,Automatizacion de procesos,1.32,
EU27_2020,2023,F,Construction,E_AI_TPA,Automatizacion de procesos,0.8,
FI,2023,F,Construction,E_AI_TPA,Automatizacion de procesos,2.19,
FR,2023,F,Construction,E_AI_TPA,Automatizacion de procesos,0.61,b
HR,2023,F,Construction,E_AI_TPA,Automatizacion de procesos,,@C
HU,2023,F,Construction,E_AI_TPA,Automatizacion de procesos,0.72,
IE,2023,F,Construction,E_AI_TPA,Automatizacion de procesos,4.72,
IT,2023,F,Construction,E_AI_TPA,Automatizacion de procesos,0.93,
LT,2023,F,Construction,E_AI_TPA,Automatizacion de procesos,0.36,
LU,2023,F,Construction,E_AI_TPA,Automatizacion de procesos,0.67,
LV,2023,F,Construction,E_AI_TPA,Automatizacion de procesos,0.72,
MT,2023,F,Construction,E_AI_TPA,Automatizacion de procesos,0.0,
NL,2023,F,Construction,E_AI_TPA,Automatizacion de procesos,2.14,
PL,2023,F,Construction,E_AI_TPA,Automatizacion de procesos,0.68,
PT,2023,F,Construction,E_AI_TPA,Automatizacion de procesos,0.08,
RO,2023,F,Construction,E_AI_TPA,Automatizacion de procesos,0.03,
SE,2023,F,Construction,E_AI_TPA,Automatizacion de procesos,0.21,b
SI,2023,F,Construction,E_AI_TPA,Automatizacion de procesos,0.68,
SK,2023,F,Construction,E_AI_TPA,Automatizacion de procesos,1.03,
AT,2023,F,Construction,E_AI_TPVSG,Generacion de imagen/audio,,
BE,2023,F,Construction,E_AI_TPVSG,Generacion de imagen/audio,,
BG,2023,F,Construction,E_AI_TPVSG,Generacion de imagen/audio,,
CY,2023,F,Construction,E_AI_TPVSG,Generacion de imagen/audio,,
CZ,2023,F,Construction,E_AI_TPVSG,Generacion de imagen/audio,,
DE,2023,F,Construction,E_AI_TPVSG,Generacion de imagen/audio,,
DK,2023,F,Construction,E_AI_TPVSG,Generacion de imagen/audio,,
EE,2023,F,Construction,E_AI_TPVSG,Generacion de imagen/audio,,
EL,2023,F,Construction,E_AI_TPVSG,Generacion de imagen/audio,,
ES,2023,F,Construction,E_AI_TPVSG,Generacion de imagen/audio,,
EU27_2020,2023,F,Construction,E_AI_TPVSG,Generacion de imagen/audio,,
FI,2023,F,Construction,E_AI_TPVSG,Generacion de imagen/audio,,
FR,2023,F,Construction,E_AI_TPVSG,Generacion de imagen/audio,,
HR,2023,F,Construction,E_AI_TPVSG,Generacion de imagen/audio,,
HU,2023,F,Construction,E_AI_TPVSG,Generacion de imagen/audio,,
IE,2023,F,Construction,E_AI_TPVSG,Generacion de imagen/audio,,
IT,2023,F,Construction,E_AI_TPVSG,Generacion de imagen/audio,,
LT,2023,F,Construction,E_AI_TPVSG,Generacion de imagen/audio,,
LU,2023,F,Construction,E_AI_TPVSG,Generacion de imagen/audio,,
LV,2023,F,Construction,E_AI_TPVSG,Generacion de imagen/audio,,
MT,2023,F,Construction,E_AI_TPVSG,Generacion de imagen/audio,,
NL,2023,F,Construction,E_AI_TPVSG,Generacion de imagen/audio,,
PL,2023,F,Construction,E_AI_TPVSG,Generacion de imagen/audio,,
PT,2023,F,Construction,E_AI_TPVSG,Generacion de imagen/audio,,
RO,2023,F,Construction,E_AI_TPVSG,Generacion de imagen/audio,,
SE,2023,F,Construction,E_AI_TPVSG,Generacion de imagen/audio,,
SI,2023,F,Construction,E_AI_TPVSG,Generacion de imagen/audio,,
SK,2023,F,Construction,E_AI_TPVSG,Generacion de imagen/audio,,
AT,2023,F,Construction,E_AI_TSR,Reconocimiento de voz,1.54,
BE,2023,F,Construction,E_AI_TSR,Reconocimiento de voz,1.29,
BG,2023,F,Construction,E_AI_TSR,Reconocimiento de voz,0.0,
CY,2023,F,Construction,E_AI_TSR,Reconocimiento de voz,0.29,
CZ,2023,F,Construction,E_AI_TSR,Reconocimiento de voz,0.02,
DE,2023,F,Construction,E_AI_TSR,Reconocimiento de voz,2.94,
DK,2023,F,Construction,E_AI_TSR,Reconocimiento de voz,0.8,
EE,2023,F,Construction,E_AI_TSR,Reconocimiento de voz,0.1,
EL,2023,F,Construction,E_AI_TSR,Reconocimiento de voz,0.06,
ES,2023,F,Construction,E_AI_TSR,Reconocimiento de voz,1.99,
EU27_2020,2023,F,Construction,E_AI_TSR,Reconocimiento de voz,1.35,
FI,2023,F,Construction,E_AI_TSR,Reconocimiento de voz,1.42,
FR,2023,F,Construction,E_AI_TSR,Reconocimiento de voz,0.56,b
HR,2023,F,Construction,E_AI_TSR,Reconocimiento de voz,1.63,
HU,2023,F,Construction,E_AI_TSR,Reconocimiento de voz,0.52,
IE,2023,F,Construction,E_AI_TSR,Reconocimiento de voz,1.48,
IT,2023,F,Construction,E_AI_TSR,Reconocimiento de voz,1.04,
LT,2023,F,Construction,E_AI_TSR,Reconocimiento de voz,1.87,
LU,2023,F,Construction,E_AI_TSR,Reconocimiento de voz,1.75,
LV,2023,F,Construction,E_AI_TSR,Reconocimiento de voz,1.37,
MT,2023,F,Construction,E_AI_TSR,Reconocimiento de voz,0.0,
NL,2023,F,Construction,E_AI_TSR,Reconocimiento de voz,0.66,
PL,2023,F,Construction,E_AI_TSR,Reconocimiento de voz,0.47,
PT,2023,F,Construction,E_AI_TSR,Reconocimiento de voz,0.03,
RO,2023,F,Construction,E_AI_TSR,Reconocimiento de voz,0.03,
SE,2023,F,Construction,E_AI_TSR,Reconocimiento de voz,0.82,b
SI,2023,F,Construction,E_AI_TSR,Reconocimiento de voz,0.74,
SK,2023,F,Construction,E_AI_TSR,Reconocimiento de voz,1.03,
AT,2023,F,Construction,E_AI_TTM,Mineria de texto,1.9,
BE,2023,F,Construction,E_AI_TTM,Mineria de texto,1.5,
BG,2023,F,Construction,E_AI_TTM,Mineria de texto,,u
CY,2023,F,Construction,E_AI_TTM,Mineria de texto,0.29,
CZ,2023,F,Construction,E_AI_TTM,Mineria de texto,0.84,
DE,2023,F,Construction,E_AI_TTM,Mineria de texto,0.88,
DK,2023,F,Construction,E_AI_TTM,Mineria de texto,1.05,
EE,2023,F,Construction,E_AI_TTM,Mineria de texto,0.0,
EL,2023,F,Construction,E_AI_TTM,Mineria de texto,0.72,
ES,2023,F,Construction,E_AI_TTM,Mineria de texto,0.98,
EU27_2020,2023,F,Construction,E_AI_TTM,Mineria de texto,0.98,
FI,2023,F,Construction,E_AI_TTM,Mineria de texto,1.32,
FR,2023,F,Construction,E_AI_TTM,Mineria de texto,0.58,b
HR,2023,F,Construction,E_AI_TTM,Mineria de texto,1.8,
HU,2023,F,Construction,E_AI_TTM,Mineria de texto,1.15,
IE,2023,F,Construction,E_AI_TTM,Mineria de texto,2.24,
IT,2023,F,Construction,E_AI_TTM,Mineria de texto,1.04,
LT,2023,F,Construction,E_AI_TTM,Mineria de texto,0.53,
LU,2023,F,Construction,E_AI_TTM,Mineria de texto,7.9,
LV,2023,F,Construction,E_AI_TTM,Mineria de texto,1.37,
MT,2023,F,Construction,E_AI_TTM,Mineria de texto,2.76,
NL,2023,F,Construction,E_AI_TTM,Mineria de texto,2.03,
PL,2023,F,Construction,E_AI_TTM,Mineria de texto,0.12,
PT,2023,F,Construction,E_AI_TTM,Mineria de texto,2.82,
RO,2023,F,Construction,E_AI_TTM,Mineria de texto,0.06,
SE,2023,F,Construction,E_AI_TTM,Mineria de texto,1.01,b
SI,2023,F,Construction,E_AI_TTM,Mineria de texto,0.0,
SK,2023,F,Construction,E_AI_TTM,Mineria de texto,1.8,
AT,2023,G,Wholesale and retail trade; repair of motor vehicles and motorcycles,E_AI_TANY,Cualquier IA,8.35,
BE,2023,G,Wholesale and retail trade; repair of motor vehicles and motorcycles,E_AI_TANY,Cualquier IA,10.25,
BG,2023,G,Wholesale and retail trade; repair of motor vehicles and motorcycles,E_AI_TANY,Cualquier IA,2.5,
CY,2023,G,Wholesale and retail trade; repair of motor vehicles and motorcycles,E_AI_TANY,Cualquier IA,2.1,
CZ,2023,G,Wholesale and retail trade; repair of motor vehicles and motorcycles,E_AI_TANY,Cualquier IA,5.16,
DE,2023,G,Wholesale and retail trade; repair of motor vehicles and motorcycles,E_AI_TANY,Cualquier IA,9.97,
DK,2023,G,Wholesale and retail trade; repair of motor vehicles and motorcycles,E_AI_TANY,Cualquier IA,14.17,
EE,2023,G,Wholesale and retail trade; repair of motor vehicles and motorcycles,E_AI_TANY,Cualquier IA,3.47,
EL,2023,G,Wholesale and retail trade; repair of motor vehicles and motorcycles,E_AI_TANY,Cualquier IA,4.34,
ES,2023,G,Wholesale and retail trade; repair of motor vehicles and motorcycles,E_AI_TANY,Cualquier IA,6.79,
EU27_2020,2023,G,Wholesale and retail trade; repair of motor vehicles and motorcycles,E_AI_TANY,Cualquier IA,6.74,
FI,2023,G,Wholesale and retail trade; repair of motor vehicles and motorcycles,E_AI_TANY,Cualquier IA,10.79,
FR,2023,G,Wholesale and retail trade; repair of motor vehicles and motorcycles,E_AI_TANY,Cualquier IA,4.07,b
HR,2023,G,Wholesale and retail trade; repair of motor vehicles and motorcycles,E_AI_TANY,Cualquier IA,5.37,
HU,2023,G,Wholesale and retail trade; repair of motor vehicles and motorcycles,E_AI_TANY,Cualquier IA,3.02,
IE,2023,G,Wholesale and retail trade; repair of motor vehicles and motorcycles,E_AI_TANY,Cualquier IA,4.99,
IT,2023,G,Wholesale and retail trade; repair of motor vehicles and motorcycles,E_AI_TANY,Cualquier IA,3.66,
LT,2023,G,Wholesale and retail trade; repair of motor vehicles and motorcycles,E_AI_TANY,Cualquier IA,4.39,
LU,2023,G,Wholesale and retail trade; repair of motor vehicles and motorcycles,E_AI_TANY,Cualquier IA,14.61,
LV,2023,G,Wholesale and retail trade; repair of motor vehicles and motorcycles,E_AI_TANY,Cualquier IA,2.41,
MT,2023,G,Wholesale and retail trade; repair of motor vehicles and motorcycles,E_AI_TANY,Cualquier IA,9.44,
NL,2023,G,Wholesale and retail trade; repair of motor vehicles and motorcycles,E_AI_TANY,Cualquier IA,12.99,
PL,2023,G,Wholesale and retail trade; repair of motor vehicles and motorcycles,E_AI_TANY,Cualquier IA,3.99,
PT,2023,G,Wholesale and retail trade; repair of motor vehicles and motorcycles,E_AI_TANY,Cualquier IA,6.94,
RO,2023,G,Wholesale and retail trade; repair of motor vehicles and motorcycles,E_AI_TANY,Cualquier IA,1.29,
SE,2023,G,Wholesale and retail trade; repair of motor vehicles and motorcycles,E_AI_TANY,Cualquier IA,10.79,b
SI,2023,G,Wholesale and retail trade; repair of motor vehicles and motorcycles,E_AI_TANY,Cualquier IA,14.49,
SK,2023,G,Wholesale and retail trade; repair of motor vehicles and motorcycles,E_AI_TANY,Cualquier IA,6.96,
AT,2023,G,Wholesale and retail trade; repair of motor vehicles and motorcycles,E_AI_TAR,Robots autonomos,0.68,
BE,2023,G,Wholesale and retail trade; repair of motor vehicles and motorcycles,E_AI_TAR,Robots autonomos,1.41,
BG,2023,G,Wholesale and retail trade; repair of motor vehicles and motorcycles,E_AI_TAR,Robots autonomos,,u
CY,2023,G,Wholesale and retail trade; repair of motor vehicles and motorcycles,E_AI_TAR,Robots autonomos,0.34,
CZ,2023,G,Wholesale and retail trade; repair of motor vehicles and motorcycles,E_AI_TAR,Robots autonomos,1.01,
DE,2023,G,Wholesale and retail trade; repair of motor vehicles and motorcycles,E_AI_TAR,Robots autonomos,0.69,
DK,2023,G,Wholesale and retail trade; repair of motor vehicles and motorcycles,E_AI_TAR,Robots autonomos,1.54,
EE,2023,G,Wholesale and retail trade; repair of motor vehicles and motorcycles,E_AI_TAR,Robots autonomos,0.16,
EL,2023,G,Wholesale and retail trade; repair of motor vehicles and motorcycles,E_AI_TAR,Robots autonomos,0.39,
ES,2023,G,Wholesale and retail trade; repair of motor vehicles and motorcycles,E_AI_TAR,Robots autonomos,0.65,
EU27_2020,2023,G,Wholesale and retail trade; repair of motor vehicles and motorcycles,E_AI_TAR,Robots autonomos,0.66,
FI,2023,G,Wholesale and retail trade; repair of motor vehicles and motorcycles,E_AI_TAR,Robots autonomos,1.51,
FR,2023,G,Wholesale and retail trade; repair of motor vehicles and motorcycles,E_AI_TAR,Robots autonomos,0.5,b
HR,2023,G,Wholesale and retail trade; repair of motor vehicles and motorcycles,E_AI_TAR,Robots autonomos,,@C
HU,2023,G,Wholesale and retail trade; repair of motor vehicles and motorcycles,E_AI_TAR,Robots autonomos,0.52,
IE,2023,G,Wholesale and retail trade; repair of motor vehicles and motorcycles,E_AI_TAR,Robots autonomos,0.17,
IT,2023,G,Wholesale and retail trade; repair of motor vehicles and motorcycles,E_AI_TAR,Robots autonomos,0.46,
LT,2023,G,Wholesale and retail trade; repair of motor vehicles and motorcycles,E_AI_TAR,Robots autonomos,0.07,
LU,2023,G,Wholesale and retail trade; repair of motor vehicles and motorcycles,E_AI_TAR,Robots autonomos,2.48,
LV,2023,G,Wholesale and retail trade; repair of motor vehicles and motorcycles,E_AI_TAR,Robots autonomos,0.12,
MT,2023,G,Wholesale and retail trade; repair of motor vehicles and motorcycles,E_AI_TAR,Robots autonomos,1.68,
NL,2023,G,Wholesale and retail trade; repair of motor vehicles and motorcycles,E_AI_TAR,Robots autonomos,2.07,
PL,2023,G,Wholesale and retail trade; repair of motor vehicles and motorcycles,E_AI_TAR,Robots autonomos,0.26,
PT,2023,G,Wholesale and retail trade; repair of motor vehicles and motorcycles,E_AI_TAR,Robots autonomos,0.19,
RO,2023,G,Wholesale and retail trade; repair of motor vehicles and motorcycles,E_AI_TAR,Robots autonomos,0.22,
SE,2023,G,Wholesale and retail trade; repair of motor vehicles and motorcycles,E_AI_TAR,Robots autonomos,1.52,b
SI,2023,G,Wholesale and retail trade; repair of motor vehicles and motorcycles,E_AI_TAR,Robots autonomos,0.5,
SK,2023,G,Wholesale and retail trade; repair of motor vehicles and motorcycles,E_AI_TAR,Robots autonomos,0.63,
AT,2023,G,Wholesale and retail trade; repair of motor vehicles and motorcycles,E_AI_TIR,Vision por computador,1.36,
BE,2023,G,Wholesale and retail trade; repair of motor vehicles and motorcycles,E_AI_TIR,Vision por computador,1.93,
BG,2023,G,Wholesale and retail trade; repair of motor vehicles and motorcycles,E_AI_TIR,Vision por computador,0.58,
CY,2023,G,Wholesale and retail trade; repair of motor vehicles and motorcycles,E_AI_TIR,Vision por computador,0.59,
CZ,2023,G,Wholesale and retail trade; repair of motor vehicles and motorcycles,E_AI_TIR,Vision por computador,0.63,
DE,2023,G,Wholesale and retail trade; repair of motor vehicles and motorcycles,E_AI_TIR,Vision por computador,1.94,
DK,2023,G,Wholesale and retail trade; repair of motor vehicles and motorcycles,E_AI_TIR,Vision por computador,3.21,
EE,2023,G,Wholesale and retail trade; repair of motor vehicles and motorcycles,E_AI_TIR,Vision por computador,0.33,
EL,2023,G,Wholesale and retail trade; repair of motor vehicles and motorcycles,E_AI_TIR,Vision por computador,0.96,
ES,2023,G,Wholesale and retail trade; repair of motor vehicles and motorcycles,E_AI_TIR,Vision por computador,2.14,
EU27_2020,2023,G,Wholesale and retail trade; repair of motor vehicles and motorcycles,E_AI_TIR,Vision por computador,1.48,
FI,2023,G,Wholesale and retail trade; repair of motor vehicles and motorcycles,E_AI_TIR,Vision por computador,1.84,
FR,2023,G,Wholesale and retail trade; repair of motor vehicles and motorcycles,E_AI_TIR,Vision por computador,0.9,b
HR,2023,G,Wholesale and retail trade; repair of motor vehicles and motorcycles,E_AI_TIR,Vision por computador,0.68,
HU,2023,G,Wholesale and retail trade; repair of motor vehicles and motorcycles,E_AI_TIR,Vision por computador,1.02,
IE,2023,G,Wholesale and retail trade; repair of motor vehicles and motorcycles,E_AI_TIR,Vision por computador,0.26,
IT,2023,G,Wholesale and retail trade; repair of motor vehicles and motorcycles,E_AI_TIR,Vision por computador,0.73,
LT,2023,G,Wholesale and retail trade; repair of motor vehicles and motorcycles,E_AI_TIR,Vision por computador,0.79,
LU,2023,G,Wholesale and retail trade; repair of motor vehicles and motorcycles,E_AI_TIR,Vision por computador,4.07,
LV,2023,G,Wholesale and retail trade; repair of motor vehicles and motorcycles,E_AI_TIR,Vision por computador,0.54,
MT,2023,G,Wholesale and retail trade; repair of motor vehicles and motorcycles,E_AI_TIR,Vision por computador,3.43,
NL,2023,G,Wholesale and retail trade; repair of motor vehicles and motorcycles,E_AI_TIR,Vision por computador,3.01,
PL,2023,G,Wholesale and retail trade; repair of motor vehicles and motorcycles,E_AI_TIR,Vision por computador,0.47,
PT,2023,G,Wholesale and retail trade; repair of motor vehicles and motorcycles,E_AI_TIR,Vision por computador,3.77,
RO,2023,G,Wholesale and retail trade; repair of motor vehicles and motorcycles,E_AI_TIR,Vision por computador,0.32,
SE,2023,G,Wholesale and retail trade; repair of motor vehicles and motorcycles,E_AI_TIR,Vision por computador,2.26,b
SI,2023,G,Wholesale and retail trade; repair of motor vehicles and motorcycles,E_AI_TIR,Vision por computador,8.26,
SK,2023,G,Wholesale and retail trade; repair of motor vehicles and motorcycles,E_AI_TIR,Vision por computador,1.36,
AT,2023,G,Wholesale and retail trade; repair of motor vehicles and motorcycles,E_AI_TML,Machine learning,2.76,
BE,2023,G,Wholesale and retail trade; repair of motor vehicles and motorcycles,E_AI_TML,Machine learning,2.74,
BG,2023,G,Wholesale and retail trade; repair of motor vehicles and motorcycles,E_AI_TML,Machine learning,0.41,
CY,2023,G,Wholesale and retail trade; repair of motor vehicles and motorcycles,E_AI_TML,Machine learning,0.69,
CZ,2023,G,Wholesale and retail trade; repair of motor vehicles and motorcycles,E_AI_TML,Machine learning,1.21,
DE,2023,G,Wholesale and retail trade; repair of motor vehicles and motorcycles,E_AI_TML,Machine learning,2.05,
DK,2023,G,Wholesale and retail trade; repair of motor vehicles and motorcycles,E_AI_TML,Machine learning,6.49,
EE,2023,G,Wholesale and retail trade; repair of motor vehicles and motorcycles,E_AI_TML,Machine learning,0.95,
EL,2023,G,Wholesale and retail trade; repair of motor vehicles and motorcycles,E_AI_TML,Machine learning,0.95,
ES,2023,G,Wholesale and retail trade; repair of motor vehicles and motorcycles,E_AI_TML,Machine learning,1.84,
EU27_2020,2023,G,Wholesale and retail trade; repair of motor vehicles and motorcycles,E_AI_TML,Machine learning,1.8,
FI,2023,G,Wholesale and retail trade; repair of motor vehicles and motorcycles,E_AI_TML,Machine learning,2.49,
FR,2023,G,Wholesale and retail trade; repair of motor vehicles and motorcycles,E_AI_TML,Machine learning,1.46,b
HR,2023,G,Wholesale and retail trade; repair of motor vehicles and motorcycles,E_AI_TML,Machine learning,1.12,
HU,2023,G,Wholesale and retail trade; repair of motor vehicles and motorcycles,E_AI_TML,Machine learning,0.79,
IE,2023,G,Wholesale and retail trade; repair of motor vehicles and motorcycles,E_AI_TML,Machine learning,2.13,
IT,2023,G,Wholesale and retail trade; repair of motor vehicles and motorcycles,E_AI_TML,Machine learning,0.78,
LT,2023,G,Wholesale and retail trade; repair of motor vehicles and motorcycles,E_AI_TML,Machine learning,0.39,
LU,2023,G,Wholesale and retail trade; repair of motor vehicles and motorcycles,E_AI_TML,Machine learning,4.55,
LV,2023,G,Wholesale and retail trade; repair of motor vehicles and motorcycles,E_AI_TML,Machine learning,0.09,
MT,2023,G,Wholesale and retail trade; repair of motor vehicles and motorcycles,E_AI_TML,Machine learning,3.11,
NL,2023,G,Wholesale and retail trade; repair of motor vehicles and motorcycles,E_AI_TML,Machine learning,6.07,
PL,2023,G,Wholesale and retail trade; repair of motor vehicles and motorcycles,E_AI_TML,Machine learning,0.9,
PT,2023,G,Wholesale and retail trade; repair of motor vehicles and motorcycles,E_AI_TML,Machine learning,0.98,
RO,2023,G,Wholesale and retail trade; repair of motor vehicles and motorcycles,E_AI_TML,Machine learning,0.31,
SE,2023,G,Wholesale and retail trade; repair of motor vehicles and motorcycles,E_AI_TML,Machine learning,3.89,b
SI,2023,G,Wholesale and retail trade; repair of motor vehicles and motorcycles,E_AI_TML,Machine learning,3.14,
SK,2023,G,Wholesale and retail trade; repair of motor vehicles and motorcycles,E_AI_TML,Machine learning,1.06,
AT,2023,G,Wholesale and retail trade; repair of motor vehicles and motorcycles,E_AI_TNLG,Generacion de lenguaje,1.65,
BE,2023,G,Wholesale and retail trade; repair of motor vehicles and motorcycles,E_AI_TNLG,Generacion de lenguaje,3.15,
BG,2023,G,Wholesale and retail trade; repair of motor vehicles and motorcycles,E_AI_TNLG,Generacion de lenguaje,0.87,
CY,2023,G,Wholesale and retail trade; repair of motor vehicles and motorcycles,E_AI_TNLG,Generacion de lenguaje,0.29,
CZ,2023,G,Wholesale and retail trade; repair of motor vehicles and motorcycles,E_AI_TNLG,Generacion de lenguaje,0.5,
DE,2023,G,Wholesale and retail trade; repair of motor vehicles and motorcycles,E_AI_TNLG,Generacion de lenguaje,2.7,
DK,2023,G,Wholesale and retail trade; repair of motor vehicles and motorcycles,E_AI_TNLG,Generacion de lenguaje,4.35,
EE,2023,G,Wholesale and retail trade; repair of motor vehicles and motorcycles,E_AI_TNLG,Generacion de lenguaje,0.63,
EL,2023,G,Wholesale and retail trade; repair of motor vehicles and motorcycles,E_AI_TNLG,Generacion de lenguaje,0.84,
ES,2023,G,Wholesale and retail trade; repair of motor vehicles and motorcycles,E_AI_TNLG,Generacion de lenguaje,1.85,
EU27_2020,2023,G,Wholesale and retail trade; repair of motor vehicles and motorcycles,E_AI_TNLG,Generacion de lenguaje,1.79,
FI,2023,G,Wholesale and retail trade; repair of motor vehicles and motorcycles,E_AI_TNLG,Generacion de lenguaje,4.17,
FR,2023,G,Wholesale and retail trade; repair of motor vehicles and motorcycles,E_AI_TNLG,Generacion de lenguaje,0.9,b
HR,2023,G,Wholesale and retail trade; repair of motor vehicles and motorcycles,E_AI_TNLG,Generacion de lenguaje,1.42,
HU,2023,G,Wholesale and retail trade; repair of motor vehicles and motorcycles,E_AI_TNLG,Generacion de lenguaje,1.01,
IE,2023,G,Wholesale and retail trade; repair of motor vehicles and motorcycles,E_AI_TNLG,Generacion de lenguaje,0.53,
IT,2023,G,Wholesale and retail trade; repair of motor vehicles and motorcycles,E_AI_TNLG,Generacion de lenguaje,0.82,
LT,2023,G,Wholesale and retail trade; repair of motor vehicles and motorcycles,E_AI_TNLG,Generacion de lenguaje,1.15,
LU,2023,G,Wholesale and retail trade; repair of motor vehicles and motorcycles,E_AI_TNLG,Generacion de lenguaje,4.05,
LV,2023,G,Wholesale and retail trade; repair of motor vehicles and motorcycles,E_AI_TNLG,Generacion de lenguaje,0.18,
MT,2023,G,Wholesale and retail trade; repair of motor vehicles and motorcycles,E_AI_TNLG,Generacion de lenguaje,1.98,
NL,2023,G,Wholesale and retail trade; repair of motor vehicles and motorcycles,E_AI_TNLG,Generacion de lenguaje,4.2,
PL,2023,G,Wholesale and retail trade; repair of motor vehicles and motorcycles,E_AI_TNLG,Generacion de lenguaje,1.11,
PT,2023,G,Wholesale and retail trade; repair of motor vehicles and motorcycles,E_AI_TNLG,Generacion de lenguaje,0.91,
RO,2023,G,Wholesale and retail trade; repair of motor vehicles and motorcycles,E_AI_TNLG,Generacion de lenguaje,0.47,
SE,2023,G,Wholesale and retail trade; repair of motor vehicles and motorcycles,E_AI_TNLG,Generacion de lenguaje,4.2,b
SI,2023,G,Wholesale and retail trade; repair of motor vehicles and motorcycles,E_AI_TNLG,Generacion de lenguaje,5.47,
SK,2023,G,Wholesale and retail trade; repair of motor vehicles and motorcycles,E_AI_TNLG,Generacion de lenguaje,1.39,
AT,2023,G,Wholesale and retail trade; repair of motor vehicles and motorcycles,E_AI_TPA,Automatizacion de procesos,2.6,
BE,2023,G,Wholesale and retail trade; repair of motor vehicles and motorcycles,E_AI_TPA,Automatizacion de procesos,2.87,
BG,2023,G,Wholesale and retail trade; repair of motor vehicles and motorcycles,E_AI_TPA,Automatizacion de procesos,0.97,
CY,2023,G,Wholesale and retail trade; repair of motor vehicles and motorcycles,E_AI_TPA,Automatizacion de procesos,0.83,
CZ,2023,G,Wholesale and retail trade; repair of motor vehicles and motorcycles,E_AI_TPA,Automatizacion de procesos,1.63,
DE,2023,G,Wholesale and retail trade; repair of motor vehicles and motorcycles,E_AI_TPA,Automatizacion de procesos,3.21,
DK,2023,G,Wholesale and retail trade; repair of motor vehicles and motorcycles,E_AI_TPA,Automatizacion de procesos,7.44,
EE,2023,G,Wholesale and retail trade; repair of motor vehicles and motorcycles,E_AI_TPA,Automatizacion de procesos,1.16,
EL,2023,G,Wholesale and retail trade; repair of motor vehicles and motorcycles,E_AI_TPA,Automatizacion de procesos,2.11,
ES,2023,G,Wholesale and retail trade; repair of motor vehicles and motorcycles,E_AI_TPA,Automatizacion de procesos,2.16,
EU27_2020,2023,G,Wholesale and retail trade; repair of motor vehicles and motorcycles,E_AI_TPA,Automatizacion de procesos,2.57,
FI,2023,G,Wholesale and retail trade; repair of motor vehicles and motorcycles,E_AI_TPA,Automatizacion de procesos,5.75,
FR,2023,G,Wholesale and retail trade; repair of motor vehicles and motorcycles,E_AI_TPA,Automatizacion de procesos,1.23,b
HR,2023,G,Wholesale and retail trade; repair of motor vehicles and motorcycles,E_AI_TPA,Automatizacion de procesos,2.07,
HU,2023,G,Wholesale and retail trade; repair of motor vehicles and motorcycles,E_AI_TPA,Automatizacion de procesos,1.67,
IE,2023,G,Wholesale and retail trade; repair of motor vehicles and motorcycles,E_AI_TPA,Automatizacion de procesos,3.77,
IT,2023,G,Wholesale and retail trade; repair of motor vehicles and motorcycles,E_AI_TPA,Automatizacion de procesos,1.86,
LT,2023,G,Wholesale and retail trade; repair of motor vehicles and motorcycles,E_AI_TPA,Automatizacion de procesos,1.8,
LU,2023,G,Wholesale and retail trade; repair of motor vehicles and motorcycles,E_AI_TPA,Automatizacion de procesos,4.73,
LV,2023,G,Wholesale and retail trade; repair of motor vehicles and motorcycles,E_AI_TPA,Automatizacion de procesos,0.31,
MT,2023,G,Wholesale and retail trade; repair of motor vehicles and motorcycles,E_AI_TPA,Automatizacion de procesos,3.28,
NL,2023,G,Wholesale and retail trade; repair of motor vehicles and motorcycles,E_AI_TPA,Automatizacion de procesos,4.46,
PL,2023,G,Wholesale and retail trade; repair of motor vehicles and motorcycles,E_AI_TPA,Automatizacion de procesos,2.52,
PT,2023,G,Wholesale and retail trade; repair of motor vehicles and motorcycles,E_AI_TPA,Automatizacion de procesos,3.98,
RO,2023,G,Wholesale and retail trade; repair of motor vehicles and motorcycles,E_AI_TPA,Automatizacion de procesos,0.35,
SE,2023,G,Wholesale and retail trade; repair of motor vehicles and motorcycles,E_AI_TPA,Automatizacion de procesos,4.83,b
SI,2023,G,Wholesale and retail trade; repair of motor vehicles and motorcycles,E_AI_TPA,Automatizacion de procesos,4.61,
SK,2023,G,Wholesale and retail trade; repair of motor vehicles and motorcycles,E_AI_TPA,Automatizacion de procesos,2.2,
AT,2023,G,Wholesale and retail trade; repair of motor vehicles and motorcycles,E_AI_TPVSG,Generacion de imagen/audio,,
BE,2023,G,Wholesale and retail trade; repair of motor vehicles and motorcycles,E_AI_TPVSG,Generacion de imagen/audio,,
BG,2023,G,Wholesale and retail trade; repair of motor vehicles and motorcycles,E_AI_TPVSG,Generacion de imagen/audio,,
CY,2023,G,Wholesale and retail trade; repair of motor vehicles and motorcycles,E_AI_TPVSG,Generacion de imagen/audio,,
CZ,2023,G,Wholesale and retail trade; repair of motor vehicles and motorcycles,E_AI_TPVSG,Generacion de imagen/audio,,
DE,2023,G,Wholesale and retail trade; repair of motor vehicles and motorcycles,E_AI_TPVSG,Generacion de imagen/audio,,
DK,2023,G,Wholesale and retail trade; repair of motor vehicles and motorcycles,E_AI_TPVSG,Generacion de imagen/audio,,
EE,2023,G,Wholesale and retail trade; repair of motor vehicles and motorcycles,E_AI_TPVSG,Generacion de imagen/audio,,
EL,2023,G,Wholesale and retail trade; repair of motor vehicles and motorcycles,E_AI_TPVSG,Generacion de imagen/audio,,
ES,2023,G,Wholesale and retail trade; repair of motor vehicles and motorcycles,E_AI_TPVSG,Generacion de imagen/audio,,
EU27_2020,2023,G,Wholesale and retail trade; repair of motor vehicles and motorcycles,E_AI_TPVSG,Generacion de imagen/audio,,
FI,2023,G,Wholesale and retail trade; repair of motor vehicles and motorcycles,E_AI_TPVSG,Generacion de imagen/audio,,
FR,2023,G,Wholesale and retail trade; repair of motor vehicles and motorcycles,E_AI_TPVSG,Generacion de imagen/audio,,
HR,2023,G,Wholesale and retail trade; repair of motor vehicles and motorcycles,E_AI_TPVSG,Generacion de imagen/audio,,
HU,2023,G,Wholesale and retail trade; repair of motor vehicles and motorcycles,E_AI_TPVSG,Generacion de imagen/audio,,
IE,2023,G,Wholesale and retail trade; repair of motor vehicles and motorcycles,E_AI_TPVSG,Generacion de imagen/audio,,
IT,2023,G,Wholesale and retail trade; repair of motor vehicles and motorcycles,E_AI_TPVSG,Generacion de imagen/audio,,
LT,2023,G,Wholesale and retail trade; repair of motor vehicles and motorcycles,E_AI_TPVSG,Generacion de imagen/audio,,
LU,2023,G,Wholesale and retail trade; repair of motor vehicles and motorcycles,E_AI_TPVSG,Generacion de imagen/audio,,
LV,2023,G,Wholesale and retail trade; repair of motor vehicles and motorcycles,E_AI_TPVSG,Generacion de imagen/audio,,
MT,2023,G,Wholesale and retail trade; repair of motor vehicles and motorcycles,E_AI_TPVSG,Generacion de imagen/audio,,
NL,2023,G,Wholesale and retail trade; repair of motor vehicles and motorcycles,E_AI_TPVSG,Generacion de imagen/audio,,
PL,2023,G,Wholesale and retail trade; repair of motor vehicles and motorcycles,E_AI_TPVSG,Generacion de imagen/audio,,
PT,2023,G,Wholesale and retail trade; repair of motor vehicles and motorcycles,E_AI_TPVSG,Generacion de imagen/audio,,
RO,2023,G,Wholesale and retail trade; repair of motor vehicles and motorcycles,E_AI_TPVSG,Generacion de imagen/audio,,
SE,2023,G,Wholesale and retail trade; repair of motor vehicles and motorcycles,E_AI_TPVSG,Generacion de imagen/audio,,
SI,2023,G,Wholesale and retail trade; repair of motor vehicles and motorcycles,E_AI_TPVSG,Generacion de imagen/audio,,
SK,2023,G,Wholesale and retail trade; repair of motor vehicles and motorcycles,E_AI_TPVSG,Generacion de imagen/audio,,
AT,2023,G,Wholesale and retail trade; repair of motor vehicles and motorcycles,E_AI_TSR,Reconocimiento de voz,1.39,
BE,2023,G,Wholesale and retail trade; repair of motor vehicles and motorcycles,E_AI_TSR,Reconocimiento de voz,3.42,
BG,2023,G,Wholesale and retail trade; repair of motor vehicles and motorcycles,E_AI_TSR,Reconocimiento de voz,0.9,
CY,2023,G,Wholesale and retail trade; repair of motor vehicles and motorcycles,E_AI_TSR,Reconocimiento de voz,0.29,
CZ,2023,G,Wholesale and retail trade; repair of motor vehicles and motorcycles,E_AI_TSR,Reconocimiento de voz,0.71,
DE,2023,G,Wholesale and retail trade; repair of motor vehicles and motorcycles,E_AI_TSR,Reconocimiento de voz,3.71,
DK,2023,G,Wholesale and retail trade; repair of motor vehicles and motorcycles,E_AI_TSR,Reconocimiento de voz,2.96,
EE,2023,G,Wholesale and retail trade; repair of motor vehicles and motorcycles,E_AI_TSR,Reconocimiento de voz,0.54,
EL,2023,G,Wholesale and retail trade; repair of motor vehicles and motorcycles,E_AI_TSR,Reconocimiento de voz,1.05,
ES,2023,G,Wholesale and retail trade; repair of motor vehicles and motorcycles,E_AI_TSR,Reconocimiento de voz,2.09,
EU27_2020,2023,G,Wholesale and retail trade; repair of motor vehicles and motorcycles,E_AI_TSR,Reconocimiento de voz,1.9,
FI,2023,G,Wholesale and retail trade; repair of motor vehicles and motorcycles,E_AI_TSR,Reconocimiento de voz,2.57,
FR,2023,G,Wholesale and retail trade; repair of motor vehicles and motorcycles,E_AI_TSR,Reconocimiento de voz,0.75,b
HR,2023,G,Wholesale and retail trade; repair of motor vehicles and motorcycles,E_AI_TSR,Reconocimiento de voz,1.73,
HU,2023,G,Wholesale and retail trade; repair of motor vehicles and motorcycles,E_AI_TSR,Reconocimiento de voz,0.63,
IE,2023,G,Wholesale and retail trade; repair of motor vehicles and motorcycles,E_AI_TSR,Reconocimiento de voz,0.38,
IT,2023,G,Wholesale and retail trade; repair of motor vehicles and motorcycles,E_AI_TSR,Reconocimiento de voz,0.72,
LT,2023,G,Wholesale and retail trade; repair of motor vehicles and motorcycles,E_AI_TSR,Reconocimiento de voz,1.38,
LU,2023,G,Wholesale and retail trade; repair of motor vehicles and motorcycles,E_AI_TSR,Reconocimiento de voz,4.1,
LV,2023,G,Wholesale and retail trade; repair of motor vehicles and motorcycles,E_AI_TSR,Reconocimiento de voz,0.86,
MT,2023,G,Wholesale and retail trade; repair of motor vehicles and motorcycles,E_AI_TSR,Reconocimiento de voz,1.92,
NL,2023,G,Wholesale and retail trade; repair of motor vehicles and motorcycles,E_AI_TSR,Reconocimiento de voz,2.68,
PL,2023,G,Wholesale and retail trade; repair of motor vehicles and motorcycles,E_AI_TSR,Reconocimiento de voz,0.99,
PT,2023,G,Wholesale and retail trade; repair of motor vehicles and motorcycles,E_AI_TSR,Reconocimiento de voz,0.98,
RO,2023,G,Wholesale and retail trade; repair of motor vehicles and motorcycles,E_AI_TSR,Reconocimiento de voz,0.32,
SE,2023,G,Wholesale and retail trade; repair of motor vehicles and motorcycles,E_AI_TSR,Reconocimiento de voz,3.38,b
SI,2023,G,Wholesale and retail trade; repair of motor vehicles and motorcycles,E_AI_TSR,Reconocimiento de voz,2.96,
SK,2023,G,Wholesale and retail trade; repair of motor vehicles and motorcycles,E_AI_TSR,Reconocimiento de voz,2.5,
AT,2023,G,Wholesale and retail trade; repair of motor vehicles and motorcycles,E_AI_TTM,Mineria de texto,5.36,
BE,2023,G,Wholesale and retail trade; repair of motor vehicles and motorcycles,E_AI_TTM,Mineria de texto,5.71,
BG,2023,G,Wholesale and retail trade; repair of motor vehicles and motorcycles,E_AI_TTM,Mineria de texto,1.22,
CY,2023,G,Wholesale and retail trade; repair of motor vehicles and motorcycles,E_AI_TTM,Mineria de texto,0.34,
CZ,2023,G,Wholesale and retail trade; repair of motor vehicles and motorcycles,E_AI_TTM,Mineria de texto,2.36,
DE,2023,G,Wholesale and retail trade; repair of motor vehicles and motorcycles,E_AI_TTM,Mineria de texto,2.44,
DK,2023,G,Wholesale and retail trade; repair of motor vehicles and motorcycles,E_AI_TTM,Mineria de texto,5.51,
EE,2023,G,Wholesale and retail trade; repair of motor vehicles and motorcycles,E_AI_TTM,Mineria de texto,1.86,
EL,2023,G,Wholesale and retail trade; repair of motor vehicles and motorcycles,E_AI_TTM,Mineria de texto,1.32,
ES,2023,G,Wholesale and retail trade; repair of motor vehicles and motorcycles,E_AI_TTM,Mineria de texto,2.28,
EU27_2020,2023,G,Wholesale and retail trade; repair of motor vehicles and motorcycles,E_AI_TTM,Mineria de texto,2.26,
FI,2023,G,Wholesale and retail trade; repair of motor vehicles and motorcycles,E_AI_TTM,Mineria de texto,3.62,
FR,2023,G,Wholesale and retail trade; repair of motor vehicles and motorcycles,E_AI_TTM,Mineria de texto,1.45,b
HR,2023,G,Wholesale and retail trade; repair of motor vehicles and motorcycles,E_AI_TTM,Mineria de texto,2.35,
HU,2023,G,Wholesale and retail trade; repair of motor vehicles and motorcycles,E_AI_TTM,Mineria de texto,0.33,
IE,2023,G,Wholesale and retail trade; repair of motor vehicles and motorcycles,E_AI_TTM,Mineria de texto,0.85,
IT,2023,G,Wholesale and retail trade; repair of motor vehicles and motorcycles,E_AI_TTM,Mineria de texto,1.25,
LT,2023,G,Wholesale and retail trade; repair of motor vehicles and motorcycles,E_AI_TTM,Mineria de texto,2.82,
LU,2023,G,Wholesale and retail trade; repair of motor vehicles and motorcycles,E_AI_TTM,Mineria de texto,9.35,
LV,2023,G,Wholesale and retail trade; repair of motor vehicles and motorcycles,E_AI_TTM,Mineria de texto,1.49,
MT,2023,G,Wholesale and retail trade; repair of motor vehicles and motorcycles,E_AI_TTM,Mineria de texto,2.51,
NL,2023,G,Wholesale and retail trade; repair of motor vehicles and motorcycles,E_AI_TTM,Mineria de texto,5.55,
PL,2023,G,Wholesale and retail trade; repair of motor vehicles and motorcycles,E_AI_TTM,Mineria de texto,0.57,
PT,2023,G,Wholesale and retail trade; repair of motor vehicles and motorcycles,E_AI_TTM,Mineria de texto,2.15,
RO,2023,G,Wholesale and retail trade; repair of motor vehicles and motorcycles,E_AI_TTM,Mineria de texto,1.16,
SE,2023,G,Wholesale and retail trade; repair of motor vehicles and motorcycles,E_AI_TTM,Mineria de texto,4.92,b
SI,2023,G,Wholesale and retail trade; repair of motor vehicles and motorcycles,E_AI_TTM,Mineria de texto,1.14,
SK,2023,G,Wholesale and retail trade; repair of motor vehicles and motorcycles,E_AI_TTM,Mineria de texto,4.01,
AT,2023,H,Transportation and storage,E_AI_TANY,Cualquier IA,8.31,
BE,2023,H,Transportation and storage,E_AI_TANY,Cualquier IA,14.94,
BG,2023,H,Transportation and storage,E_AI_TANY,Cualquier IA,1.9,
CY,2023,H,Transportation and storage,E_AI_TANY,Cualquier IA,7.01,
CZ,2023,H,Transportation and storage,E_AI_TANY,Cualquier IA,4.42,
DE,2023,H,Transportation and storage,E_AI_TANY,Cualquier IA,7.05,
DK,2023,H,Transportation and storage,E_AI_TANY,Cualquier IA,15.16,
EE,2023,H,Transportation and storage,E_AI_TANY,Cualquier IA,5.61,
EL,2023,H,Transportation and storage,E_AI_TANY,Cualquier IA,5.91,
ES,2023,H,Transportation and storage,E_AI_TANY,Cualquier IA,7.04,
EU27_2020,2023,H,Transportation and storage,E_AI_TANY,Cualquier IA,5.26,
FI,2023,H,Transportation and storage,E_AI_TANY,Cualquier IA,8.37,
FR,2023,H,Transportation and storage,E_AI_TANY,Cualquier IA,2.35,b
HR,2023,H,Transportation and storage,E_AI_TANY,Cualquier IA,7.58,
HU,2023,H,Transportation and storage,E_AI_TANY,Cualquier IA,2.23,
IE,2023,H,Transportation and storage,E_AI_TANY,Cualquier IA,6.07,
IT,2023,H,Transportation and storage,E_AI_TANY,Cualquier IA,3.45,
LT,2023,H,Transportation and storage,E_AI_TANY,Cualquier IA,4.97,
LU,2023,H,Transportation and storage,E_AI_TANY,Cualquier IA,10.04,
LV,2023,H,Transportation and storage,E_AI_TANY,Cualquier IA,4.1,
MT,2023,H,Transportation and storage,E_AI_TANY,Cualquier IA,16.45,
NL,2023,H,Transportation and storage,E_AI_TANY,Cualquier IA,9.06,
PL,2023,H,Transportation and storage,E_AI_TANY,Cualquier IA,1.84,
PT,2023,H,Transportation and storage,E_AI_TANY,Cualquier IA,8.26,
RO,2023,H,Transportation and storage,E_AI_TANY,Cualquier IA,0.36,
SE,2023,H,Transportation and storage,E_AI_TANY,Cualquier IA,4.74,b
SI,2023,H,Transportation and storage,E_AI_TANY,Cualquier IA,7.5,
SK,2023,H,Transportation and storage,E_AI_TANY,Cualquier IA,3.32,
AT,2023,H,Transportation and storage,E_AI_TAR,Robots autonomos,0.66,
BE,2023,H,Transportation and storage,E_AI_TAR,Robots autonomos,2.83,
BG,2023,H,Transportation and storage,E_AI_TAR,Robots autonomos,,u
CY,2023,H,Transportation and storage,E_AI_TAR,Robots autonomos,0.49,
CZ,2023,H,Transportation and storage,E_AI_TAR,Robots autonomos,0.46,
DE,2023,H,Transportation and storage,E_AI_TAR,Robots autonomos,0.53,
DK,2023,H,Transportation and storage,E_AI_TAR,Robots autonomos,1.3,
EE,2023,H,Transportation and storage,E_AI_TAR,Robots autonomos,1.1,
EL,2023,H,Transportation and storage,E_AI_TAR,Robots autonomos,1.45,
ES,2023,H,Transportation and storage,E_AI_TAR,Robots autonomos,0.75,
EU27_2020,2023,H,Transportation and storage,E_AI_TAR,Robots autonomos,0.59,
FI,2023,H,Transportation and storage,E_AI_TAR,Robots autonomos,1.76,
FR,2023,H,Transportation and storage,E_AI_TAR,Robots autonomos,0.1,b
HR,2023,H,Transportation and storage,E_AI_TAR,Robots autonomos,0.0,
HU,2023,H,Transportation and storage,E_AI_TAR,Robots autonomos,0.08,
IE,2023,H,Transportation and storage,E_AI_TAR,Robots autonomos,0.39,
IT,2023,H,Transportation and storage,E_AI_TAR,Robots autonomos,0.45,
LT,2023,H,Transportation and storage,E_AI_TAR,Robots autonomos,0.38,
LU,2023,H,Transportation and storage,E_AI_TAR,Robots autonomos,1.43,
LV,2023,H,Transportation and storage,E_AI_TAR,Robots autonomos,0.2,
MT,2023,H,Transportation and storage,E_AI_TAR,Robots autonomos,3.25,
NL,2023,H,Transportation and storage,E_AI_TAR,Robots autonomos,2.5,
PL,2023,H,Transportation and storage,E_AI_TAR,Robots autonomos,0.22,
PT,2023,H,Transportation and storage,E_AI_TAR,Robots autonomos,0.19,
RO,2023,H,Transportation and storage,E_AI_TAR,Robots autonomos,0.03,
SE,2023,H,Transportation and storage,E_AI_TAR,Robots autonomos,0.63,b
SI,2023,H,Transportation and storage,E_AI_TAR,Robots autonomos,,@C
SK,2023,H,Transportation and storage,E_AI_TAR,Robots autonomos,0.68,
AT,2023,H,Transportation and storage,E_AI_TIR,Vision por computador,1.36,
BE,2023,H,Transportation and storage,E_AI_TIR,Vision por computador,3.74,
BG,2023,H,Transportation and storage,E_AI_TIR,Vision por computador,,u
CY,2023,H,Transportation and storage,E_AI_TIR,Vision por computador,5.37,
CZ,2023,H,Transportation and storage,E_AI_TIR,Vision por computador,0.65,
DE,2023,H,Transportation and storage,E_AI_TIR,Vision por computador,1.78,
DK,2023,H,Transportation and storage,E_AI_TIR,Vision por computador,1.0,
EE,2023,H,Transportation and storage,E_AI_TIR,Vision por computador,1.3,
EL,2023,H,Transportation and storage,E_AI_TIR,Vision por computador,1.31,
ES,2023,H,Transportation and storage,E_AI_TIR,Vision por computador,2.68,
EU27_2020,2023,H,Transportation and storage,E_AI_TIR,Vision por computador,1.45,
FI,2023,H,Transportation and storage,E_AI_TIR,Vision por computador,1.58,
FR,2023,H,Transportation and storage,E_AI_TIR,Vision por computador,0.68,b
HR,2023,H,Transportation and storage,E_AI_TIR,Vision por computador,1.65,
HU,2023,H,Transportation and storage,E_AI_TIR,Vision por computador,0.28,
IE,2023,H,Transportation and storage,E_AI_TIR,Vision por computador,1.18,
IT,2023,H,Transportation and storage,E_AI_TIR,Vision por computador,1.49,
LT,2023,H,Transportation and storage,E_AI_TIR,Vision por computador,1.37,
LU,2023,H,Transportation and storage,E_AI_TIR,Vision por computador,1.06,
LV,2023,H,Transportation and storage,E_AI_TIR,Vision por computador,1.57,
MT,2023,H,Transportation and storage,E_AI_TIR,Vision por computador,4.13,
NL,2023,H,Transportation and storage,E_AI_TIR,Vision por computador,3.14,
PL,2023,H,Transportation and storage,E_AI_TIR,Vision por computador,0.25,
PT,2023,H,Transportation and storage,E_AI_TIR,Vision por computador,3.47,
RO,2023,H,Transportation and storage,E_AI_TIR,Vision por computador,0.13,
SE,2023,H,Transportation and storage,E_AI_TIR,Vision por computador,0.51,b
SI,2023,H,Transportation and storage,E_AI_TIR,Vision por computador,5.04,
SK,2023,H,Transportation and storage,E_AI_TIR,Vision por computador,0.86,
AT,2023,H,Transportation and storage,E_AI_TML,Machine learning,3.27,
BE,2023,H,Transportation and storage,E_AI_TML,Machine learning,3.82,
BG,2023,H,Transportation and storage,E_AI_TML,Machine learning,,u
CY,2023,H,Transportation and storage,E_AI_TML,Machine learning,2.62,
CZ,2023,H,Transportation and storage,E_AI_TML,Machine learning,1.45,
DE,2023,H,Transportation and storage,E_AI_TML,Machine learning,1.61,
DK,2023,H,Transportation and storage,E_AI_TML,Machine learning,5.6,
EE,2023,H,Transportation and storage,E_AI_TML,Machine learning,1.49,
EL,2023,H,Transportation and storage,E_AI_TML,Machine learning,1.07,
ES,2023,H,Transportation and storage,E_AI_TML,Machine learning,1.54,
EU27_2020,2023,H,Transportation and storage,E_AI_TML,Machine learning,1.35,
FI,2023,H,Transportation and storage,E_AI_TML,Machine learning,2.61,
FR,2023,H,Transportation and storage,E_AI_TML,Machine learning,0.91,b
HR,2023,H,Transportation and storage,E_AI_TML,Machine learning,1.65,
HU,2023,H,Transportation and storage,E_AI_TML,Machine learning,0.84,
IE,2023,H,Transportation and storage,E_AI_TML,Machine learning,1.79,
IT,2023,H,Transportation and storage,E_AI_TML,Machine learning,0.66,
LT,2023,H,Transportation and storage,E_AI_TML,Machine learning,0.55,
LU,2023,H,Transportation and storage,E_AI_TML,Machine learning,2.06,
LV,2023,H,Transportation and storage,E_AI_TML,Machine learning,0.2,
MT,2023,H,Transportation and storage,E_AI_TML,Machine learning,4.81,
NL,2023,H,Transportation and storage,E_AI_TML,Machine learning,3.11,
PL,2023,H,Transportation and storage,E_AI_TML,Machine learning,0.49,
PT,2023,H,Transportation and storage,E_AI_TML,Machine learning,2.56,
RO,2023,H,Transportation and storage,E_AI_TML,Machine learning,0.08,
SE,2023,H,Transportation and storage,E_AI_TML,Machine learning,0.72,b
SI,2023,H,Transportation and storage,E_AI_TML,Machine learning,,@C
SK,2023,H,Transportation and storage,E_AI_TML,Machine learning,0.77,
AT,2023,H,Transportation and storage,E_AI_TNLG,Generacion de lenguaje,0.87,
BE,2023,H,Transportation and storage,E_AI_TNLG,Generacion de lenguaje,4.15,
BG,2023,H,Transportation and storage,E_AI_TNLG,Generacion de lenguaje,,u
CY,2023,H,Transportation and storage,E_AI_TNLG,Generacion de lenguaje,1.21,
CZ,2023,H,Transportation and storage,E_AI_TNLG,Generacion de lenguaje,0.1,
DE,2023,H,Transportation and storage,E_AI_TNLG,Generacion de lenguaje,1.86,
DK,2023,H,Transportation and storage,E_AI_TNLG,Generacion de lenguaje,3.36,
EE,2023,H,Transportation and storage,E_AI_TNLG,Generacion de lenguaje,0.2,
EL,2023,H,Transportation and storage,E_AI_TNLG,Generacion de lenguaje,1.13,
ES,2023,H,Transportation and storage,E_AI_TNLG,Generacion de lenguaje,1.64,
EU27_2020,2023,H,Transportation and storage,E_AI_TNLG,Generacion de lenguaje,1.28,
FI,2023,H,Transportation and storage,E_AI_TNLG,Generacion de lenguaje,1.81,
FR,2023,H,Transportation and storage,E_AI_TNLG,Generacion de lenguaje,0.19,b
HR,2023,H,Transportation and storage,E_AI_TNLG,Generacion de lenguaje,3.29,
HU,2023,H,Transportation and storage,E_AI_TNLG,Generacion de lenguaje,0.15,
IE,2023,H,Transportation and storage,E_AI_TNLG,Generacion de lenguaje,1.79,
IT,2023,H,Transportation and storage,E_AI_TNLG,Generacion de lenguaje,1.39,
LT,2023,H,Transportation and storage,E_AI_TNLG,Generacion de lenguaje,0.38,
LU,2023,H,Transportation and storage,E_AI_TNLG,Generacion de lenguaje,2.19,
LV,2023,H,Transportation and storage,E_AI_TNLG,Generacion de lenguaje,0.77,
MT,2023,H,Transportation and storage,E_AI_TNLG,Generacion de lenguaje,5.36,
NL,2023,H,Transportation and storage,E_AI_TNLG,Generacion de lenguaje,2.0,
PL,2023,H,Transportation and storage,E_AI_TNLG,Generacion de lenguaje,0.69,
PT,2023,H,Transportation and storage,E_AI_TNLG,Generacion de lenguaje,0.19,
RO,2023,H,Transportation and storage,E_AI_TNLG,Generacion de lenguaje,0.21,
SE,2023,H,Transportation and storage,E_AI_TNLG,Generacion de lenguaje,1.4,b
SI,2023,H,Transportation and storage,E_AI_TNLG,Generacion de lenguaje,4.68,
SK,2023,H,Transportation and storage,E_AI_TNLG,Generacion de lenguaje,0.68,
AT,2023,H,Transportation and storage,E_AI_TPA,Automatizacion de procesos,4.2,
BE,2023,H,Transportation and storage,E_AI_TPA,Automatizacion de procesos,5.88,
BG,2023,H,Transportation and storage,E_AI_TPA,Automatizacion de procesos,1.67,
CY,2023,H,Transportation and storage,E_AI_TPA,Automatizacion de procesos,1.64,
CZ,2023,H,Transportation and storage,E_AI_TPA,Automatizacion de procesos,1.76,
DE,2023,H,Transportation and storage,E_AI_TPA,Automatizacion de procesos,1.86,
DK,2023,H,Transportation and storage,E_AI_TPA,Automatizacion de procesos,7.89,
EE,2023,H,Transportation and storage,E_AI_TPA,Automatizacion de procesos,1.31,
EL,2023,H,Transportation and storage,E_AI_TPA,Automatizacion de procesos,3.49,
ES,2023,H,Transportation and storage,E_AI_TPA,Automatizacion de procesos,2.08,
EU27_2020,2023,H,Transportation and storage,E_AI_TPA,Automatizacion de procesos,1.85,
FI,2023,H,Transportation and storage,E_AI_TPA,Automatizacion de procesos,4.8,
FR,2023,H,Transportation and storage,E_AI_TPA,Automatizacion de procesos,0.81,b
HR,2023,H,Transportation and storage,E_AI_TPA,Automatizacion de procesos,2.31,
HU,2023,H,Transportation and storage,E_AI_TPA,Automatizacion de procesos,1.45,
IE,2023,H,Transportation and storage,E_AI_TPA,Automatizacion de procesos,2.73,
IT,2023,H,Transportation and storage,E_AI_TPA,Automatizacion de procesos,0.98,
LT,2023,H,Transportation and storage,E_AI_TPA,Automatizacion de procesos,2.84,
LU,2023,H,Transportation and storage,E_AI_TPA,Automatizacion de procesos,2.84,
LV,2023,H,Transportation and storage,E_AI_TPA,Automatizacion de procesos,0.9,
MT,2023,H,Transportation and storage,E_AI_TPA,Automatizacion de procesos,6.96,
NL,2023,H,Transportation and storage,E_AI_TPA,Automatizacion de procesos,4.66,
PL,2023,H,Transportation and storage,E_AI_TPA,Automatizacion de procesos,0.47,
PT,2023,H,Transportation and storage,E_AI_TPA,Automatizacion de procesos,3.03,
RO,2023,H,Transportation and storage,E_AI_TPA,Automatizacion de procesos,0.16,
SE,2023,H,Transportation and storage,E_AI_TPA,Automatizacion de procesos,2.05,b
SI,2023,H,Transportation and storage,E_AI_TPA,Automatizacion de procesos,1.36,
SK,2023,H,Transportation and storage,E_AI_TPA,Automatizacion de procesos,1.45,
AT,2023,H,Transportation and storage,E_AI_TPVSG,Generacion de imagen/audio,,
BE,2023,H,Transportation and storage,E_AI_TPVSG,Generacion de imagen/audio,,
BG,2023,H,Transportation and storage,E_AI_TPVSG,Generacion de imagen/audio,,
CY,2023,H,Transportation and storage,E_AI_TPVSG,Generacion de imagen/audio,,
CZ,2023,H,Transportation and storage,E_AI_TPVSG,Generacion de imagen/audio,,
DE,2023,H,Transportation and storage,E_AI_TPVSG,Generacion de imagen/audio,,
DK,2023,H,Transportation and storage,E_AI_TPVSG,Generacion de imagen/audio,,
EE,2023,H,Transportation and storage,E_AI_TPVSG,Generacion de imagen/audio,,
EL,2023,H,Transportation and storage,E_AI_TPVSG,Generacion de imagen/audio,,
ES,2023,H,Transportation and storage,E_AI_TPVSG,Generacion de imagen/audio,,
EU27_2020,2023,H,Transportation and storage,E_AI_TPVSG,Generacion de imagen/audio,,
FI,2023,H,Transportation and storage,E_AI_TPVSG,Generacion de imagen/audio,,
FR,2023,H,Transportation and storage,E_AI_TPVSG,Generacion de imagen/audio,,
HR,2023,H,Transportation and storage,E_AI_TPVSG,Generacion de imagen/audio,,
HU,2023,H,Transportation and storage,E_AI_TPVSG,Generacion de imagen/audio,,
IE,2023,H,Transportation and storage,E_AI_TPVSG,Generacion de imagen/audio,,
IT,2023,H,Transportation and storage,E_AI_TPVSG,Generacion de imagen/audio,,
LT,2023,H,Transportation and storage,E_AI_TPVSG,Generacion de imagen/audio,,
LU,2023,H,Transportation and storage,E_AI_TPVSG,Generacion de imagen/audio,,
LV,2023,H,Transportation and storage,E_AI_TPVSG,Generacion de imagen/audio,,
MT,2023,H,Transportation and storage,E_AI_TPVSG,Generacion de imagen/audio,,
NL,2023,H,Transportation and storage,E_AI_TPVSG,Generacion de imagen/audio,,
PL,2023,H,Transportation and storage,E_AI_TPVSG,Generacion de imagen/audio,,
PT,2023,H,Transportation and storage,E_AI_TPVSG,Generacion de imagen/audio,,
RO,2023,H,Transportation and storage,E_AI_TPVSG,Generacion de imagen/audio,,
SE,2023,H,Transportation and storage,E_AI_TPVSG,Generacion de imagen/audio,,
SI,2023,H,Transportation and storage,E_AI_TPVSG,Generacion de imagen/audio,,
SK,2023,H,Transportation and storage,E_AI_TPVSG,Generacion de imagen/audio,,
AT,2023,H,Transportation and storage,E_AI_TSR,Reconocimiento de voz,1.05,
BE,2023,H,Transportation and storage,E_AI_TSR,Reconocimiento de voz,3.42,
BG,2023,H,Transportation and storage,E_AI_TSR,Reconocimiento de voz,,u
CY,2023,H,Transportation and storage,E_AI_TSR,Reconocimiento de voz,1.21,
CZ,2023,H,Transportation and storage,E_AI_TSR,Reconocimiento de voz,0.1,
DE,2023,H,Transportation and storage,E_AI_TSR,Reconocimiento de voz,2.7,
DK,2023,H,Transportation and storage,E_AI_TSR,Reconocimiento de voz,1.01,
EE,2023,H,Transportation and storage,E_AI_TSR,Reconocimiento de voz,0.77,
EL,2023,H,Transportation and storage,E_AI_TSR,Reconocimiento de voz,0.41,
ES,2023,H,Transportation and storage,E_AI_TSR,Reconocimiento de voz,3.73,
EU27_2020,2023,H,Transportation and storage,E_AI_TSR,Reconocimiento de voz,1.59,
FI,2023,H,Transportation and storage,E_AI_TSR,Reconocimiento de voz,2.09,
FR,2023,H,Transportation and storage,E_AI_TSR,Reconocimiento de voz,0.79,b
HR,2023,H,Transportation and storage,E_AI_TSR,Reconocimiento de voz,1.82,
HU,2023,H,Transportation and storage,E_AI_TSR,Reconocimiento de voz,0.23,
IE,2023,H,Transportation and storage,E_AI_TSR,Reconocimiento de voz,0.0,
IT,2023,H,Transportation and storage,E_AI_TSR,Reconocimiento de voz,1.3,
LT,2023,H,Transportation and storage,E_AI_TSR,Reconocimiento de voz,1.97,
LU,2023,H,Transportation and storage,E_AI_TSR,Reconocimiento de voz,1.2,
LV,2023,H,Transportation and storage,E_AI_TSR,Reconocimiento de voz,0.87,
MT,2023,H,Transportation and storage,E_AI_TSR,Reconocimiento de voz,3.33,
NL,2023,H,Transportation and storage,E_AI_TSR,Reconocimiento de voz,2.06,
PL,2023,H,Transportation and storage,E_AI_TSR,Reconocimiento de voz,0.49,
PT,2023,H,Transportation and storage,E_AI_TSR,Reconocimiento de voz,0.33,
RO,2023,H,Transportation and storage,E_AI_TSR,Reconocimiento de voz,0.21,
SE,2023,H,Transportation and storage,E_AI_TSR,Reconocimiento de voz,0.46,b
SI,2023,H,Transportation and storage,E_AI_TSR,Reconocimiento de voz,,@C
SK,2023,H,Transportation and storage,E_AI_TSR,Reconocimiento de voz,1.36,
AT,2023,H,Transportation and storage,E_AI_TTM,Mineria de texto,4.75,
BE,2023,H,Transportation and storage,E_AI_TTM,Mineria de texto,5.8,
BG,2023,H,Transportation and storage,E_AI_TTM,Mineria de texto,,u
CY,2023,H,Transportation and storage,E_AI_TTM,Mineria de texto,1.94,
CZ,2023,H,Transportation and storage,E_AI_TTM,Mineria de texto,3.27,
DE,2023,H,Transportation and storage,E_AI_TTM,Mineria de texto,2.22,
DK,2023,H,Transportation and storage,E_AI_TTM,Mineria de texto,4.58,
EE,2023,H,Transportation and storage,E_AI_TTM,Mineria de texto,1.87,
EL,2023,H,Transportation and storage,E_AI_TTM,Mineria de texto,0.76,
ES,2023,H,Transportation and storage,E_AI_TTM,Mineria de texto,1.65,
EU27_2020,2023,H,Transportation and storage,E_AI_TTM,Mineria de texto,1.68,
FI,2023,H,Transportation and storage,E_AI_TTM,Mineria de texto,1.55,
FR,2023,H,Transportation and storage,E_AI_TTM,Mineria de texto,0.71,b
HR,2023,H,Transportation and storage,E_AI_TTM,Mineria de texto,3.29,
HU,2023,H,Transportation and storage,E_AI_TTM,Mineria de texto,0.19,
IE,2023,H,Transportation and storage,E_AI_TTM,Mineria de texto,2.12,
IT,2023,H,Transportation and storage,E_AI_TTM,Mineria de texto,1.31,
LT,2023,H,Transportation and storage,E_AI_TTM,Mineria de texto,0.55,
LU,2023,H,Transportation and storage,E_AI_TTM,Mineria de texto,7.86,
LV,2023,H,Transportation and storage,E_AI_TTM,Mineria de texto,2.33,
MT,2023,H,Transportation and storage,E_AI_TTM,Mineria de texto,3.33,
NL,2023,H,Transportation and storage,E_AI_TTM,Mineria de texto,2.89,
PL,2023,H,Transportation and storage,E_AI_TTM,Mineria de texto,0.08,
PT,2023,H,Transportation and storage,E_AI_TTM,Mineria de texto,2.14,
RO,2023,H,Transportation and storage,E_AI_TTM,Mineria de texto,0.26,
SE,2023,H,Transportation and storage,E_AI_TTM,Mineria de texto,1.76,b
SI,2023,H,Transportation and storage,E_AI_TTM,Mineria de texto,0.0,
SK,2023,H,Transportation and storage,E_AI_TTM,Mineria de texto,2.46,
AT,2023,I,Accommodation and food service activities,E_AI_TANY,Cualquier IA,3.63,
BE,2023,I,Accommodation and food service activities,E_AI_TANY,Cualquier IA,7.98,
BG,2023,I,Accommodation and food service activities,E_AI_TANY,Cualquier IA,0.76,
CY,2023,I,Accommodation and food service activities,E_AI_TANY,Cualquier IA,1.22,
CZ,2023,I,Accommodation and food service activities,E_AI_TANY,Cualquier IA,2.63,
DE,2023,I,Accommodation and food service activities,E_AI_TANY,Cualquier IA,5.38,
DK,2023,I,Accommodation and food service activities,E_AI_TANY,Cualquier IA,6.6,
EE,2023,I,Accommodation and food service activities,E_AI_TANY,Cualquier IA,1.64,
EL,2023,I,Accommodation and food service activities,E_AI_TANY,Cualquier IA,1.33,
ES,2023,I,Accommodation and food service activities,E_AI_TANY,Cualquier IA,6.38,
EU27_2020,2023,I,Accommodation and food service activities,E_AI_TANY,Cualquier IA,3.81,
FI,2023,I,Accommodation and food service activities,E_AI_TANY,Cualquier IA,2.46,
FR,2023,I,Accommodation and food service activities,E_AI_TANY,Cualquier IA,2.47,b
HR,2023,I,Accommodation and food service activities,E_AI_TANY,Cualquier IA,5.8,
HU,2023,I,Accommodation and food service activities,E_AI_TANY,Cualquier IA,2.46,
IE,2023,I,Accommodation and food service activities,E_AI_TANY,Cualquier IA,2.68,
IT,2023,I,Accommodation and food service activities,E_AI_TANY,Cualquier IA,3.99,
LT,2023,I,Accommodation and food service activities,E_AI_TANY,Cualquier IA,0.55,
LU,2023,I,Accommodation and food service activities,E_AI_TANY,Cualquier IA,4.87,
LV,2023,I,Accommodation and food service activities,E_AI_TANY,Cualquier IA,1.01,
MT,2023,I,Accommodation and food service activities,E_AI_TANY,Cualquier IA,7.55,
NL,2023,I,Accommodation and food service activities,E_AI_TANY,Cualquier IA,5.91,
PL,2023,I,Accommodation and food service activities,E_AI_TANY,Cualquier IA,1.65,
PT,2023,I,Accommodation and food service activities,E_AI_TANY,Cualquier IA,5.26,
RO,2023,I,Accommodation and food service activities,E_AI_TANY,Cualquier IA,0.06,
SE,2023,I,Accommodation and food service activities,E_AI_TANY,Cualquier IA,3.18,b
SI,2023,I,Accommodation and food service activities,E_AI_TANY,Cualquier IA,6.53,
SK,2023,I,Accommodation and food service activities,E_AI_TANY,Cualquier IA,2.31,
AT,2023,I,Accommodation and food service activities,E_AI_TAR,Robots autonomos,0.41,
BE,2023,I,Accommodation and food service activities,E_AI_TAR,Robots autonomos,0.27,
BG,2023,I,Accommodation and food service activities,E_AI_TAR,Robots autonomos,0.0,
CY,2023,I,Accommodation and food service activities,E_AI_TAR,Robots autonomos,0.0,
CZ,2023,I,Accommodation and food service activities,E_AI_TAR,Robots autonomos,0.23,
DE,2023,I,Accommodation and food service activities,E_AI_TAR,Robots autonomos,0.13,
DK,2023,I,Accommodation and food service activities,E_AI_TAR,Robots autonomos,0.06,
EE,2023,I,Accommodation and food service activities,E_AI_TAR,Robots autonomos,0.0,
EL,2023,I,Accommodation and food service activities,E_AI_TAR,Robots autonomos,0.01,
ES,2023,I,Accommodation and food service activities,E_AI_TAR,Robots autonomos,1.36,
EU27_2020,2023,I,Accommodation and food service activities,E_AI_TAR,Robots autonomos,0.38,
FI,2023,I,Accommodation and food service activities,E_AI_TAR,Robots autonomos,0.0,
FR,2023,I,Accommodation and food service activities,E_AI_TAR,Robots autonomos,0.0,b
HR,2023,I,Accommodation and food service activities,E_AI_TAR,Robots autonomos,,@C
HU,2023,I,Accommodation and food service activities,E_AI_TAR,Robots autonomos,0.07,
IE,2023,I,Accommodation and food service activities,E_AI_TAR,Robots autonomos,0.0,
IT,2023,I,Accommodation and food service activities,E_AI_TAR,Robots autonomos,1.33,
LT,2023,I,Accommodation and food service activities,E_AI_TAR,Robots autonomos,0.18,
LU,2023,I,Accommodation and food service activities,E_AI_TAR,Robots autonomos,0.0,
LV,2023,I,Accommodation and food service activities,E_AI_TAR,Robots autonomos,0.0,
MT,2023,I,Accommodation and food service activities,E_AI_TAR,Robots autonomos,0.72,
NL,2023,I,Accommodation and food service activities,E_AI_TAR,Robots autonomos,0.51,
PL,2023,I,Accommodation and food service activities,E_AI_TAR,Robots autonomos,0.08,
PT,2023,I,Accommodation and food service activities,E_AI_TAR,Robots autonomos,0.04,
RO,2023,I,Accommodation and food service activities,E_AI_TAR,Robots autonomos,0.03,
SE,2023,I,Accommodation and food service activities,E_AI_TAR,Robots autonomos,0.0,b
SI,2023,I,Accommodation and food service activities,E_AI_TAR,Robots autonomos,,@C
SK,2023,I,Accommodation and food service activities,E_AI_TAR,Robots autonomos,0.0,
AT,2023,I,Accommodation and food service activities,E_AI_TIR,Vision por computador,0.59,
BE,2023,I,Accommodation and food service activities,E_AI_TIR,Vision por computador,7.34,
BG,2023,I,Accommodation and food service activities,E_AI_TIR,Vision por computador,,u
CY,2023,I,Accommodation and food service activities,E_AI_TIR,Vision por computador,0.0,
CZ,2023,I,Accommodation and food service activities,E_AI_TIR,Vision por computador,0.23,
DE,2023,I,Accommodation and food service activities,E_AI_TIR,Vision por computador,1.57,
DK,2023,I,Accommodation and food service activities,E_AI_TIR,Vision por computador,0.64,
EE,2023,I,Accommodation and food service activities,E_AI_TIR,Vision por computador,0.0,
EL,2023,I,Accommodation and food service activities,E_AI_TIR,Vision por computador,0.52,
ES,2023,I,Accommodation and food service activities,E_AI_TIR,Vision por computador,1.66,
EU27_2020,2023,I,Accommodation and food service activities,E_AI_TIR,Vision por computador,1.16,
FI,2023,I,Accommodation and food service activities,E_AI_TIR,Vision por computador,0.0,
FR,2023,I,Accommodation and food service activities,E_AI_TIR,Vision por computador,0.23,b
HR,2023,I,Accommodation and food service activities,E_AI_TIR,Vision por computador,0.33,
HU,2023,I,Accommodation and food service activities,E_AI_TIR,Vision por computador,0.41,
IE,2023,I,Accommodation and food service activities,E_AI_TIR,Vision por computador,0.7,
IT,2023,I,Accommodation and food service activities,E_AI_TIR,Vision por computador,2.24,
LT,2023,I,Accommodation and food service activities,E_AI_TIR,Vision por computador,0.18,
LU,2023,I,Accommodation and food service activities,E_AI_TIR,Vision por computador,0.4,
LV,2023,I,Accommodation and food service activities,E_AI_TIR,Vision por computador,0.22,
MT,2023,I,Accommodation and food service activities,E_AI_TIR,Vision por computador,3.88,
NL,2023,I,Accommodation and food service activities,E_AI_TIR,Vision por computador,0.81,
PL,2023,I,Accommodation and food service activities,E_AI_TIR,Vision por computador,0.57,
PT,2023,I,Accommodation and food service activities,E_AI_TIR,Vision por computador,1.08,
RO,2023,I,Accommodation and food service activities,E_AI_TIR,Vision por computador,0.0,
SE,2023,I,Accommodation and food service activities,E_AI_TIR,Vision por computador,0.38,b
SI,2023,I,Accommodation and food service activities,E_AI_TIR,Vision por computador,3.74,
SK,2023,I,Accommodation and food service activities,E_AI_TIR,Vision por computador,0.39,
AT,2023,I,Accommodation and food service activities,E_AI_TML,Machine learning,0.84,
BE,2023,I,Accommodation and food service activities,E_AI_TML,Machine learning,0.17,
BG,2023,I,Accommodation and food service activities,E_AI_TML,Machine learning,,u
CY,2023,I,Accommodation and food service activities,E_AI_TML,Machine learning,0.45,
CZ,2023,I,Accommodation and food service activities,E_AI_TML,Machine learning,0.95,
DE,2023,I,Accommodation and food service activities,E_AI_TML,Machine learning,1.49,
DK,2023,I,Accommodation and food service activities,E_AI_TML,Machine learning,1.05,
EE,2023,I,Accommodation and food service activities,E_AI_TML,Machine learning,0.0,
EL,2023,I,Accommodation and food service activities,E_AI_TML,Machine learning,0.22,
ES,2023,I,Accommodation and food service activities,E_AI_TML,Machine learning,0.62,
EU27_2020,2023,I,Accommodation and food service activities,E_AI_TML,Machine learning,0.84,
FI,2023,I,Accommodation and food service activities,E_AI_TML,Machine learning,0.0,
FR,2023,I,Accommodation and food service activities,E_AI_TML,Machine learning,1.05,b
HR,2023,I,Accommodation and food service activities,E_AI_TML,Machine learning,,@C
HU,2023,I,Accommodation and food service activities,E_AI_TML,Machine learning,0.55,
IE,2023,I,Accommodation and food service activities,E_AI_TML,Machine learning,0.0,
IT,2023,I,Accommodation and food service activities,E_AI_TML,Machine learning,0.41,
LT,2023,I,Accommodation and food service activities,E_AI_TML,Machine learning,0.0,
LU,2023,I,Accommodation and food service activities,E_AI_TML,Machine learning,0.72,
LV,2023,I,Accommodation and food service activities,E_AI_TML,Machine learning,0.79,
MT,2023,I,Accommodation and food service activities,E_AI_TML,Machine learning,0.36,
NL,2023,I,Accommodation and food service activities,E_AI_TML,Machine learning,1.51,
PL,2023,I,Accommodation and food service activities,E_AI_TML,Machine learning,0.44,
PT,2023,I,Accommodation and food service activities,E_AI_TML,Machine learning,1.91,
RO,2023,I,Accommodation and food service activities,E_AI_TML,Machine learning,0.0,
SE,2023,I,Accommodation and food service activities,E_AI_TML,Machine learning,1.6,b
SI,2023,I,Accommodation and food service activities,E_AI_TML,Machine learning,0.0,
SK,2023,I,Accommodation and food service activities,E_AI_TML,Machine learning,0.0,
AT,2023,I,Accommodation and food service activities,E_AI_TNLG,Generacion de lenguaje,0.85,
BE,2023,I,Accommodation and food service activities,E_AI_TNLG,Generacion de lenguaje,0.2,
BG,2023,I,Accommodation and food service activities,E_AI_TNLG,Generacion de lenguaje,,u
CY,2023,I,Accommodation and food service activities,E_AI_TNLG,Generacion de lenguaje,0.77,
CZ,2023,I,Accommodation and food service activities,E_AI_TNLG,Generacion de lenguaje,0.39,
DE,2023,I,Accommodation and food service activities,E_AI_TNLG,Generacion de lenguaje,1.36,
DK,2023,I,Accommodation and food service activities,E_AI_TNLG,Generacion de lenguaje,1.65,
EE,2023,I,Accommodation and food service activities,E_AI_TNLG,Generacion de lenguaje,1.39,
EL,2023,I,Accommodation and food service activities,E_AI_TNLG,Generacion de lenguaje,0.15,
ES,2023,I,Accommodation and food service activities,E_AI_TNLG,Generacion de lenguaje,0.8,
EU27_2020,2023,I,Accommodation and food service activities,E_AI_TNLG,Generacion de lenguaje,1.17,
FI,2023,I,Accommodation and food service activities,E_AI_TNLG,Generacion de lenguaje,0.69,
FR,2023,I,Accommodation and food service activities,E_AI_TNLG,Generacion de lenguaje,0.72,b
HR,2023,I,Accommodation and food service activities,E_AI_TNLG,Generacion de lenguaje,1.07,
HU,2023,I,Accommodation and food service activities,E_AI_TNLG,Generacion de lenguaje,0.88,
IE,2023,I,Accommodation and food service activities,E_AI_TNLG,Generacion de lenguaje,1.18,
IT,2023,I,Accommodation and food service activities,E_AI_TNLG,Generacion de lenguaje,2.53,
LT,2023,I,Accommodation and food service activities,E_AI_TNLG,Generacion de lenguaje,0.37,
LU,2023,I,Accommodation and food service activities,E_AI_TNLG,Generacion de lenguaje,1.55,
LV,2023,I,Accommodation and food service activities,E_AI_TNLG,Generacion de lenguaje,0.0,
MT,2023,I,Accommodation and food service activities,E_AI_TNLG,Generacion de lenguaje,1.7,
NL,2023,I,Accommodation and food service activities,E_AI_TNLG,Generacion de lenguaje,2.55,
PL,2023,I,Accommodation and food service activities,E_AI_TNLG,Generacion de lenguaje,0.32,
PT,2023,I,Accommodation and food service activities,E_AI_TNLG,Generacion de lenguaje,1.98,
RO,2023,I,Accommodation and food service activities,E_AI_TNLG,Generacion de lenguaje,0.0,
SE,2023,I,Accommodation and food service activities,E_AI_TNLG,Generacion de lenguaje,1.47,b
SI,2023,I,Accommodation and food service activities,E_AI_TNLG,Generacion de lenguaje,4.24,
SK,2023,I,Accommodation and food service activities,E_AI_TNLG,Generacion de lenguaje,0.39,
AT,2023,I,Accommodation and food service activities,E_AI_TPA,Automatizacion de procesos,0.59,
BE,2023,I,Accommodation and food service activities,E_AI_TPA,Automatizacion de procesos,0.24,
BG,2023,I,Accommodation and food service activities,E_AI_TPA,Automatizacion de procesos,0.53,
CY,2023,I,Accommodation and food service activities,E_AI_TPA,Automatizacion de procesos,0.13,
CZ,2023,I,Accommodation and food service activities,E_AI_TPA,Automatizacion de procesos,0.33,
DE,2023,I,Accommodation and food service activities,E_AI_TPA,Automatizacion de procesos,1.73,
DK,2023,I,Accommodation and food service activities,E_AI_TPA,Automatizacion de procesos,3.98,
EE,2023,I,Accommodation and food service activities,E_AI_TPA,Automatizacion de procesos,0.26,
EL,2023,I,Accommodation and food service activities,E_AI_TPA,Automatizacion de procesos,0.62,
ES,2023,I,Accommodation and food service activities,E_AI_TPA,Automatizacion de procesos,1.76,
EU27_2020,2023,I,Accommodation and food service activities,E_AI_TPA,Automatizacion de procesos,1.07,
FI,2023,I,Accommodation and food service activities,E_AI_TPA,Automatizacion de procesos,1.16,
FR,2023,I,Accommodation and food service activities,E_AI_TPA,Automatizacion de procesos,0.62,b
HR,2023,I,Accommodation and food service activities,E_AI_TPA,Automatizacion de procesos,1.12,
HU,2023,I,Accommodation and food service activities,E_AI_TPA,Automatizacion de procesos,0.44,
IE,2023,I,Accommodation and food service activities,E_AI_TPA,Automatizacion de procesos,0.8,
IT,2023,I,Accommodation and food service activities,E_AI_TPA,Automatizacion de procesos,0.72,
LT,2023,I,Accommodation and food service activities,E_AI_TPA,Automatizacion de procesos,0.09,
LU,2023,I,Accommodation and food service activities,E_AI_TPA,Automatizacion de procesos,0.32,
LV,2023,I,Accommodation and food service activities,E_AI_TPA,Automatizacion de procesos,0.79,
MT,2023,I,Accommodation and food service activities,E_AI_TPA,Automatizacion de procesos,2.42,
NL,2023,I,Accommodation and food service activities,E_AI_TPA,Automatizacion de procesos,2.07,
PL,2023,I,Accommodation and food service activities,E_AI_TPA,Automatizacion de procesos,0.72,
PT,2023,I,Accommodation and food service activities,E_AI_TPA,Automatizacion de procesos,1.94,
RO,2023,I,Accommodation and food service activities,E_AI_TPA,Automatizacion de procesos,0.03,
SE,2023,I,Accommodation and food service activities,E_AI_TPA,Automatizacion de procesos,1.39,b
SI,2023,I,Accommodation and food service activities,E_AI_TPA,Automatizacion de procesos,,@C
SK,2023,I,Accommodation and food service activities,E_AI_TPA,Automatizacion de procesos,0.0,
AT,2023,I,Accommodation and food service activities,E_AI_TPVSG,Generacion de imagen/audio,,
BE,2023,I,Accommodation and food service activities,E_AI_TPVSG,Generacion de imagen/audio,,
BG,2023,I,Accommodation and food service activities,E_AI_TPVSG,Generacion de imagen/audio,,
CY,2023,I,Accommodation and food service activities,E_AI_TPVSG,Generacion de imagen/audio,,
CZ,2023,I,Accommodation and food service activities,E_AI_TPVSG,Generacion de imagen/audio,,
DE,2023,I,Accommodation and food service activities,E_AI_TPVSG,Generacion de imagen/audio,,
DK,2023,I,Accommodation and food service activities,E_AI_TPVSG,Generacion de imagen/audio,,
EE,2023,I,Accommodation and food service activities,E_AI_TPVSG,Generacion de imagen/audio,,
EL,2023,I,Accommodation and food service activities,E_AI_TPVSG,Generacion de imagen/audio,,
ES,2023,I,Accommodation and food service activities,E_AI_TPVSG,Generacion de imagen/audio,,
EU27_2020,2023,I,Accommodation and food service activities,E_AI_TPVSG,Generacion de imagen/audio,,
FI,2023,I,Accommodation and food service activities,E_AI_TPVSG,Generacion de imagen/audio,,
FR,2023,I,Accommodation and food service activities,E_AI_TPVSG,Generacion de imagen/audio,,
HR,2023,I,Accommodation and food service activities,E_AI_TPVSG,Generacion de imagen/audio,,
HU,2023,I,Accommodation and food service activities,E_AI_TPVSG,Generacion de imagen/audio,,
IE,2023,I,Accommodation and food service activities,E_AI_TPVSG,Generacion de imagen/audio,,
IT,2023,I,Accommodation and food service activities,E_AI_TPVSG,Generacion de imagen/audio,,
LT,2023,I,Accommodation and food service activities,E_AI_TPVSG,Generacion de imagen/audio,,
LU,2023,I,Accommodation and food service activities,E_AI_TPVSG,Generacion de imagen/audio,,
LV,2023,I,Accommodation and food service activities,E_AI_TPVSG,Generacion de imagen/audio,,
MT,2023,I,Accommodation and food service activities,E_AI_TPVSG,Generacion de imagen/audio,,
NL,2023,I,Accommodation and food service activities,E_AI_TPVSG,Generacion de imagen/audio,,
PL,2023,I,Accommodation and food service activities,E_AI_TPVSG,Generacion de imagen/audio,,
PT,2023,I,Accommodation and food service activities,E_AI_TPVSG,Generacion de imagen/audio,,
RO,2023,I,Accommodation and food service activities,E_AI_TPVSG,Generacion de imagen/audio,,
SE,2023,I,Accommodation and food service activities,E_AI_TPVSG,Generacion de imagen/audio,,
SI,2023,I,Accommodation and food service activities,E_AI_TPVSG,Generacion de imagen/audio,,
SK,2023,I,Accommodation and food service activities,E_AI_TPVSG,Generacion de imagen/audio,,
AT,2023,I,Accommodation and food service activities,E_AI_TSR,Reconocimiento de voz,0.96,
BE,2023,I,Accommodation and food service activities,E_AI_TSR,Reconocimiento de voz,0.19,
BG,2023,I,Accommodation and food service activities,E_AI_TSR,Reconocimiento de voz,0.0,
CY,2023,I,Accommodation and food service activities,E_AI_TSR,Reconocimiento de voz,0.32,
CZ,2023,I,Accommodation and food service activities,E_AI_TSR,Reconocimiento de voz,0.35,
DE,2023,I,Accommodation and food service activities,E_AI_TSR,Reconocimiento de voz,2.39,
DK,2023,I,Accommodation and food service activities,E_AI_TSR,Reconocimiento de voz,1.3,
EE,2023,I,Accommodation and food service activities,E_AI_TSR,Reconocimiento de voz,0.0,
EL,2023,I,Accommodation and food service activities,E_AI_TSR,Reconocimiento de voz,0.33,
ES,2023,I,Accommodation and food service activities,E_AI_TSR,Reconocimiento de voz,0.61,
EU27_2020,2023,I,Accommodation and food service activities,E_AI_TSR,Reconocimiento de voz,1.23,
FI,2023,I,Accommodation and food service activities,E_AI_TSR,Reconocimiento de voz,0.0,
FR,2023,I,Accommodation and food service activities,E_AI_TSR,Reconocimiento de voz,0.53,b
HR,2023,I,Accommodation and food service activities,E_AI_TSR,Reconocimiento de voz,2.12,
HU,2023,I,Accommodation and food service activities,E_AI_TSR,Reconocimiento de voz,0.81,
IE,2023,I,Accommodation and food service activities,E_AI_TSR,Reconocimiento de voz,0.38,
IT,2023,I,Accommodation and food service activities,E_AI_TSR,Reconocimiento de voz,2.84,
LT,2023,I,Accommodation and food service activities,E_AI_TSR,Reconocimiento de voz,0.46,
LU,2023,I,Accommodation and food service activities,E_AI_TSR,Reconocimiento de voz,0.67,
LV,2023,I,Accommodation and food service activities,E_AI_TSR,Reconocimiento de voz,0.0,
MT,2023,I,Accommodation and food service activities,E_AI_TSR,Reconocimiento de voz,1.44,
NL,2023,I,Accommodation and food service activities,E_AI_TSR,Reconocimiento de voz,1.25,
PL,2023,I,Accommodation and food service activities,E_AI_TSR,Reconocimiento de voz,0.13,
PT,2023,I,Accommodation and food service activities,E_AI_TSR,Reconocimiento de voz,0.48,
RO,2023,I,Accommodation and food service activities,E_AI_TSR,Reconocimiento de voz,0.0,
SE,2023,I,Accommodation and food service activities,E_AI_TSR,Reconocimiento de voz,0.06,b
SI,2023,I,Accommodation and food service activities,E_AI_TSR,Reconocimiento de voz,,@C
SK,2023,I,Accommodation and food service activities,E_AI_TSR,Reconocimiento de voz,0.77,
AT,2023,I,Accommodation and food service activities,E_AI_TTM,Mineria de texto,3.02,
BE,2023,I,Accommodation and food service activities,E_AI_TTM,Mineria de texto,0.4,
BG,2023,I,Accommodation and food service activities,E_AI_TTM,Mineria de texto,,u
CY,2023,I,Accommodation and food service activities,E_AI_TTM,Mineria de texto,0.13,
CZ,2023,I,Accommodation and food service activities,E_AI_TTM,Mineria de texto,2.29,
DE,2023,I,Accommodation and food service activities,E_AI_TTM,Mineria de texto,1.55,
DK,2023,I,Accommodation and food service activities,E_AI_TTM,Mineria de texto,1.27,
EE,2023,I,Accommodation and food service activities,E_AI_TTM,Mineria de texto,0.0,
EL,2023,I,Accommodation and food service activities,E_AI_TTM,Mineria de texto,0.09,
ES,2023,I,Accommodation and food service activities,E_AI_TTM,Mineria de texto,2.45,
EU27_2020,2023,I,Accommodation and food service activities,E_AI_TTM,Mineria de texto,1.34,
FI,2023,I,Accommodation and food service activities,E_AI_TTM,Mineria de texto,1.34,
FR,2023,I,Accommodation and food service activities,E_AI_TTM,Mineria de texto,0.65,b
HR,2023,I,Accommodation and food service activities,E_AI_TTM,Mineria de texto,2.25,
HU,2023,I,Accommodation and food service activities,E_AI_TTM,Mineria de texto,1.34,
IE,2023,I,Accommodation and food service activities,E_AI_TTM,Mineria de texto,0.8,
IT,2023,I,Accommodation and food service activities,E_AI_TTM,Mineria de texto,2.28,
LT,2023,I,Accommodation and food service activities,E_AI_TTM,Mineria de texto,0.55,
LU,2023,I,Accommodation and food service activities,E_AI_TTM,Mineria de texto,3.39,
LV,2023,I,Accommodation and food service activities,E_AI_TTM,Mineria de texto,0.0,
MT,2023,I,Accommodation and food service activities,E_AI_TTM,Mineria de texto,2.79,
NL,2023,I,Accommodation and food service activities,E_AI_TTM,Mineria de texto,1.69,
PL,2023,I,Accommodation and food service activities,E_AI_TTM,Mineria de texto,0.12,
PT,2023,I,Accommodation and food service activities,E_AI_TTM,Mineria de texto,1.39,
RO,2023,I,Accommodation and food service activities,E_AI_TTM,Mineria de texto,0.0,
SE,2023,I,Accommodation and food service activities,E_AI_TTM,Mineria de texto,0.48,b
SI,2023,I,Accommodation and food service activities,E_AI_TTM,Mineria de texto,0.0,
SK,2023,I,Accommodation and food service activities,E_AI_TTM,Mineria de texto,1.93,
AT,2023,J,Information and communication,E_AI_TANY,Cualquier IA,37.05,
BE,2023,J,Information and communication,E_AI_TANY,Cualquier IA,,u
BG,2023,J,Information and communication,E_AI_TANY,Cualquier IA,21.4,
CY,2023,J,Information and communication,E_AI_TANY,Cualquier IA,25.95,
CZ,2023,J,Information and communication,E_AI_TANY,Cualquier IA,24.76,
DE,2023,J,Information and communication,E_AI_TANY,Cualquier IA,33.05,
DK,2023,J,Information and communication,E_AI_TANY,Cualquier IA,44.31,
EE,2023,J,Information and communication,E_AI_TANY,Cualquier IA,20.49,
EL,2023,J,Information and communication,E_AI_TANY,Cualquier IA,17.5,
ES,2023,J,Information and communication,E_AI_TANY,Cualquier IA,32.43,
EU27_2020,2023,J,Information and communication,E_AI_TANY,Cualquier IA,29.53,
FI,2023,J,Information and communication,E_AI_TANY,Cualquier IA,48.19,
FR,2023,J,Information and communication,E_AI_TANY,Cualquier IA,29.56,b
HR,2023,J,Information and communication,E_AI_TANY,Cualquier IA,40.01,
HU,2023,J,Information and communication,E_AI_TANY,Cualquier IA,14.54,
IE,2023,J,Information and communication,E_AI_TANY,Cualquier IA,28.52,
IT,2023,J,Information and communication,E_AI_TANY,Cualquier IA,21.04,
LT,2023,J,Information and communication,E_AI_TANY,Cualquier IA,26.68,
LU,2023,J,Information and communication,E_AI_TANY,Cualquier IA,31.66,
LV,2023,J,Information and communication,E_AI_TANY,Cualquier IA,20.93,
MT,2023,J,Information and communication,E_AI_TANY,Cualquier IA,35.29,
NL,2023,J,Information and communication,E_AI_TANY,Cualquier IA,36.97,
PL,2023,J,Information and communication,E_AI_TANY,Cualquier IA,17.56,
PT,2023,J,Information and communication,E_AI_TANY,Cualquier IA,29.79,
RO,2023,J,Information and communication,E_AI_TANY,Cualquier IA,8.12,
SE,2023,J,Information and communication,E_AI_TANY,Cualquier IA,36.85,b
SI,2023,J,Information and communication,E_AI_TANY,Cualquier IA,32.48,
SK,2023,J,Information and communication,E_AI_TANY,Cualquier IA,21.62,
AT,2023,J,Information and communication,E_AI_TAR,Robots autonomos,3.14,
BE,2023,J,Information and communication,E_AI_TAR,Robots autonomos,10.34,
BG,2023,J,Information and communication,E_AI_TAR,Robots autonomos,4.66,
CY,2023,J,Information and communication,E_AI_TAR,Robots autonomos,2.35,
CZ,2023,J,Information and communication,E_AI_TAR,Robots autonomos,2.94,
DE,2023,J,Information and communication,E_AI_TAR,Robots autonomos,2.73,
DK,2023,J,Information and communication,E_AI_TAR,Robots autonomos,5.42,
EE,2023,J,Information and communication,E_AI_TAR,Robots autonomos,1.22,
EL,2023,J,Information and communication,E_AI_TAR,Robots autonomos,0.91,
ES,2023,J,Information and communication,E_AI_TAR,Robots autonomos,4.5,
EU27_2020,2023,J,Information and communication,E_AI_TAR,Robots autonomos,2.86,
FI,2023,J,Information and communication,E_AI_TAR,Robots autonomos,6.93,
FR,2023,J,Information and communication,E_AI_TAR,Robots autonomos,2.65,b
HR,2023,J,Information and communication,E_AI_TAR,Robots autonomos,1.29,
HU,2023,J,Information and communication,E_AI_TAR,Robots autonomos,1.76,
IE,2023,J,Information and communication,E_AI_TAR,Robots autonomos,1.09,
IT,2023,J,Information and communication,E_AI_TAR,Robots autonomos,0.93,
LT,2023,J,Information and communication,E_AI_TAR,Robots autonomos,3.0,
LU,2023,J,Information and communication,E_AI_TAR,Robots autonomos,1.76,
LV,2023,J,Information and communication,E_AI_TAR,Robots autonomos,1.08,
MT,2023,J,Information and communication,E_AI_TAR,Robots autonomos,0.65,
NL,2023,J,Information and communication,E_AI_TAR,Robots autonomos,4.24,
PL,2023,J,Information and communication,E_AI_TAR,Robots autonomos,0.79,
PT,2023,J,Information and communication,E_AI_TAR,Robots autonomos,3.43,
RO,2023,J,Information and communication,E_AI_TAR,Robots autonomos,0.54,
SE,2023,J,Information and communication,E_AI_TAR,Robots autonomos,3.26,b
SI,2023,J,Information and communication,E_AI_TAR,Robots autonomos,1.05,
SK,2023,J,Information and communication,E_AI_TAR,Robots autonomos,1.09,
AT,2023,J,Information and communication,E_AI_TIR,Vision por computador,13.03,
BE,2023,J,Information and communication,E_AI_TIR,Vision por computador,20.96,
BG,2023,J,Information and communication,E_AI_TIR,Vision por computador,6.88,
CY,2023,J,Information and communication,E_AI_TIR,Vision por computador,8.99,
CZ,2023,J,Information and communication,E_AI_TIR,Vision por computador,10.42,
DE,2023,J,Information and communication,E_AI_TIR,Vision por computador,10.61,
DK,2023,J,Information and communication,E_AI_TIR,Vision por computador,12.59,
EE,2023,J,Information and communication,E_AI_TIR,Vision por computador,7.52,
EL,2023,J,Information and communication,E_AI_TIR,Vision por computador,4.37,
ES,2023,J,Information and communication,E_AI_TIR,Vision por computador,12.15,
EU27_2020,2023,J,Information and communication,E_AI_TIR,Vision por computador,9.87,
FI,2023,J,Information and communication,E_AI_TIR,Vision por computador,17.22,
FR,2023,J,Information and communication,E_AI_TIR,Vision por computador,9.32,b
HR,2023,J,Information and communication,E_AI_TIR,Vision por computador,10.88,
HU,2023,J,Information and communication,E_AI_TIR,Vision por computador,4.9,
IE,2023,J,Information and communication,E_AI_TIR,Vision por computador,4.11,
IT,2023,J,Information and communication,E_AI_TIR,Vision por computador,6.76,
LT,2023,J,Information and communication,E_AI_TIR,Vision por computador,8.66,
LU,2023,J,Information and communication,E_AI_TIR,Vision por computador,5.5,
LV,2023,J,Information and communication,E_AI_TIR,Vision por computador,6.52,
MT,2023,J,Information and communication,E_AI_TIR,Vision por computador,11.59,
NL,2023,J,Information and communication,E_AI_TIR,Vision por computador,13.34,
PL,2023,J,Information and communication,E_AI_TIR,Vision por computador,4.36,
PT,2023,J,Information and communication,E_AI_TIR,Vision por computador,12.74,
RO,2023,J,Information and communication,E_AI_TIR,Vision por computador,2.28,
SE,2023,J,Information and communication,E_AI_TIR,Vision por computador,12.74,b
SI,2023,J,Information and communication,E_AI_TIR,Vision por computador,18.12,
SK,2023,J,Information and communication,E_AI_TIR,Vision por computador,6.42,
AT,2023,J,Information and communication,E_AI_TML,Machine learning,24.53,
BE,2023,J,Information and communication,E_AI_TML,Machine learning,24.27,
BG,2023,J,Information and communication,E_AI_TML,Machine learning,10.39,
CY,2023,J,Information and communication,E_AI_TML,Machine learning,18.7,
CZ,2023,J,Information and communication,E_AI_TML,Machine learning,18.1,
DE,2023,J,Information and communication,E_AI_TML,Machine learning,13.74,
DK,2023,J,Information and communication,E_AI_TML,Machine learning,28.94,
EE,2023,J,Information and communication,E_AI_TML,Machine learning,10.53,
EL,2023,J,Information and communication,E_AI_TML,Machine learning,9.72,
ES,2023,J,Information and communication,E_AI_TML,Machine learning,17.49,
EU27_2020,2023,J,Information and communication,E_AI_TML,Machine learning,16.28,
FI,2023,J,Information and communication,E_AI_TML,Machine learning,29.66,
FR,2023,J,Information and communication,E_AI_TML,Machine learning,21.74,b
HR,2023,J,Information and communication,E_AI_TML,Machine learning,22.73,
HU,2023,J,Information and communication,E_AI_TML,Machine learning,7.16,
IE,2023,J,Information and communication,E_AI_TML,Machine learning,16.62,
IT,2023,J,Information and communication,E_AI_TML,Machine learning,11.82,
LT,2023,J,Information and communication,E_AI_TML,Machine learning,17.31,
LU,2023,J,Information and communication,E_AI_TML,Machine learning,15.51,
LV,2023,J,Information and communication,E_AI_TML,Machine learning,8.17,
MT,2023,J,Information and communication,E_AI_TML,Machine learning,22.03,
NL,2023,J,Information and communication,E_AI_TML,Machine learning,19.82,
PL,2023,J,Information and communication,E_AI_TML,Machine learning,8.2,
PT,2023,J,Information and communication,E_AI_TML,Machine learning,19.14,
RO,2023,J,Information and communication,E_AI_TML,Machine learning,5.63,
SE,2023,J,Information and communication,E_AI_TML,Machine learning,23.29,b
SI,2023,J,Information and communication,E_AI_TML,Machine learning,21.29,
SK,2023,J,Information and communication,E_AI_TML,Machine learning,11.0,
AT,2023,J,Information and communication,E_AI_TNLG,Generacion de lenguaje,15.01,
BE,2023,J,Information and communication,E_AI_TNLG,Generacion de lenguaje,18.82,
BG,2023,J,Information and communication,E_AI_TNLG,Generacion de lenguaje,8.3,
CY,2023,J,Information and communication,E_AI_TNLG,Generacion de lenguaje,11.83,
CZ,2023,J,Information and communication,E_AI_TNLG,Generacion de lenguaje,6.65,
DE,2023,J,Information and communication,E_AI_TNLG,Generacion de lenguaje,12.61,
DK,2023,J,Information and communication,E_AI_TNLG,Generacion de lenguaje,22.0,
EE,2023,J,Information and communication,E_AI_TNLG,Generacion de lenguaje,11.2,
EL,2023,J,Information and communication,E_AI_TNLG,Generacion de lenguaje,5.92,
ES,2023,J,Information and communication,E_AI_TNLG,Generacion de lenguaje,13.16,
EU27_2020,2023,J,Information and communication,E_AI_TNLG,Generacion de lenguaje,11.14,
FI,2023,J,Information and communication,E_AI_TNLG,Generacion de lenguaje,16.65,
FR,2023,J,Information and communication,E_AI_TNLG,Generacion de lenguaje,8.12,b
HR,2023,J,Information and communication,E_AI_TNLG,Generacion de lenguaje,16.79,
HU,2023,J,Information and communication,E_AI_TNLG,Generacion de lenguaje,5.31,
IE,2023,J,Information and communication,E_AI_TNLG,Generacion de lenguaje,9.17,
IT,2023,J,Information and communication,E_AI_TNLG,Generacion de lenguaje,8.56,
LT,2023,J,Information and communication,E_AI_TNLG,Generacion de lenguaje,9.89,
LU,2023,J,Information and communication,E_AI_TNLG,Generacion de lenguaje,12.27,
LV,2023,J,Information and communication,E_AI_TNLG,Generacion de lenguaje,4.77,
MT,2023,J,Information and communication,E_AI_TNLG,Generacion de lenguaje,11.73,
NL,2023,J,Information and communication,E_AI_TNLG,Generacion de lenguaje,14.87,
PL,2023,J,Information and communication,E_AI_TNLG,Generacion de lenguaje,5.31,
PT,2023,J,Information and communication,E_AI_TNLG,Generacion de lenguaje,11.77,
RO,2023,J,Information and communication,E_AI_TNLG,Generacion de lenguaje,3.04,
SE,2023,J,Information and communication,E_AI_TNLG,Generacion de lenguaje,17.2,b
SI,2023,J,Information and communication,E_AI_TNLG,Generacion de lenguaje,9.1,
SK,2023,J,Information and communication,E_AI_TNLG,Generacion de lenguaje,5.86,
AT,2023,J,Information and communication,E_AI_TPA,Automatizacion de procesos,13.49,
BE,2023,J,Information and communication,E_AI_TPA,Automatizacion de procesos,23.34,
BG,2023,J,Information and communication,E_AI_TPA,Automatizacion de procesos,12.0,
CY,2023,J,Information and communication,E_AI_TPA,Automatizacion de procesos,11.11,
CZ,2023,J,Information and communication,E_AI_TPA,Automatizacion de procesos,7.53,
DE,2023,J,Information and communication,E_AI_TPA,Automatizacion de procesos,12.05,
DK,2023,J,Information and communication,E_AI_TPA,Automatizacion de procesos,22.52,
EE,2023,J,Information and communication,E_AI_TPA,Automatizacion de procesos,4.69,
EL,2023,J,Information and communication,E_AI_TPA,Automatizacion de procesos,7.02,
ES,2023,J,Information and communication,E_AI_TPA,Automatizacion de procesos,13.29,
EU27_2020,2023,J,Information and communication,E_AI_TPA,Automatizacion de procesos,12.29,
FI,2023,J,Information and communication,E_AI_TPA,Automatizacion de procesos,23.55,
FR,2023,J,Information and communication,E_AI_TPA,Automatizacion de procesos,12.49,b
HR,2023,J,Information and communication,E_AI_TPA,Automatizacion de procesos,10.67,
HU,2023,J,Information and communication,E_AI_TPA,Automatizacion de procesos,5.13,
IE,2023,J,Information and communication,E_AI_TPA,Automatizacion de procesos,18.91,
IT,2023,J,Information and communication,E_AI_TPA,Automatizacion de procesos,5.93,
LT,2023,J,Information and communication,E_AI_TPA,Automatizacion de procesos,17.49,
LU,2023,J,Information and communication,E_AI_TPA,Automatizacion de procesos,10.69,
LV,2023,J,Information and communication,E_AI_TPA,Automatizacion de procesos,5.04,
MT,2023,J,Information and communication,E_AI_TPA,Automatizacion de procesos,20.37,
NL,2023,J,Information and communication,E_AI_TPA,Automatizacion de procesos,15.97,
PL,2023,J,Information and communication,E_AI_TPA,Automatizacion de procesos,9.14,
PT,2023,J,Information and communication,E_AI_TPA,Automatizacion de procesos,16.89,
RO,2023,J,Information and communication,E_AI_TPA,Automatizacion de procesos,4.59,
SE,2023,J,Information and communication,E_AI_TPA,Automatizacion de procesos,20.87,b
SI,2023,J,Information and communication,E_AI_TPA,Automatizacion de procesos,7.38,
SK,2023,J,Information and communication,E_AI_TPA,Automatizacion de procesos,8.71,
AT,2023,J,Information and communication,E_AI_TPVSG,Generacion de imagen/audio,,
BE,2023,J,Information and communication,E_AI_TPVSG,Generacion de imagen/audio,,
BG,2023,J,Information and communication,E_AI_TPVSG,Generacion de imagen/audio,,
CY,2023,J,Information and communication,E_AI_TPVSG,Generacion de imagen/audio,,
CZ,2023,J,Information and communication,E_AI_TPVSG,Generacion de imagen/audio,,
DE,2023,J,Information and communication,E_AI_TPVSG,Generacion de imagen/audio,,
DK,2023,J,Information and communication,E_AI_TPVSG,Generacion de imagen/audio,,
EE,2023,J,Information and communication,E_AI_TPVSG,Generacion de imagen/audio,,
EL,2023,J,Information and communication,E_AI_TPVSG,Generacion de imagen/audio,,
ES,2023,J,Information and communication,E_AI_TPVSG,Generacion de imagen/audio,,
EU27_2020,2023,J,Information and communication,E_AI_TPVSG,Generacion de imagen/audio,,
FI,2023,J,Information and communication,E_AI_TPVSG,Generacion de imagen/audio,,
FR,2023,J,Information and communication,E_AI_TPVSG,Generacion de imagen/audio,,
HR,2023,J,Information and communication,E_AI_TPVSG,Generacion de imagen/audio,,
HU,2023,J,Information and communication,E_AI_TPVSG,Generacion de imagen/audio,,
IE,2023,J,Information and communication,E_AI_TPVSG,Generacion de imagen/audio,,
IT,2023,J,Information and communication,E_AI_TPVSG,Generacion de imagen/audio,,
LT,2023,J,Information and communication,E_AI_TPVSG,Generacion de imagen/audio,,
LU,2023,J,Information and communication,E_AI_TPVSG,Generacion de imagen/audio,,
LV,2023,J,Information and communication,E_AI_TPVSG,Generacion de imagen/audio,,
MT,2023,J,Information and communication,E_AI_TPVSG,Generacion de imagen/audio,,
NL,2023,J,Information and communication,E_AI_TPVSG,Generacion de imagen/audio,,
PL,2023,J,Information and communication,E_AI_TPVSG,Generacion de imagen/audio,,
PT,2023,J,Information and communication,E_AI_TPVSG,Generacion de imagen/audio,,
RO,2023,J,Information and communication,E_AI_TPVSG,Generacion de imagen/audio,,
SE,2023,J,Information and communication,E_AI_TPVSG,Generacion de imagen/audio,,
SI,2023,J,Information and communication,E_AI_TPVSG,Generacion de imagen/audio,,
SK,2023,J,Information and communication,E_AI_TPVSG,Generacion de imagen/audio,,
AT,2023,J,Information and communication,E_AI_TSR,Reconocimiento de voz,13.04,
BE,2023,J,Information and communication,E_AI_TSR,Reconocimiento de voz,19.71,
BG,2023,J,Information and communication,E_AI_TSR,Reconocimiento de voz,7.52,
CY,2023,J,Information and communication,E_AI_TSR,Reconocimiento de voz,6.94,
CZ,2023,J,Information and communication,E_AI_TSR,Reconocimiento de voz,7.85,
DE,2023,J,Information and communication,E_AI_TSR,Reconocimiento de voz,13.51,
DK,2023,J,Information and communication,E_AI_TSR,Reconocimiento de voz,16.41,
EE,2023,J,Information and communication,E_AI_TSR,Reconocimiento de voz,7.03,
EL,2023,J,Information and communication,E_AI_TSR,Reconocimiento de voz,7.48,
ES,2023,J,Information and communication,E_AI_TSR,Reconocimiento de voz,13.37,
EU27_2020,2023,J,Information and communication,E_AI_TSR,Reconocimiento de voz,10.65,
FI,2023,J,Information and communication,E_AI_TSR,Reconocimiento de voz,14.81,
FR,2023,J,Information and communication,E_AI_TSR,Reconocimiento de voz,7.7,b
HR,2023,J,Information and communication,E_AI_TSR,Reconocimiento de voz,12.27,
HU,2023,J,Information and communication,E_AI_TSR,Reconocimiento de voz,5.25,
IE,2023,J,Information and communication,E_AI_TSR,Reconocimiento de voz,6.44,
IT,2023,J,Information and communication,E_AI_TSR,Reconocimiento de voz,8.03,
LT,2023,J,Information and communication,E_AI_TSR,Reconocimiento de voz,5.48,
LU,2023,J,Information and communication,E_AI_TSR,Reconocimiento de voz,8.29,
LV,2023,J,Information and communication,E_AI_TSR,Reconocimiento de voz,4.91,
MT,2023,J,Information and communication,E_AI_TSR,Reconocimiento de voz,7.99,
NL,2023,J,Information and communication,E_AI_TSR,Reconocimiento de voz,11.58,
PL,2023,J,Information and communication,E_AI_TSR,Reconocimiento de voz,5.12,
PT,2023,J,Information and communication,E_AI_TSR,Reconocimiento de voz,12.83,
RO,2023,J,Information and communication,E_AI_TSR,Reconocimiento de voz,3.11,
SE,2023,J,Information and communication,E_AI_TSR,Reconocimiento de voz,13.45,b
SI,2023,J,Information and communication,E_AI_TSR,Reconocimiento de voz,7.3,
SK,2023,J,Information and communication,E_AI_TSR,Reconocimiento de voz,11.07,
AT,2023,J,Information and communication,E_AI_TTM,Mineria de texto,17.27,
BE,2023,J,Information and communication,E_AI_TTM,Mineria de texto,21.4,
BG,2023,J,Information and communication,E_AI_TTM,Mineria de texto,9.39,
CY,2023,J,Information and communication,E_AI_TTM,Mineria de texto,11.52,
CZ,2023,J,Information and communication,E_AI_TTM,Mineria de texto,15.06,
DE,2023,J,Information and communication,E_AI_TTM,Mineria de texto,14.76,
DK,2023,J,Information and communication,E_AI_TTM,Mineria de texto,22.38,
EE,2023,J,Information and communication,E_AI_TTM,Mineria de texto,13.57,
EL,2023,J,Information and communication,E_AI_TTM,Mineria de texto,7.91,
ES,2023,J,Information and communication,E_AI_TTM,Mineria de texto,16.3,
EU27_2020,2023,J,Information and communication,E_AI_TTM,Mineria de texto,14.25,
FI,2023,J,Information and communication,E_AI_TTM,Mineria de texto,31.37,
FR,2023,J,Information and communication,E_AI_TTM,Mineria de texto,,@C
HR,2023,J,Information and communication,E_AI_TTM,Mineria de texto,21.81,
HU,2023,J,Information and communication,E_AI_TTM,Mineria de texto,7.81,
IE,2023,J,Information and communication,E_AI_TTM,Mineria de texto,12.86,
IT,2023,J,Information and communication,E_AI_TTM,Mineria de texto,9.57,
LT,2023,J,Information and communication,E_AI_TTM,Mineria de texto,14.84,
LU,2023,J,Information and communication,E_AI_TTM,Mineria de texto,19.15,
LV,2023,J,Information and communication,E_AI_TTM,Mineria de texto,10.72,
MT,2023,J,Information and communication,E_AI_TTM,Mineria de texto,13.39,
NL,2023,J,Information and communication,E_AI_TTM,Mineria de texto,19.11,
PL,2023,J,Information and communication,E_AI_TTM,Mineria de texto,4.3,
PT,2023,J,Information and communication,E_AI_TTM,Mineria de texto,15.35,
RO,2023,J,Information and communication,E_AI_TTM,Mineria de texto,4.97,
SE,2023,J,Information and communication,E_AI_TTM,Mineria de texto,20.47,b
SI,2023,J,Information and communication,E_AI_TTM,Mineria de texto,4.08,
SK,2023,J,Information and communication,E_AI_TTM,Mineria de texto,13.5,
AT,2023,L,Real estate activities,E_AI_TANY,Cualquier IA,10.02,
BE,2023,L,Real estate activities,E_AI_TANY,Cualquier IA,4.52,
BG,2023,L,Real estate activities,E_AI_TANY,Cualquier IA,0.0,
CY,2023,L,Real estate activities,E_AI_TANY,Cualquier IA,3.91,
CZ,2023,L,Real estate activities,E_AI_TANY,Cualquier IA,4.92,
DE,2023,L,Real estate activities,E_AI_TANY,Cualquier IA,11.4,
DK,2023,L,Real estate activities,E_AI_TANY,Cualquier IA,13.77,
EE,2023,L,Real estate activities,E_AI_TANY,Cualquier IA,1.66,
EL,2023,L,Real estate activities,E_AI_TANY,Cualquier IA,8.08,
ES,2023,L,Real estate activities,E_AI_TANY,Cualquier IA,9.35,
EU27_2020,2023,L,Real estate activities,E_AI_TANY,Cualquier IA,8.5,
FI,2023,L,Real estate activities,E_AI_TANY,Cualquier IA,18.8,
FR,2023,L,Real estate activities,E_AI_TANY,Cualquier IA,7.02,b
HR,2023,L,Real estate activities,E_AI_TANY,Cualquier IA,6.93,
HU,2023,L,Real estate activities,E_AI_TANY,Cualquier IA,3.38,
IE,2023,L,Real estate activities,E_AI_TANY,Cualquier IA,16.74,
IT,2023,L,Real estate activities,E_AI_TANY,Cualquier IA,2.73,
LT,2023,L,Real estate activities,E_AI_TANY,Cualquier IA,2.65,
LU,2023,L,Real estate activities,E_AI_TANY,Cualquier IA,,@C
LV,2023,L,Real estate activities,E_AI_TANY,Cualquier IA,5.85,
MT,2023,L,Real estate activities,E_AI_TANY,Cualquier IA,11.76,
NL,2023,L,Real estate activities,E_AI_TANY,Cualquier IA,21.01,
PL,2023,L,Real estate activities,E_AI_TANY,Cualquier IA,2.39,
PT,2023,L,Real estate activities,E_AI_TANY,Cualquier IA,7.52,
RO,2023,L,Real estate activities,E_AI_TANY,Cualquier IA,0.0,
SE,2023,L,Real estate activities,E_AI_TANY,Cualquier IA,17.75,b
SI,2023,L,Real estate activities,E_AI_TANY,Cualquier IA,10.39,
SK,2023,L,Real estate activities,E_AI_TANY,Cualquier IA,6.47,
AT,2023,L,Real estate activities,E_AI_TAR,Robots autonomos,,u
BE,2023,L,Real estate activities,E_AI_TAR,Robots autonomos,0.0,
BG,2023,L,Real estate activities,E_AI_TAR,Robots autonomos,0.0,
CY,2023,L,Real estate activities,E_AI_TAR,Robots autonomos,0.0,
CZ,2023,L,Real estate activities,E_AI_TAR,Robots autonomos,0.09,
DE,2023,L,Real estate activities,E_AI_TAR,Robots autonomos,1.13,
DK,2023,L,Real estate activities,E_AI_TAR,Robots autonomos,0.0,
EE,2023,L,Real estate activities,E_AI_TAR,Robots autonomos,0.0,
EL,2023,L,Real estate activities,E_AI_TAR,Robots autonomos,0.0,
ES,2023,L,Real estate activities,E_AI_TAR,Robots autonomos,1.33,
EU27_2020,2023,L,Real estate activities,E_AI_TAR,Robots autonomos,0.57,
FI,2023,L,Real estate activities,E_AI_TAR,Robots autonomos,,u
FR,2023,L,Real estate activities,E_AI_TAR,Robots autonomos,0.0,b
HR,2023,L,Real estate activities,E_AI_TAR,Robots autonomos,0.0,
HU,2023,L,Real estate activities,E_AI_TAR,Robots autonomos,0.91,
IE,2023,L,Real estate activities,E_AI_TAR,Robots autonomos,0.0,
IT,2023,L,Real estate activities,E_AI_TAR,Robots autonomos,,@C
LT,2023,L,Real estate activities,E_AI_TAR,Robots autonomos,1.33,
LU,2023,L,Real estate activities,E_AI_TAR,Robots autonomos,,@C
LV,2023,L,Real estate activities,E_AI_TAR,Robots autonomos,0.0,
MT,2023,L,Real estate activities,E_AI_TAR,Robots autonomos,0.0,
NL,2023,L,Real estate activities,E_AI_TAR,Robots autonomos,0.0,
PL,2023,L,Real estate activities,E_AI_TAR,Robots autonomos,0.04,
PT,2023,L,Real estate activities,E_AI_TAR,Robots autonomos,0.4,
RO,2023,L,Real estate activities,E_AI_TAR,Robots autonomos,0.0,
SE,2023,L,Real estate activities,E_AI_TAR,Robots autonomos,1.08,b
SI,2023,L,Real estate activities,E_AI_TAR,Robots autonomos,0.0,
SK,2023,L,Real estate activities,E_AI_TAR,Robots autonomos,1.29,
AT,2023,L,Real estate activities,E_AI_TIR,Vision por computador,2.51,
BE,2023,L,Real estate activities,E_AI_TIR,Vision por computador,0.78,
BG,2023,L,Real estate activities,E_AI_TIR,Vision por computador,0.0,
CY,2023,L,Real estate activities,E_AI_TIR,Vision por computador,3.91,
CZ,2023,L,Real estate activities,E_AI_TIR,Vision por computador,1.81,
DE,2023,L,Real estate activities,E_AI_TIR,Vision por computador,2.09,
DK,2023,L,Real estate activities,E_AI_TIR,Vision por computador,2.65,
EE,2023,L,Real estate activities,E_AI_TIR,Vision por computador,1.66,
EL,2023,L,Real estate activities,E_AI_TIR,Vision por computador,7.06,
ES,2023,L,Real estate activities,E_AI_TIR,Vision por computador,0.93,
EU27_2020,2023,L,Real estate activities,E_AI_TIR,Vision por computador,1.77,
FI,2023,L,Real estate activities,E_AI_TIR,Vision por computador,2.44,
FR,2023,L,Real estate activities,E_AI_TIR,Vision por computador,,@C
HR,2023,L,Real estate activities,E_AI_TIR,Vision por computador,6.93,
HU,2023,L,Real estate activities,E_AI_TIR,Vision por computador,0.38,
IE,2023,L,Real estate activities,E_AI_TIR,Vision por computador,1.41,
IT,2023,L,Real estate activities,E_AI_TIR,Vision por computador,,@C
LT,2023,L,Real estate activities,E_AI_TIR,Vision por computador,2.65,
LU,2023,L,Real estate activities,E_AI_TIR,Vision por computador,,@C
LV,2023,L,Real estate activities,E_AI_TIR,Vision por computador,1.8,
MT,2023,L,Real estate activities,E_AI_TIR,Vision por computador,5.88,
NL,2023,L,Real estate activities,E_AI_TIR,Vision por computador,3.23,
PL,2023,L,Real estate activities,E_AI_TIR,Vision por computador,0.3,
PT,2023,L,Real estate activities,E_AI_TIR,Vision por computador,5.1,
RO,2023,L,Real estate activities,E_AI_TIR,Vision por computador,0.0,
SE,2023,L,Real estate activities,E_AI_TIR,Vision por computador,0.23,b
SI,2023,L,Real estate activities,E_AI_TIR,Vision por computador,10.39,
SK,2023,L,Real estate activities,E_AI_TIR,Vision por computador,2.59,
AT,2023,L,Real estate activities,E_AI_TML,Machine learning,3.29,
BE,2023,L,Real estate activities,E_AI_TML,Machine learning,0.0,
BG,2023,L,Real estate activities,E_AI_TML,Machine learning,0.0,
CY,2023,L,Real estate activities,E_AI_TML,Machine learning,0.0,
CZ,2023,L,Real estate activities,E_AI_TML,Machine learning,0.63,
DE,2023,L,Real estate activities,E_AI_TML,Machine learning,1.19,
DK,2023,L,Real estate activities,E_AI_TML,Machine learning,5.27,
EE,2023,L,Real estate activities,E_AI_TML,Machine learning,0.0,
EL,2023,L,Real estate activities,E_AI_TML,Machine learning,7.06,
ES,2023,L,Real estate activities,E_AI_TML,Machine learning,2.42,
EU27_2020,2023,L,Real estate activities,E_AI_TML,Machine learning,1.69,
FI,2023,L,Real estate activities,E_AI_TML,Machine learning,5.04,
FR,2023,L,Real estate activities,E_AI_TML,Machine learning,2.28,b
HR,2023,L,Real estate activities,E_AI_TML,Machine learning,6.93,
HU,2023,L,Real estate activities,E_AI_TML,Machine learning,0.24,
IE,2023,L,Real estate activities,E_AI_TML,Machine learning,2.91,
IT,2023,L,Real estate activities,E_AI_TML,Machine learning,0.4,
LT,2023,L,Real estate activities,E_AI_TML,Machine learning,1.33,
LU,2023,L,Real estate activities,E_AI_TML,Machine learning,,@C
LV,2023,L,Real estate activities,E_AI_TML,Machine learning,2.95,
MT,2023,L,Real estate activities,E_AI_TML,Machine learning,5.88,
NL,2023,L,Real estate activities,E_AI_TML,Machine learning,3.11,
PL,2023,L,Real estate activities,E_AI_TML,Machine learning,0.08,
PT,2023,L,Real estate activities,E_AI_TML,Machine learning,0.4,
RO,2023,L,Real estate activities,E_AI_TML,Machine learning,0.0,
SE,2023,L,Real estate activities,E_AI_TML,Machine learning,4.39,b
SI,2023,L,Real estate activities,E_AI_TML,Machine learning,0.0,
SK,2023,L,Real estate activities,E_AI_TML,Machine learning,3.88,
AT,2023,L,Real estate activities,E_AI_TNLG,Generacion de lenguaje,1.92,
BE,2023,L,Real estate activities,E_AI_TNLG,Generacion de lenguaje,0.0,
BG,2023,L,Real estate activities,E_AI_TNLG,Generacion de lenguaje,0.0,
CY,2023,L,Real estate activities,E_AI_TNLG,Generacion de lenguaje,0.0,
CZ,2023,L,Real estate activities,E_AI_TNLG,Generacion de lenguaje,0.0,
DE,2023,L,Real estate activities,E_AI_TNLG,Generacion de lenguaje,1.66,
DK,2023,L,Real estate activities,E_AI_TNLG,Generacion de lenguaje,1.63,
EE,2023,L,Real estate activities,E_AI_TNLG,Generacion de lenguaje,0.0,
EL,2023,L,Real estate activities,E_AI_TNLG,Generacion de lenguaje,7.44,
ES,2023,L,Real estate activities,E_AI_TNLG,Generacion de lenguaje,0.55,
EU27_2020,2023,L,Real estate activities,E_AI_TNLG,Generacion de lenguaje,1.73,
FI,2023,L,Real estate activities,E_AI_TNLG,Generacion de lenguaje,4.0,
FR,2023,L,Real estate activities,E_AI_TNLG,Generacion de lenguaje,2.4,b
HR,2023,L,Real estate activities,E_AI_TNLG,Generacion de lenguaje,6.93,
HU,2023,L,Real estate activities,E_AI_TNLG,Generacion de lenguaje,0.96,
IE,2023,L,Real estate activities,E_AI_TNLG,Generacion de lenguaje,4.71,
IT,2023,L,Real estate activities,E_AI_TNLG,Generacion de lenguaje,1.19,
LT,2023,L,Real estate activities,E_AI_TNLG,Generacion de lenguaje,1.33,
LU,2023,L,Real estate activities,E_AI_TNLG,Generacion de lenguaje,,@C
LV,2023,L,Real estate activities,E_AI_TNLG,Generacion de lenguaje,0.74,
MT,2023,L,Real estate activities,E_AI_TNLG,Generacion de lenguaje,2.94,
NL,2023,L,Real estate activities,E_AI_TNLG,Generacion de lenguaje,2.59,
PL,2023,L,Real estate activities,E_AI_TNLG,Generacion de lenguaje,1.24,
PT,2023,L,Real estate activities,E_AI_TNLG,Generacion de lenguaje,0.4,
RO,2023,L,Real estate activities,E_AI_TNLG,Generacion de lenguaje,0.0,
SE,2023,L,Real estate activities,E_AI_TNLG,Generacion de lenguaje,5.08,b
SI,2023,L,Real estate activities,E_AI_TNLG,Generacion de lenguaje,7.38,
SK,2023,L,Real estate activities,E_AI_TNLG,Generacion de lenguaje,1.29,
AT,2023,L,Real estate activities,E_AI_TPA,Automatizacion de procesos,3.02,
BE,2023,L,Real estate activities,E_AI_TPA,Automatizacion de procesos,2.99,
BG,2023,L,Real estate activities,E_AI_TPA,Automatizacion de procesos,0.0,
CY,2023,L,Real estate activities,E_AI_TPA,Automatizacion de procesos,0.0,
CZ,2023,L,Real estate activities,E_AI_TPA,Automatizacion de procesos,0.71,
DE,2023,L,Real estate activities,E_AI_TPA,Automatizacion de procesos,3.31,
DK,2023,L,Real estate activities,E_AI_TPA,Automatizacion de procesos,6.43,
EE,2023,L,Real estate activities,E_AI_TPA,Automatizacion de procesos,0.0,
EL,2023,L,Real estate activities,E_AI_TPA,Automatizacion de procesos,0.0,
ES,2023,L,Real estate activities,E_AI_TPA,Automatizacion de procesos,2.11,
EU27_2020,2023,L,Real estate activities,E_AI_TPA,Automatizacion de procesos,2.66,
FI,2023,L,Real estate activities,E_AI_TPA,Automatizacion de procesos,11.32,
FR,2023,L,Real estate activities,E_AI_TPA,Automatizacion de procesos,1.72,b
HR,2023,L,Real estate activities,E_AI_TPA,Automatizacion de procesos,0.0,
HU,2023,L,Real estate activities,E_AI_TPA,Automatizacion de procesos,2.0,
IE,2023,L,Real estate activities,E_AI_TPA,Automatizacion de procesos,2.82,
IT,2023,L,Real estate activities,E_AI_TPA,Automatizacion de procesos,0.4,
LT,2023,L,Real estate activities,E_AI_TPA,Automatizacion de procesos,2.65,
LU,2023,L,Real estate activities,E_AI_TPA,Automatizacion de procesos,,@C
LV,2023,L,Real estate activities,E_AI_TPA,Automatizacion de procesos,0.74,
MT,2023,L,Real estate activities,E_AI_TPA,Automatizacion de procesos,0.0,
NL,2023,L,Real estate activities,E_AI_TPA,Automatizacion de procesos,10.67,
PL,2023,L,Real estate activities,E_AI_TPA,Automatizacion de procesos,1.08,
PT,2023,L,Real estate activities,E_AI_TPA,Automatizacion de procesos,2.3,
RO,2023,L,Real estate activities,E_AI_TPA,Automatizacion de procesos,0.0,
SE,2023,L,Real estate activities,E_AI_TPA,Automatizacion de procesos,5.42,b
SI,2023,L,Real estate activities,E_AI_TPA,Automatizacion de procesos,0.0,
SK,2023,L,Real estate activities,E_AI_TPA,Automatizacion de procesos,3.88,
AT,2023,L,Real estate activities,E_AI_TPVSG,Generacion de imagen/audio,,
BE,2023,L,Real estate activities,E_AI_TPVSG,Generacion de imagen/audio,,
BG,2023,L,Real estate activities,E_AI_TPVSG,Generacion de imagen/audio,,
CY,2023,L,Real estate activities,E_AI_TPVSG,Generacion de imagen/audio,,
CZ,2023,L,Real estate activities,E_AI_TPVSG,Generacion de imagen/audio,,
DE,2023,L,Real estate activities,E_AI_TPVSG,Generacion de imagen/audio,,
DK,2023,L,Real estate activities,E_AI_TPVSG,Generacion de imagen/audio,,
EE,2023,L,Real estate activities,E_AI_TPVSG,Generacion de imagen/audio,,
EL,2023,L,Real estate activities,E_AI_TPVSG,Generacion de imagen/audio,,
ES,2023,L,Real estate activities,E_AI_TPVSG,Generacion de imagen/audio,,
EU27_2020,2023,L,Real estate activities,E_AI_TPVSG,Generacion de imagen/audio,,
FI,2023,L,Real estate activities,E_AI_TPVSG,Generacion de imagen/audio,,
FR,2023,L,Real estate activities,E_AI_TPVSG,Generacion de imagen/audio,,
HR,2023,L,Real estate activities,E_AI_TPVSG,Generacion de imagen/audio,,
HU,2023,L,Real estate activities,E_AI_TPVSG,Generacion de imagen/audio,,
IE,2023,L,Real estate activities,E_AI_TPVSG,Generacion de imagen/audio,,
IT,2023,L,Real estate activities,E_AI_TPVSG,Generacion de imagen/audio,,
LT,2023,L,Real estate activities,E_AI_TPVSG,Generacion de imagen/audio,,
LU,2023,L,Real estate activities,E_AI_TPVSG,Generacion de imagen/audio,,
LV,2023,L,Real estate activities,E_AI_TPVSG,Generacion de imagen/audio,,
MT,2023,L,Real estate activities,E_AI_TPVSG,Generacion de imagen/audio,,
NL,2023,L,Real estate activities,E_AI_TPVSG,Generacion de imagen/audio,,
PL,2023,L,Real estate activities,E_AI_TPVSG,Generacion de imagen/audio,,
PT,2023,L,Real estate activities,E_AI_TPVSG,Generacion de imagen/audio,,
RO,2023,L,Real estate activities,E_AI_TPVSG,Generacion de imagen/audio,,
SE,2023,L,Real estate activities,E_AI_TPVSG,Generacion de imagen/audio,,
SI,2023,L,Real estate activities,E_AI_TPVSG,Generacion de imagen/audio,,
SK,2023,L,Real estate activities,E_AI_TPVSG,Generacion de imagen/audio,,
AT,2023,L,Real estate activities,E_AI_TSR,Reconocimiento de voz,3.67,
BE,2023,L,Real estate activities,E_AI_TSR,Reconocimiento de voz,0.0,
BG,2023,L,Real estate activities,E_AI_TSR,Reconocimiento de voz,0.0,
CY,2023,L,Real estate activities,E_AI_TSR,Reconocimiento de voz,0.0,
CZ,2023,L,Real estate activities,E_AI_TSR,Reconocimiento de voz,0.0,
DE,2023,L,Real estate activities,E_AI_TSR,Reconocimiento de voz,5.94,
DK,2023,L,Real estate activities,E_AI_TSR,Reconocimiento de voz,2.47,
EE,2023,L,Real estate activities,E_AI_TSR,Reconocimiento de voz,0.0,
EL,2023,L,Real estate activities,E_AI_TSR,Reconocimiento de voz,0.0,
ES,2023,L,Real estate activities,E_AI_TSR,Reconocimiento de voz,3.44,
EU27_2020,2023,L,Real estate activities,E_AI_TSR,Reconocimiento de voz,2.94,
FI,2023,L,Real estate activities,E_AI_TSR,Reconocimiento de voz,,u
FR,2023,L,Real estate activities,E_AI_TSR,Reconocimiento de voz,1.86,b
HR,2023,L,Real estate activities,E_AI_TSR,Reconocimiento de voz,6.93,
HU,2023,L,Real estate activities,E_AI_TSR,Reconocimiento de voz,0.38,
IE,2023,L,Real estate activities,E_AI_TSR,Reconocimiento de voz,4.32,
IT,2023,L,Real estate activities,E_AI_TSR,Reconocimiento de voz,0.76,
LT,2023,L,Real estate activities,E_AI_TSR,Reconocimiento de voz,1.33,
LU,2023,L,Real estate activities,E_AI_TSR,Reconocimiento de voz,,@C
LV,2023,L,Real estate activities,E_AI_TSR,Reconocimiento de voz,0.74,
MT,2023,L,Real estate activities,E_AI_TSR,Reconocimiento de voz,0.0,
NL,2023,L,Real estate activities,E_AI_TSR,Reconocimiento de voz,6.4,
PL,2023,L,Real estate activities,E_AI_TSR,Reconocimiento de voz,0.39,
PT,2023,L,Real estate activities,E_AI_TSR,Reconocimiento de voz,5.27,
RO,2023,L,Real estate activities,E_AI_TSR,Reconocimiento de voz,0.0,
SE,2023,L,Real estate activities,E_AI_TSR,Reconocimiento de voz,2.24,b
SI,2023,L,Real estate activities,E_AI_TSR,Reconocimiento de voz,0.0,
SK,2023,L,Real estate activities,E_AI_TSR,Reconocimiento de voz,1.29,
AT,2023,L,Real estate activities,E_AI_TTM,Mineria de texto,5.89,
BE,2023,L,Real estate activities,E_AI_TTM,Mineria de texto,0.76,
BG,2023,L,Real estate activities,E_AI_TTM,Mineria de texto,0.0,
CY,2023,L,Real estate activities,E_AI_TTM,Mineria de texto,0.0,
CZ,2023,L,Real estate activities,E_AI_TTM,Mineria de texto,3.09,
DE,2023,L,Real estate activities,E_AI_TTM,Mineria de texto,3.14,
DK,2023,L,Real estate activities,E_AI_TTM,Mineria de texto,3.92,
EE,2023,L,Real estate activities,E_AI_TTM,Mineria de texto,0.0,
EL,2023,L,Real estate activities,E_AI_TTM,Mineria de texto,7.7,
ES,2023,L,Real estate activities,E_AI_TTM,Mineria de texto,3.15,
EU27_2020,2023,L,Real estate activities,E_AI_TTM,Mineria de texto,3.22,
FI,2023,L,Real estate activities,E_AI_TTM,Mineria de texto,7.48,
FR,2023,L,Real estate activities,E_AI_TTM,Mineria de texto,4.27,b
HR,2023,L,Real estate activities,E_AI_TTM,Mineria de texto,,u
HU,2023,L,Real estate activities,E_AI_TTM,Mineria de texto,0.38,
IE,2023,L,Real estate activities,E_AI_TTM,Mineria de texto,7.62,
IT,2023,L,Real estate activities,E_AI_TTM,Mineria de texto,1.54,
LT,2023,L,Real estate activities,E_AI_TTM,Mineria de texto,1.33,
LU,2023,L,Real estate activities,E_AI_TTM,Mineria de texto,,@C
LV,2023,L,Real estate activities,E_AI_TTM,Mineria de texto,4.05,
MT,2023,L,Real estate activities,E_AI_TTM,Mineria de texto,2.94,
NL,2023,L,Real estate activities,E_AI_TTM,Mineria de texto,7.42,
PL,2023,L,Real estate activities,E_AI_TTM,Mineria de texto,0.33,
PT,2023,L,Real estate activities,E_AI_TTM,Mineria de texto,0.93,
RO,2023,L,Real estate activities,E_AI_TTM,Mineria de texto,0.0,
SE,2023,L,Real estate activities,E_AI_TTM,Mineria de texto,8.0,b
SI,2023,L,Real estate activities,E_AI_TTM,Mineria de texto,0.0,
SK,2023,L,Real estate activities,E_AI_TTM,Mineria de texto,,u
AT,2023,M,"Professional, scientific and technical activities",E_AI_TANY,Cualquier IA,25.82,
BE,2023,M,"Professional, scientific and technical activities",E_AI_TANY,Cualquier IA,28.28,
BG,2023,M,"Professional, scientific and technical activities",E_AI_TANY,Cualquier IA,9.65,
CY,2023,M,"Professional, scientific and technical activities",E_AI_TANY,Cualquier IA,7.66,
CZ,2023,M,"Professional, scientific and technical activities",E_AI_TANY,Cualquier IA,9.42,
DE,2023,M,"Professional, scientific and technical activities",E_AI_TANY,Cualquier IA,26.34,
DK,2023,M,"Professional, scientific and technical activities",E_AI_TANY,Cualquier IA,23.58,
EE,2023,M,"Professional, scientific and technical activities",E_AI_TANY,Cualquier IA,10.75,
EL,2023,M,"Professional, scientific and technical activities",E_AI_TANY,Cualquier IA,8.67,
ES,2023,M,"Professional, scientific and technical activities",E_AI_TANY,Cualquier IA,16.14,
EU27_2020,2023,M,"Professional, scientific and technical activities",E_AI_TANY,Cualquier IA,18.66,
FI,2023,M,"Professional, scientific and technical activities",E_AI_TANY,Cualquier IA,31.54,
FR,2023,M,"Professional, scientific and technical activities",E_AI_TANY,Cualquier IA,13.75,b
HR,2023,M,"Professional, scientific and technical activities",E_AI_TANY,Cualquier IA,12.88,
HU,2023,M,"Professional, scientific and technical activities",E_AI_TANY,Cualquier IA,5.24,
IE,2023,M,"Professional, scientific and technical activities",E_AI_TANY,Cualquier IA,15.77,
IT,2023,M,"Professional, scientific and technical activities",E_AI_TANY,Cualquier IA,9.23,
LT,2023,M,"Professional, scientific and technical activities",E_AI_TANY,Cualquier IA,4.07,
LU,2023,M,"Professional, scientific and technical activities",E_AI_TANY,Cualquier IA,21.98,
LV,2023,M,"Professional, scientific and technical activities",E_AI_TANY,Cualquier IA,11.37,
MT,2023,M,"Professional, scientific and technical activities",E_AI_TANY,Cualquier IA,18.09,
NL,2023,M,"Professional, scientific and technical activities",E_AI_TANY,Cualquier IA,24.8,
PL,2023,M,"Professional, scientific and technical activities",E_AI_TANY,Cualquier IA,9.05,
PT,2023,M,"Professional, scientific and technical activities",E_AI_TANY,Cualquier IA,10.68,
RO,2023,M,"Professional, scientific and technical activities",E_AI_TANY,Cualquier IA,7.21,
SE,2023,M,"Professional, scientific and technical activities",E_AI_TANY,Cualquier IA,20.69,b
SI,2023,M,"Professional, scientific and technical activities",E_AI_TANY,Cualquier IA,22.24,
SK,2023,M,"Professional, scientific and technical activities",E_AI_TANY,Cualquier IA,12.22,
AT,2023,M,"Professional, scientific and technical activities",E_AI_TAR,Robots autonomos,1.59,
BE,2023,M,"Professional, scientific and technical activities",E_AI_TAR,Robots autonomos,3.49,
BG,2023,M,"Professional, scientific and technical activities",E_AI_TAR,Robots autonomos,,u
CY,2023,M,"Professional, scientific and technical activities",E_AI_TAR,Robots autonomos,0.42,
CZ,2023,M,"Professional, scientific and technical activities",E_AI_TAR,Robots autonomos,0.45,
DE,2023,M,"Professional, scientific and technical activities",E_AI_TAR,Robots autonomos,1.49,
DK,2023,M,"Professional, scientific and technical activities",E_AI_TAR,Robots autonomos,2.53,
EE,2023,M,"Professional, scientific and technical activities",E_AI_TAR,Robots autonomos,3.27,
EL,2023,M,"Professional, scientific and technical activities",E_AI_TAR,Robots autonomos,1.04,
ES,2023,M,"Professional, scientific and technical activities",E_AI_TAR,Robots autonomos,2.87,
EU27_2020,2023,M,"Professional, scientific and technical activities",E_AI_TAR,Robots autonomos,1.33,
FI,2023,M,"Professional, scientific and technical activities",E_AI_TAR,Robots autonomos,3.36,
FR,2023,M,"Professional, scientific and technical activities",E_AI_TAR,Robots autonomos,0.21,b
HR,2023,M,"Professional, scientific and technical activities",E_AI_TAR,Robots autonomos,2.16,
HU,2023,M,"Professional, scientific and technical activities",E_AI_TAR,Robots autonomos,0.39,
IE,2023,M,"Professional, scientific and technical activities",E_AI_TAR,Robots autonomos,1.61,
IT,2023,M,"Professional, scientific and technical activities",E_AI_TAR,Robots autonomos,0.32,
LT,2023,M,"Professional, scientific and technical activities",E_AI_TAR,Robots autonomos,0.13,
LU,2023,M,"Professional, scientific and technical activities",E_AI_TAR,Robots autonomos,2.43,
LV,2023,M,"Professional, scientific and technical activities",E_AI_TAR,Robots autonomos,1.18,
MT,2023,M,"Professional, scientific and technical activities",E_AI_TAR,Robots autonomos,0.36,
NL,2023,M,"Professional, scientific and technical activities",E_AI_TAR,Robots autonomos,2.61,
PL,2023,M,"Professional, scientific and technical activities",E_AI_TAR,Robots autonomos,0.36,
PT,2023,M,"Professional, scientific and technical activities",E_AI_TAR,Robots autonomos,0.48,
RO,2023,M,"Professional, scientific and technical activities",E_AI_TAR,Robots autonomos,0.15,
SE,2023,M,"Professional, scientific and technical activities",E_AI_TAR,Robots autonomos,0.59,b
SI,2023,M,"Professional, scientific and technical activities",E_AI_TAR,Robots autonomos,5.79,
SK,2023,M,"Professional, scientific and technical activities",E_AI_TAR,Robots autonomos,1.02,
AT,2023,M,"Professional, scientific and technical activities",E_AI_TIR,Vision por computador,5.13,
BE,2023,M,"Professional, scientific and technical activities",E_AI_TIR,Vision por computador,7.56,
BG,2023,M,"Professional, scientific and technical activities",E_AI_TIR,Vision por computador,,u
CY,2023,M,"Professional, scientific and technical activities",E_AI_TIR,Vision por computador,2.95,
CZ,2023,M,"Professional, scientific and technical activities",E_AI_TIR,Vision por computador,2.25,
DE,2023,M,"Professional, scientific and technical activities",E_AI_TIR,Vision por computador,5.06,
DK,2023,M,"Professional, scientific and technical activities",E_AI_TIR,Vision por computador,4.96,
EE,2023,M,"Professional, scientific and technical activities",E_AI_TIR,Vision por computador,1.37,
EL,2023,M,"Professional, scientific and technical activities",E_AI_TIR,Vision por computador,2.15,
ES,2023,M,"Professional, scientific and technical activities",E_AI_TIR,Vision por computador,6.54,
EU27_2020,2023,M,"Professional, scientific and technical activities",E_AI_TIR,Vision por computador,4.18,
FI,2023,M,"Professional, scientific and technical activities",E_AI_TIR,Vision por computador,5.39,
FR,2023,M,"Professional, scientific and technical activities",E_AI_TIR,Vision por computador,2.85,b
HR,2023,M,"Professional, scientific and technical activities",E_AI_TIR,Vision por computador,2.4,
HU,2023,M,"Professional, scientific and technical activities",E_AI_TIR,Vision por computador,1.31,
IE,2023,M,"Professional, scientific and technical activities",E_AI_TIR,Vision por computador,4.07,
IT,2023,M,"Professional, scientific and technical activities",E_AI_TIR,Vision por computador,1.77,
LT,2023,M,"Professional, scientific and technical activities",E_AI_TIR,Vision por computador,0.89,
LU,2023,M,"Professional, scientific and technical activities",E_AI_TIR,Vision por computador,5.47,
LV,2023,M,"Professional, scientific and technical activities",E_AI_TIR,Vision por computador,2.12,
MT,2023,M,"Professional, scientific and technical activities",E_AI_TIR,Vision por computador,4.51,
NL,2023,M,"Professional, scientific and technical activities",E_AI_TIR,Vision por computador,6.73,
PL,2023,M,"Professional, scientific and technical activities",E_AI_TIR,Vision por computador,2.37,
PT,2023,M,"Professional, scientific and technical activities",E_AI_TIR,Vision por computador,1.51,
RO,2023,M,"Professional, scientific and technical activities",E_AI_TIR,Vision por computador,1.89,
SE,2023,M,"Professional, scientific and technical activities",E_AI_TIR,Vision por computador,4.3,b
SI,2023,M,"Professional, scientific and technical activities",E_AI_TIR,Vision por computador,9.67,
SK,2023,M,"Professional, scientific and technical activities",E_AI_TIR,Vision por computador,2.58,
AT,2023,M,"Professional, scientific and technical activities",E_AI_TML,Machine learning,11.99,
BE,2023,M,"Professional, scientific and technical activities",E_AI_TML,Machine learning,12.16,
BG,2023,M,"Professional, scientific and technical activities",E_AI_TML,Machine learning,2.25,
CY,2023,M,"Professional, scientific and technical activities",E_AI_TML,Machine learning,3.62,
CZ,2023,M,"Professional, scientific and technical activities",E_AI_TML,Machine learning,3.55,
DE,2023,M,"Professional, scientific and technical activities",E_AI_TML,Machine learning,8.01,
DK,2023,M,"Professional, scientific and technical activities",E_AI_TML,Machine learning,12.77,
EE,2023,M,"Professional, scientific and technical activities",E_AI_TML,Machine learning,3.77,
EL,2023,M,"Professional, scientific and technical activities",E_AI_TML,Machine learning,3.37,
ES,2023,M,"Professional, scientific and technical activities",E_AI_TML,Machine learning,6.22,
EU27_2020,2023,M,"Professional, scientific and technical activities",E_AI_TML,Machine learning,6.82,
FI,2023,M,"Professional, scientific and technical activities",E_AI_TML,Machine learning,13.51,
FR,2023,M,"Professional, scientific and technical activities",E_AI_TML,Machine learning,6.41,b
HR,2023,M,"Professional, scientific and technical activities",E_AI_TML,Machine learning,2.6,
HU,2023,M,"Professional, scientific and technical activities",E_AI_TML,Machine learning,1.11,
IE,2023,M,"Professional, scientific and technical activities",E_AI_TML,Machine learning,6.76,
IT,2023,M,"Professional, scientific and technical activities",E_AI_TML,Machine learning,3.25,
LT,2023,M,"Professional, scientific and technical activities",E_AI_TML,Machine learning,1.91,
LU,2023,M,"Professional, scientific and technical activities",E_AI_TML,Machine learning,6.66,
LV,2023,M,"Professional, scientific and technical activities",E_AI_TML,Machine learning,3.57,
MT,2023,M,"Professional, scientific and technical activities",E_AI_TML,Machine learning,8.44,
NL,2023,M,"Professional, scientific and technical activities",E_AI_TML,Machine learning,10.79,
PL,2023,M,"Professional, scientific and technical activities",E_AI_TML,Machine learning,2.67,
PT,2023,M,"Professional, scientific and technical activities",E_AI_TML,Machine learning,6.76,
RO,2023,M,"Professional, scientific and technical activities",E_AI_TML,Machine learning,3.22,
SE,2023,M,"Professional, scientific and technical activities",E_AI_TML,Machine learning,6.76,b
SI,2023,M,"Professional, scientific and technical activities",E_AI_TML,Machine learning,8.06,
SK,2023,M,"Professional, scientific and technical activities",E_AI_TML,Machine learning,4.59,
AT,2023,M,"Professional, scientific and technical activities",E_AI_TNLG,Generacion de lenguaje,5.73,
BE,2023,M,"Professional, scientific and technical activities",E_AI_TNLG,Generacion de lenguaje,8.19,
BG,2023,M,"Professional, scientific and technical activities",E_AI_TNLG,Generacion de lenguaje,4.85,
CY,2023,M,"Professional, scientific and technical activities",E_AI_TNLG,Generacion de lenguaje,1.77,
CZ,2023,M,"Professional, scientific and technical activities",E_AI_TNLG,Generacion de lenguaje,0.45,
DE,2023,M,"Professional, scientific and technical activities",E_AI_TNLG,Generacion de lenguaje,5.98,
DK,2023,M,"Professional, scientific and technical activities",E_AI_TNLG,Generacion de lenguaje,8.37,
EE,2023,M,"Professional, scientific and technical activities",E_AI_TNLG,Generacion de lenguaje,1.43,
EL,2023,M,"Professional, scientific and technical activities",E_AI_TNLG,Generacion de lenguaje,1.8,
ES,2023,M,"Professional, scientific and technical activities",E_AI_TNLG,Generacion de lenguaje,4.44,
EU27_2020,2023,M,"Professional, scientific and technical activities",E_AI_TNLG,Generacion de lenguaje,4.55,
FI,2023,M,"Professional, scientific and technical activities",E_AI_TNLG,Generacion de lenguaje,11.17,
FR,2023,M,"Professional, scientific and technical activities",E_AI_TNLG,Generacion de lenguaje,1.26,b
HR,2023,M,"Professional, scientific and technical activities",E_AI_TNLG,Generacion de lenguaje,3.46,
HU,2023,M,"Professional, scientific and technical activities",E_AI_TNLG,Generacion de lenguaje,0.76,
IE,2023,M,"Professional, scientific and technical activities",E_AI_TNLG,Generacion de lenguaje,5.02,
IT,2023,M,"Professional, scientific and technical activities",E_AI_TNLG,Generacion de lenguaje,2.85,
LT,2023,M,"Professional, scientific and technical activities",E_AI_TNLG,Generacion de lenguaje,1.53,
LU,2023,M,"Professional, scientific and technical activities",E_AI_TNLG,Generacion de lenguaje,6.25,
LV,2023,M,"Professional, scientific and technical activities",E_AI_TNLG,Generacion de lenguaje,1.8,
MT,2023,M,"Professional, scientific and technical activities",E_AI_TNLG,Generacion de lenguaje,4.5,
NL,2023,M,"Professional, scientific and technical activities",E_AI_TNLG,Generacion de lenguaje,7.68,
PL,2023,M,"Professional, scientific and technical activities",E_AI_TNLG,Generacion de lenguaje,1.81,
PT,2023,M,"Professional, scientific and technical activities",E_AI_TNLG,Generacion de lenguaje,2.09,
RO,2023,M,"Professional, scientific and technical activities",E_AI_TNLG,Generacion de lenguaje,4.99,
SE,2023,M,"Professional, scientific and technical activities",E_AI_TNLG,Generacion de lenguaje,8.41,b
SI,2023,M,"Professional, scientific and technical activities",E_AI_TNLG,Generacion de lenguaje,10.69,
SK,2023,M,"Professional, scientific and technical activities",E_AI_TNLG,Generacion de lenguaje,5.33,
AT,2023,M,"Professional, scientific and technical activities",E_AI_TPA,Automatizacion de procesos,9.03,
BE,2023,M,"Professional, scientific and technical activities",E_AI_TPA,Automatizacion de procesos,11.08,
BG,2023,M,"Professional, scientific and technical activities",E_AI_TPA,Automatizacion de procesos,5.6,
CY,2023,M,"Professional, scientific and technical activities",E_AI_TPA,Automatizacion de procesos,1.18,
CZ,2023,M,"Professional, scientific and technical activities",E_AI_TPA,Automatizacion de procesos,2.99,
DE,2023,M,"Professional, scientific and technical activities",E_AI_TPA,Automatizacion de procesos,8.51,
DK,2023,M,"Professional, scientific and technical activities",E_AI_TPA,Automatizacion de procesos,11.95,
EE,2023,M,"Professional, scientific and technical activities",E_AI_TPA,Automatizacion de procesos,2.28,
EL,2023,M,"Professional, scientific and technical activities",E_AI_TPA,Automatizacion de procesos,3.6,
ES,2023,M,"Professional, scientific and technical activities",E_AI_TPA,Automatizacion de procesos,6.82,
EU27_2020,2023,M,"Professional, scientific and technical activities",E_AI_TPA,Automatizacion de procesos,6.92,
FI,2023,M,"Professional, scientific and technical activities",E_AI_TPA,Automatizacion de procesos,17.23,
FR,2023,M,"Professional, scientific and technical activities",E_AI_TPA,Automatizacion de procesos,5.73,b
HR,2023,M,"Professional, scientific and technical activities",E_AI_TPA,Automatizacion de procesos,0.96,
HU,2023,M,"Professional, scientific and technical activities",E_AI_TPA,Automatizacion de procesos,2.01,
IE,2023,M,"Professional, scientific and technical activities",E_AI_TPA,Automatizacion de procesos,5.58,
IT,2023,M,"Professional, scientific and technical activities",E_AI_TPA,Automatizacion de procesos,3.02,
LT,2023,M,"Professional, scientific and technical activities",E_AI_TPA,Automatizacion de procesos,2.54,
LU,2023,M,"Professional, scientific and technical activities",E_AI_TPA,Automatizacion de procesos,6.85,
LV,2023,M,"Professional, scientific and technical activities",E_AI_TPA,Automatizacion de procesos,4.06,
MT,2023,M,"Professional, scientific and technical activities",E_AI_TPA,Automatizacion de procesos,7.7,
NL,2023,M,"Professional, scientific and technical activities",E_AI_TPA,Automatizacion de procesos,8.17,
PL,2023,M,"Professional, scientific and technical activities",E_AI_TPA,Automatizacion de procesos,5.12,
PT,2023,M,"Professional, scientific and technical activities",E_AI_TPA,Automatizacion de procesos,5.86,
RO,2023,M,"Professional, scientific and technical activities",E_AI_TPA,Automatizacion de procesos,3.8,
SE,2023,M,"Professional, scientific and technical activities",E_AI_TPA,Automatizacion de procesos,10.48,b
SI,2023,M,"Professional, scientific and technical activities",E_AI_TPA,Automatizacion de procesos,5.25,
SK,2023,M,"Professional, scientific and technical activities",E_AI_TPA,Automatizacion de procesos,6.48,
AT,2023,M,"Professional, scientific and technical activities",E_AI_TPVSG,Generacion de imagen/audio,,
BE,2023,M,"Professional, scientific and technical activities",E_AI_TPVSG,Generacion de imagen/audio,,
BG,2023,M,"Professional, scientific and technical activities",E_AI_TPVSG,Generacion de imagen/audio,,
CY,2023,M,"Professional, scientific and technical activities",E_AI_TPVSG,Generacion de imagen/audio,,
CZ,2023,M,"Professional, scientific and technical activities",E_AI_TPVSG,Generacion de imagen/audio,,
DE,2023,M,"Professional, scientific and technical activities",E_AI_TPVSG,Generacion de imagen/audio,,
DK,2023,M,"Professional, scientific and technical activities",E_AI_TPVSG,Generacion de imagen/audio,,
EE,2023,M,"Professional, scientific and technical activities",E_AI_TPVSG,Generacion de imagen/audio,,
EL,2023,M,"Professional, scientific and technical activities",E_AI_TPVSG,Generacion de imagen/audio,,
ES,2023,M,"Professional, scientific and technical activities",E_AI_TPVSG,Generacion de imagen/audio,,
EU27_2020,2023,M,"Professional, scientific and technical activities",E_AI_TPVSG,Generacion de imagen/audio,,
FI,2023,M,"Professional, scientific and technical activities",E_AI_TPVSG,Generacion de imagen/audio,,
FR,2023,M,"Professional, scientific and technical activities",E_AI_TPVSG,Generacion de imagen/audio,,
HR,2023,M,"Professional, scientific and technical activities",E_AI_TPVSG,Generacion de imagen/audio,,
HU,2023,M,"Professional, scientific and technical activities",E_AI_TPVSG,Generacion de imagen/audio,,
IE,2023,M,"Professional, scientific and technical activities",E_AI_TPVSG,Generacion de imagen/audio,,
IT,2023,M,"Professional, scientific and technical activities",E_AI_TPVSG,Generacion de imagen/audio,,
LT,2023,M,"Professional, scientific and technical activities",E_AI_TPVSG,Generacion de imagen/audio,,
LU,2023,M,"Professional, scientific and technical activities",E_AI_TPVSG,Generacion de imagen/audio,,
LV,2023,M,"Professional, scientific and technical activities",E_AI_TPVSG,Generacion de imagen/audio,,
MT,2023,M,"Professional, scientific and technical activities",E_AI_TPVSG,Generacion de imagen/audio,,
NL,2023,M,"Professional, scientific and technical activities",E_AI_TPVSG,Generacion de imagen/audio,,
PL,2023,M,"Professional, scientific and technical activities",E_AI_TPVSG,Generacion de imagen/audio,,
PT,2023,M,"Professional, scientific and technical activities",E_AI_TPVSG,Generacion de imagen/audio,,
RO,2023,M,"Professional, scientific and technical activities",E_AI_TPVSG,Generacion de imagen/audio,,
SE,2023,M,"Professional, scientific and technical activities",E_AI_TPVSG,Generacion de imagen/audio,,
SI,2023,M,"Professional, scientific and technical activities",E_AI_TPVSG,Generacion de imagen/audio,,
SK,2023,M,"Professional, scientific and technical activities",E_AI_TPVSG,Generacion de imagen/audio,,
AT,2023,M,"Professional, scientific and technical activities",E_AI_TSR,Reconocimiento de voz,10.45,
BE,2023,M,"Professional, scientific and technical activities",E_AI_TSR,Reconocimiento de voz,10.06,
BG,2023,M,"Professional, scientific and technical activities",E_AI_TSR,Reconocimiento de voz,,u
CY,2023,M,"Professional, scientific and technical activities",E_AI_TSR,Reconocimiento de voz,0.93,
CZ,2023,M,"Professional, scientific and technical activities",E_AI_TSR,Reconocimiento de voz,1.43,
DE,2023,M,"Professional, scientific and technical activities",E_AI_TSR,Reconocimiento de voz,13.48,
DK,2023,M,"Professional, scientific and technical activities",E_AI_TSR,Reconocimiento de voz,4.85,
EE,2023,M,"Professional, scientific and technical activities",E_AI_TSR,Reconocimiento de voz,1.79,
EL,2023,M,"Professional, scientific and technical activities",E_AI_TSR,Reconocimiento de voz,1.91,
ES,2023,M,"Professional, scientific and technical activities",E_AI_TSR,Reconocimiento de voz,6.39,
EU27_2020,2023,M,"Professional, scientific and technical activities",E_AI_TSR,Reconocimiento de voz,7.19,
FI,2023,M,"Professional, scientific and technical activities",E_AI_TSR,Reconocimiento de voz,10.73,
FR,2023,M,"Professional, scientific and technical activities",E_AI_TSR,Reconocimiento de voz,2.9,b
HR,2023,M,"Professional, scientific and technical activities",E_AI_TSR,Reconocimiento de voz,3.49,
HU,2023,M,"Professional, scientific and technical activities",E_AI_TSR,Reconocimiento de voz,1.63,
IE,2023,M,"Professional, scientific and technical activities",E_AI_TSR,Reconocimiento de voz,3.21,
IT,2023,M,"Professional, scientific and technical activities",E_AI_TSR,Reconocimiento de voz,3.1,
LT,2023,M,"Professional, scientific and technical activities",E_AI_TSR,Reconocimiento de voz,1.02,
LU,2023,M,"Professional, scientific and technical activities",E_AI_TSR,Reconocimiento de voz,7.9,
LV,2023,M,"Professional, scientific and technical activities",E_AI_TSR,Reconocimiento de voz,3.18,
MT,2023,M,"Professional, scientific and technical activities",E_AI_TSR,Reconocimiento de voz,3.28,
NL,2023,M,"Professional, scientific and technical activities",E_AI_TSR,Reconocimiento de voz,7.79,
PL,2023,M,"Professional, scientific and technical activities",E_AI_TSR,Reconocimiento de voz,1.07,
PT,2023,M,"Professional, scientific and technical activities",E_AI_TSR,Reconocimiento de voz,2.11,
RO,2023,M,"Professional, scientific and technical activities",E_AI_TSR,Reconocimiento de voz,2.68,
SE,2023,M,"Professional, scientific and technical activities",E_AI_TSR,Reconocimiento de voz,2.92,b
SI,2023,M,"Professional, scientific and technical activities",E_AI_TSR,Reconocimiento de voz,4.73,
SK,2023,M,"Professional, scientific and technical activities",E_AI_TSR,Reconocimiento de voz,5.63,
AT,2023,M,"Professional, scientific and technical activities",E_AI_TTM,Mineria de texto,15.09,
BE,2023,M,"Professional, scientific and technical activities",E_AI_TTM,Mineria de texto,16.45,
BG,2023,M,"Professional, scientific and technical activities",E_AI_TTM,Mineria de texto,1.89,
CY,2023,M,"Professional, scientific and technical activities",E_AI_TTM,Mineria de texto,2.44,
CZ,2023,M,"Professional, scientific and technical activities",E_AI_TTM,Mineria de texto,5.68,
DE,2023,M,"Professional, scientific and technical activities",E_AI_TTM,Mineria de texto,7.5,
DK,2023,M,"Professional, scientific and technical activities",E_AI_TTM,Mineria de texto,9.15,
EE,2023,M,"Professional, scientific and technical activities",E_AI_TTM,Mineria de texto,3.31,
EL,2023,M,"Professional, scientific and technical activities",E_AI_TTM,Mineria de texto,3.83,
ES,2023,M,"Professional, scientific and technical activities",E_AI_TTM,Mineria de texto,6.84,
EU27_2020,2023,M,"Professional, scientific and technical activities",E_AI_TTM,Mineria de texto,6.92,
FI,2023,M,"Professional, scientific and technical activities",E_AI_TTM,Mineria de texto,14.47,
FR,2023,M,"Professional, scientific and technical activities",E_AI_TTM,Mineria de texto,5.8,b
HR,2023,M,"Professional, scientific and technical activities",E_AI_TTM,Mineria de texto,8.68,
HU,2023,M,"Professional, scientific and technical activities",E_AI_TTM,Mineria de texto,1.54,
IE,2023,M,"Professional, scientific and technical activities",E_AI_TTM,Mineria de texto,4.51,
IT,2023,M,"Professional, scientific and technical activities",E_AI_TTM,Mineria de texto,3.95,
LT,2023,M,"Professional, scientific and technical activities",E_AI_TTM,Mineria de texto,2.8,
LU,2023,M,"Professional, scientific and technical activities",E_AI_TTM,Mineria de texto,13.48,
LV,2023,M,"Professional, scientific and technical activities",E_AI_TTM,Mineria de texto,6.12,
MT,2023,M,"Professional, scientific and technical activities",E_AI_TTM,Mineria de texto,7.62,
NL,2023,M,"Professional, scientific and technical activities",E_AI_TTM,Mineria de texto,9.69,
PL,2023,M,"Professional, scientific and technical activities",E_AI_TTM,Mineria de texto,0.91,
PT,2023,M,"Professional, scientific and technical activities",E_AI_TTM,Mineria de texto,5.85,
RO,2023,M,"Professional, scientific and technical activities",E_AI_TTM,Mineria de texto,5.53,
SE,2023,M,"Professional, scientific and technical activities",E_AI_TTM,Mineria de texto,9.52,b
SI,2023,M,"Professional, scientific and technical activities",E_AI_TTM,Mineria de texto,2.2,
SK,2023,M,"Professional, scientific and technical activities",E_AI_TTM,Mineria de texto,8.21,
AT,2023,N,Administrative and support service activities,E_AI_TANY,Cualquier IA,7.78,
BE,2023,N,Administrative and support service activities,E_AI_TANY,Cualquier IA,11.04,
BG,2023,N,Administrative and support service activities,E_AI_TANY,Cualquier IA,6.16,
CY,2023,N,Administrative and support service activities,E_AI_TANY,Cualquier IA,9.03,
CZ,2023,N,Administrative and support service activities,E_AI_TANY,Cualquier IA,5.43,
DE,2023,N,Administrative and support service activities,E_AI_TANY,Cualquier IA,11.02,
DK,2023,N,Administrative and support service activities,E_AI_TANY,Cualquier IA,9.32,
EE,2023,N,Administrative and support service activities,E_AI_TANY,Cualquier IA,7.07,
EL,2023,N,Administrative and support service activities,E_AI_TANY,Cualquier IA,4.69,
ES,2023,N,Administrative and support service activities,E_AI_TANY,Cualquier IA,8.97,
EU27_2020,2023,N,Administrative and support service activities,E_AI_TANY,Cualquier IA,8.33,
FI,2023,N,Administrative and support service activities,E_AI_TANY,Cualquier IA,14.76,
FR,2023,N,Administrative and support service activities,E_AI_TANY,Cualquier IA,5.6,b
HR,2023,N,Administrative and support service activities,E_AI_TANY,Cualquier IA,6.85,
HU,2023,N,Administrative and support service activities,E_AI_TANY,Cualquier IA,2.89,
IE,2023,N,Administrative and support service activities,E_AI_TANY,Cualquier IA,6.59,
IT,2023,N,Administrative and support service activities,E_AI_TANY,Cualquier IA,6.73,
LT,2023,N,Administrative and support service activities,E_AI_TANY,Cualquier IA,5.46,
LU,2023,N,Administrative and support service activities,E_AI_TANY,Cualquier IA,13.39,
LV,2023,N,Administrative and support service activities,E_AI_TANY,Cualquier IA,6.6,
MT,2023,N,Administrative and support service activities,E_AI_TANY,Cualquier IA,12.39,
NL,2023,N,Administrative and support service activities,E_AI_TANY,Cualquier IA,12.19,
PL,2023,N,Administrative and support service activities,E_AI_TANY,Cualquier IA,4.8,
PT,2023,N,Administrative and support service activities,E_AI_TANY,Cualquier IA,10.29,
RO,2023,N,Administrative and support service activities,E_AI_TANY,Cualquier IA,1.57,
SE,2023,N,Administrative and support service activities,E_AI_TANY,Cualquier IA,8.3,b
SI,2023,N,Administrative and support service activities,E_AI_TANY,Cualquier IA,3.22,
SK,2023,N,Administrative and support service activities,E_AI_TANY,Cualquier IA,10.16,
AT,2023,N,Administrative and support service activities,E_AI_TAR,Robots autonomos,1.51,
BE,2023,N,Administrative and support service activities,E_AI_TAR,Robots autonomos,1.08,
BG,2023,N,Administrative and support service activities,E_AI_TAR,Robots autonomos,,u
CY,2023,N,Administrative and support service activities,E_AI_TAR,Robots autonomos,0.0,
CZ,2023,N,Administrative and support service activities,E_AI_TAR,Robots autonomos,1.16,
DE,2023,N,Administrative and support service activities,E_AI_TAR,Robots autonomos,0.61,
DK,2023,N,Administrative and support service activities,E_AI_TAR,Robots autonomos,0.4,
EE,2023,N,Administrative and support service activities,E_AI_TAR,Robots autonomos,0.26,
EL,2023,N,Administrative and support service activities,E_AI_TAR,Robots autonomos,0.0,
ES,2023,N,Administrative and support service activities,E_AI_TAR,Robots autonomos,0.92,
EU27_2020,2023,N,Administrative and support service activities,E_AI_TAR,Robots autonomos,0.69,
FI,2023,N,Administrative and support service activities,E_AI_TAR,Robots autonomos,0.4,
FR,2023,N,Administrative and support service activities,E_AI_TAR,Robots autonomos,0.07,b
HR,2023,N,Administrative and support service activities,E_AI_TAR,Robots autonomos,0.0,
HU,2023,N,Administrative and support service activities,E_AI_TAR,Robots autonomos,0.14,
IE,2023,N,Administrative and support service activities,E_AI_TAR,Robots autonomos,0.31,
IT,2023,N,Administrative and support service activities,E_AI_TAR,Robots autonomos,1.13,
LT,2023,N,Administrative and support service activities,E_AI_TAR,Robots autonomos,0.66,
LU,2023,N,Administrative and support service activities,E_AI_TAR,Robots autonomos,0.0,
LV,2023,N,Administrative and support service activities,E_AI_TAR,Robots autonomos,0.0,
MT,2023,N,Administrative and support service activities,E_AI_TAR,Robots autonomos,0.0,
NL,2023,N,Administrative and support service activities,E_AI_TAR,Robots autonomos,1.42,
PL,2023,N,Administrative and support service activities,E_AI_TAR,Robots autonomos,1.2,
PT,2023,N,Administrative and support service activities,E_AI_TAR,Robots autonomos,1.1,
RO,2023,N,Administrative and support service activities,E_AI_TAR,Robots autonomos,0.29,
SE,2023,N,Administrative and support service activities,E_AI_TAR,Robots autonomos,0.52,b
SI,2023,N,Administrative and support service activities,E_AI_TAR,Robots autonomos,0.0,
SK,2023,N,Administrative and support service activities,E_AI_TAR,Robots autonomos,1.13,
AT,2023,N,Administrative and support service activities,E_AI_TIR,Vision por computador,1.73,
BE,2023,N,Administrative and support service activities,E_AI_TIR,Vision por computador,1.79,
BG,2023,N,Administrative and support service activities,E_AI_TIR,Vision por computador,,u
CY,2023,N,Administrative and support service activities,E_AI_TIR,Vision por computador,4.96,
CZ,2023,N,Administrative and support service activities,E_AI_TIR,Vision por computador,2.1,
DE,2023,N,Administrative and support service activities,E_AI_TIR,Vision por computador,2.56,
DK,2023,N,Administrative and support service activities,E_AI_TIR,Vision por computador,2.2,
EE,2023,N,Administrative and support service activities,E_AI_TIR,Vision por computador,3.88,
EL,2023,N,Administrative and support service activities,E_AI_TIR,Vision por computador,0.6,
ES,2023,N,Administrative and support service activities,E_AI_TIR,Vision por computador,2.45,
EU27_2020,2023,N,Administrative and support service activities,E_AI_TIR,Vision por computador,1.9,
FI,2023,N,Administrative and support service activities,E_AI_TIR,Vision por computador,0.92,
FR,2023,N,Administrative and support service activities,E_AI_TIR,Vision por computador,0.77,b
HR,2023,N,Administrative and support service activities,E_AI_TIR,Vision por computador,2.32,
HU,2023,N,Administrative and support service activities,E_AI_TIR,Vision por computador,0.64,
IE,2023,N,Administrative and support service activities,E_AI_TIR,Vision por computador,0.93,
IT,2023,N,Administrative and support service activities,E_AI_TIR,Vision por computador,1.4,
LT,2023,N,Administrative and support service activities,E_AI_TIR,Vision por computador,0.66,
LU,2023,N,Administrative and support service activities,E_AI_TIR,Vision por computador,1.2,
LV,2023,N,Administrative and support service activities,E_AI_TIR,Vision por computador,1.04,
MT,2023,N,Administrative and support service activities,E_AI_TIR,Vision por computador,2.0,
NL,2023,N,Administrative and support service activities,E_AI_TIR,Vision por computador,3.08,
PL,2023,N,Administrative and support service activities,E_AI_TIR,Vision por computador,2.24,
PT,2023,N,Administrative and support service activities,E_AI_TIR,Vision por computador,2.68,
RO,2023,N,Administrative and support service activities,E_AI_TIR,Vision por computador,0.43,
SE,2023,N,Administrative and support service activities,E_AI_TIR,Vision por computador,1.82,b
SI,2023,N,Administrative and support service activities,E_AI_TIR,Vision por computador,2.9,
SK,2023,N,Administrative and support service activities,E_AI_TIR,Vision por computador,3.49,
AT,2023,N,Administrative and support service activities,E_AI_TML,Machine learning,2.88,
BE,2023,N,Administrative and support service activities,E_AI_TML,Machine learning,1.58,
BG,2023,N,Administrative and support service activities,E_AI_TML,Machine learning,,u
CY,2023,N,Administrative and support service activities,E_AI_TML,Machine learning,4.4,
CZ,2023,N,Administrative and support service activities,E_AI_TML,Machine learning,1.76,
DE,2023,N,Administrative and support service activities,E_AI_TML,Machine learning,2.21,
DK,2023,N,Administrative and support service activities,E_AI_TML,Machine learning,2.81,
EE,2023,N,Administrative and support service activities,E_AI_TML,Machine learning,1.83,
EL,2023,N,Administrative and support service activities,E_AI_TML,Machine learning,1.22,
ES,2023,N,Administrative and support service activities,E_AI_TML,Machine learning,3.3,
EU27_2020,2023,N,Administrative and support service activities,E_AI_TML,Machine learning,2.31,
FI,2023,N,Administrative and support service activities,E_AI_TML,Machine learning,9.14,
FR,2023,N,Administrative and support service activities,E_AI_TML,Machine learning,1.69,b
HR,2023,N,Administrative and support service activities,E_AI_TML,Machine learning,2.12,
HU,2023,N,Administrative and support service activities,E_AI_TML,Machine learning,0.81,
IE,2023,N,Administrative and support service activities,E_AI_TML,Machine learning,1.23,
IT,2023,N,Administrative and support service activities,E_AI_TML,Machine learning,3.07,
LT,2023,N,Administrative and support service activities,E_AI_TML,Machine learning,0.83,
LU,2023,N,Administrative and support service activities,E_AI_TML,Machine learning,3.38,
LV,2023,N,Administrative and support service activities,E_AI_TML,Machine learning,2.27,
MT,2023,N,Administrative and support service activities,E_AI_TML,Machine learning,4.43,
NL,2023,N,Administrative and support service activities,E_AI_TML,Machine learning,3.56,
PL,2023,N,Administrative and support service activities,E_AI_TML,Machine learning,1.08,
PT,2023,N,Administrative and support service activities,E_AI_TML,Machine learning,1.22,
RO,2023,N,Administrative and support service activities,E_AI_TML,Machine learning,1.01,
SE,2023,N,Administrative and support service activities,E_AI_TML,Machine learning,0.99,b
SI,2023,N,Administrative and support service activities,E_AI_TML,Machine learning,,@C
SK,2023,N,Administrative and support service activities,E_AI_TML,Machine learning,2.67,
AT,2023,N,Administrative and support service activities,E_AI_TNLG,Generacion de lenguaje,2.89,
BE,2023,N,Administrative and support service activities,E_AI_TNLG,Generacion de lenguaje,3.93,
BG,2023,N,Administrative and support service activities,E_AI_TNLG,Generacion de lenguaje,,u
CY,2023,N,Administrative and support service activities,E_AI_TNLG,Generacion de lenguaje,1.05,
CZ,2023,N,Administrative and support service activities,E_AI_TNLG,Generacion de lenguaje,1.1,
DE,2023,N,Administrative and support service activities,E_AI_TNLG,Generacion de lenguaje,4.45,
DK,2023,N,Administrative and support service activities,E_AI_TNLG,Generacion de lenguaje,1.44,
EE,2023,N,Administrative and support service activities,E_AI_TNLG,Generacion de lenguaje,0.5,
EL,2023,N,Administrative and support service activities,E_AI_TNLG,Generacion de lenguaje,1.14,
ES,2023,N,Administrative and support service activities,E_AI_TNLG,Generacion de lenguaje,2.01,
EU27_2020,2023,N,Administrative and support service activities,E_AI_TNLG,Generacion de lenguaje,2.52,
FI,2023,N,Administrative and support service activities,E_AI_TNLG,Generacion de lenguaje,2.37,
FR,2023,N,Administrative and support service activities,E_AI_TNLG,Generacion de lenguaje,0.59,b
HR,2023,N,Administrative and support service activities,E_AI_TNLG,Generacion de lenguaje,1.87,
HU,2023,N,Administrative and support service activities,E_AI_TNLG,Generacion de lenguaje,1.03,
IE,2023,N,Administrative and support service activities,E_AI_TNLG,Generacion de lenguaje,2.15,
IT,2023,N,Administrative and support service activities,E_AI_TNLG,Generacion de lenguaje,1.62,
LT,2023,N,Administrative and support service activities,E_AI_TNLG,Generacion de lenguaje,1.99,
LU,2023,N,Administrative and support service activities,E_AI_TNLG,Generacion de lenguaje,2.92,
LV,2023,N,Administrative and support service activities,E_AI_TNLG,Generacion de lenguaje,0.0,
MT,2023,N,Administrative and support service activities,E_AI_TNLG,Generacion de lenguaje,5.5,
NL,2023,N,Administrative and support service activities,E_AI_TNLG,Generacion de lenguaje,3.73,
PL,2023,N,Administrative and support service activities,E_AI_TNLG,Generacion de lenguaje,1.09,
PT,2023,N,Administrative and support service activities,E_AI_TNLG,Generacion de lenguaje,2.98,
RO,2023,N,Administrative and support service activities,E_AI_TNLG,Generacion de lenguaje,0.8,
SE,2023,N,Administrative and support service activities,E_AI_TNLG,Generacion de lenguaje,3.34,b
SI,2023,N,Administrative and support service activities,E_AI_TNLG,Generacion de lenguaje,,@C
SK,2023,N,Administrative and support service activities,E_AI_TNLG,Generacion de lenguaje,2.27,
AT,2023,N,Administrative and support service activities,E_AI_TPA,Automatizacion de procesos,2.27,
BE,2023,N,Administrative and support service activities,E_AI_TPA,Automatizacion de procesos,4.25,
BG,2023,N,Administrative and support service activities,E_AI_TPA,Automatizacion de procesos,2.05,
CY,2023,N,Administrative and support service activities,E_AI_TPA,Automatizacion de procesos,1.49,
CZ,2023,N,Administrative and support service activities,E_AI_TPA,Automatizacion de procesos,1.21,
DE,2023,N,Administrative and support service activities,E_AI_TPA,Automatizacion de procesos,2.39,
DK,2023,N,Administrative and support service activities,E_AI_TPA,Automatizacion de procesos,3.8,
EE,2023,N,Administrative and support service activities,E_AI_TPA,Automatizacion de procesos,4.36,
EL,2023,N,Administrative and support service activities,E_AI_TPA,Automatizacion de procesos,2.61,
ES,2023,N,Administrative and support service activities,E_AI_TPA,Automatizacion de procesos,3.19,
EU27_2020,2023,N,Administrative and support service activities,E_AI_TPA,Automatizacion de procesos,2.5,
FI,2023,N,Administrative and support service activities,E_AI_TPA,Automatizacion de procesos,12.32,
FR,2023,N,Administrative and support service activities,E_AI_TPA,Automatizacion de procesos,0.54,b
HR,2023,N,Administrative and support service activities,E_AI_TPA,Automatizacion de procesos,1.17,
HU,2023,N,Administrative and support service activities,E_AI_TPA,Automatizacion de procesos,1.0,
IE,2023,N,Administrative and support service activities,E_AI_TPA,Automatizacion de procesos,1.73,
IT,2023,N,Administrative and support service activities,E_AI_TPA,Automatizacion de procesos,2.21,
LT,2023,N,Administrative and support service activities,E_AI_TPA,Automatizacion de procesos,1.66,
LU,2023,N,Administrative and support service activities,E_AI_TPA,Automatizacion de procesos,1.02,
LV,2023,N,Administrative and support service activities,E_AI_TPA,Automatizacion de procesos,3.5,
MT,2023,N,Administrative and support service activities,E_AI_TPA,Automatizacion de procesos,3.57,
NL,2023,N,Administrative and support service activities,E_AI_TPA,Automatizacion de procesos,5.57,
PL,2023,N,Administrative and support service activities,E_AI_TPA,Automatizacion de procesos,2.42,
PT,2023,N,Administrative and support service activities,E_AI_TPA,Automatizacion de procesos,3.15,
RO,2023,N,Administrative and support service activities,E_AI_TPA,Automatizacion de procesos,1.15,
SE,2023,N,Administrative and support service activities,E_AI_TPA,Automatizacion de procesos,3.0,b
SI,2023,N,Administrative and support service activities,E_AI_TPA,Automatizacion de procesos,0.0,
SK,2023,N,Administrative and support service activities,E_AI_TPA,Automatizacion de procesos,4.94,
AT,2023,N,Administrative and support service activities,E_AI_TPVSG,Generacion de imagen/audio,,
BE,2023,N,Administrative and support service activities,E_AI_TPVSG,Generacion de imagen/audio,,
BG,2023,N,Administrative and support service activities,E_AI_TPVSG,Generacion de imagen/audio,,
CY,2023,N,Administrative and support service activities,E_AI_TPVSG,Generacion de imagen/audio,,
CZ,2023,N,Administrative and support service activities,E_AI_TPVSG,Generacion de imagen/audio,,
DE,2023,N,Administrative and support service activities,E_AI_TPVSG,Generacion de imagen/audio,,
DK,2023,N,Administrative and support service activities,E_AI_TPVSG,Generacion de imagen/audio,,
EE,2023,N,Administrative and support service activities,E_AI_TPVSG,Generacion de imagen/audio,,
EL,2023,N,Administrative and support service activities,E_AI_TPVSG,Generacion de imagen/audio,,
ES,2023,N,Administrative and support service activities,E_AI_TPVSG,Generacion de imagen/audio,,
EU27_2020,2023,N,Administrative and support service activities,E_AI_TPVSG,Generacion de imagen/audio,,
FI,2023,N,Administrative and support service activities,E_AI_TPVSG,Generacion de imagen/audio,,
FR,2023,N,Administrative and support service activities,E_AI_TPVSG,Generacion de imagen/audio,,
HR,2023,N,Administrative and support service activities,E_AI_TPVSG,Generacion de imagen/audio,,
HU,2023,N,Administrative and support service activities,E_AI_TPVSG,Generacion de imagen/audio,,
IE,2023,N,Administrative and support service activities,E_AI_TPVSG,Generacion de imagen/audio,,
IT,2023,N,Administrative and support service activities,E_AI_TPVSG,Generacion de imagen/audio,,
LT,2023,N,Administrative and support service activities,E_AI_TPVSG,Generacion de imagen/audio,,
LU,2023,N,Administrative and support service activities,E_AI_TPVSG,Generacion de imagen/audio,,
LV,2023,N,Administrative and support service activities,E_AI_TPVSG,Generacion de imagen/audio,,
MT,2023,N,Administrative and support service activities,E_AI_TPVSG,Generacion de imagen/audio,,
NL,2023,N,Administrative and support service activities,E_AI_TPVSG,Generacion de imagen/audio,,
PL,2023,N,Administrative and support service activities,E_AI_TPVSG,Generacion de imagen/audio,,
PT,2023,N,Administrative and support service activities,E_AI_TPVSG,Generacion de imagen/audio,,
RO,2023,N,Administrative and support service activities,E_AI_TPVSG,Generacion de imagen/audio,,
SE,2023,N,Administrative and support service activities,E_AI_TPVSG,Generacion de imagen/audio,,
SI,2023,N,Administrative and support service activities,E_AI_TPVSG,Generacion de imagen/audio,,
SK,2023,N,Administrative and support service activities,E_AI_TPVSG,Generacion de imagen/audio,,
AT,2023,N,Administrative and support service activities,E_AI_TSR,Reconocimiento de voz,1.88,
BE,2023,N,Administrative and support service activities,E_AI_TSR,Reconocimiento de voz,3.03,
BG,2023,N,Administrative and support service activities,E_AI_TSR,Reconocimiento de voz,,u
CY,2023,N,Administrative and support service activities,E_AI_TSR,Reconocimiento de voz,0.57,
CZ,2023,N,Administrative and support service activities,E_AI_TSR,Reconocimiento de voz,0.7,
DE,2023,N,Administrative and support service activities,E_AI_TSR,Reconocimiento de voz,5.26,
DK,2023,N,Administrative and support service activities,E_AI_TSR,Reconocimiento de voz,1.57,
EE,2023,N,Administrative and support service activities,E_AI_TSR,Reconocimiento de voz,1.89,
EL,2023,N,Administrative and support service activities,E_AI_TSR,Reconocimiento de voz,0.47,
ES,2023,N,Administrative and support service activities,E_AI_TSR,Reconocimiento de voz,3.15,
EU27_2020,2023,N,Administrative and support service activities,E_AI_TSR,Reconocimiento de voz,2.83,
FI,2023,N,Administrative and support service activities,E_AI_TSR,Reconocimiento de voz,3.18,
FR,2023,N,Administrative and support service activities,E_AI_TSR,Reconocimiento de voz,1.14,b
HR,2023,N,Administrative and support service activities,E_AI_TSR,Reconocimiento de voz,3.71,
HU,2023,N,Administrative and support service activities,E_AI_TSR,Reconocimiento de voz,0.79,
IE,2023,N,Administrative and support service activities,E_AI_TSR,Reconocimiento de voz,1.93,
IT,2023,N,Administrative and support service activities,E_AI_TSR,Reconocimiento de voz,1.73,
LT,2023,N,Administrative and support service activities,E_AI_TSR,Reconocimiento de voz,0.5,
LU,2023,N,Administrative and support service activities,E_AI_TSR,Reconocimiento de voz,3.66,
LV,2023,N,Administrative and support service activities,E_AI_TSR,Reconocimiento de voz,1.42,
MT,2023,N,Administrative and support service activities,E_AI_TSR,Reconocimiento de voz,1.71,
NL,2023,N,Administrative and support service activities,E_AI_TSR,Reconocimiento de voz,3.04,
PL,2023,N,Administrative and support service activities,E_AI_TSR,Reconocimiento de voz,1.31,
PT,2023,N,Administrative and support service activities,E_AI_TSR,Reconocimiento de voz,3.67,
RO,2023,N,Administrative and support service activities,E_AI_TSR,Reconocimiento de voz,0.5,
SE,2023,N,Administrative and support service activities,E_AI_TSR,Reconocimiento de voz,2.02,b
SI,2023,N,Administrative and support service activities,E_AI_TSR,Reconocimiento de voz,0.0,
SK,2023,N,Administrative and support service activities,E_AI_TSR,Reconocimiento de voz,2.88,
AT,2023,N,Administrative and support service activities,E_AI_TTM,Mineria de texto,4.38,
BE,2023,N,Administrative and support service activities,E_AI_TTM,Mineria de texto,5.58,
BG,2023,N,Administrative and support service activities,E_AI_TTM,Mineria de texto,,u
CY,2023,N,Administrative and support service activities,E_AI_TTM,Mineria de texto,0.72,
CZ,2023,N,Administrative and support service activities,E_AI_TTM,Mineria de texto,2.44,
DE,2023,N,Administrative and support service activities,E_AI_TTM,Mineria de texto,4.86,
DK,2023,N,Administrative and support service activities,E_AI_TTM,Mineria de texto,4.22,
EE,2023,N,Administrative and support service activities,E_AI_TTM,Mineria de texto,5.0,
EL,2023,N,Administrative and support service activities,E_AI_TTM,Mineria de texto,1.29,
ES,2023,N,Administrative and support service activities,E_AI_TTM,Mineria de texto,3.41,
EU27_2020,2023,N,Administrative and support service activities,E_AI_TTM,Mineria de texto,3.56,
FI,2023,N,Administrative and support service activities,E_AI_TTM,Mineria de texto,4.74,
FR,2023,N,Administrative and support service activities,E_AI_TTM,Mineria de texto,2.49,b
HR,2023,N,Administrative and support service activities,E_AI_TTM,Mineria de texto,2.4,
HU,2023,N,Administrative and support service activities,E_AI_TTM,Mineria de texto,1.71,
IE,2023,N,Administrative and support service activities,E_AI_TTM,Mineria de texto,3.59,
IT,2023,N,Administrative and support service activities,E_AI_TTM,Mineria de texto,3.4,
LT,2023,N,Administrative and support service activities,E_AI_TTM,Mineria de texto,2.65,
LU,2023,N,Administrative and support service activities,E_AI_TTM,Mineria de texto,10.12,
LV,2023,N,Administrative and support service activities,E_AI_TTM,Mineria de texto,1.42,
MT,2023,N,Administrative and support service activities,E_AI_TTM,Mineria de texto,7.11,
NL,2023,N,Administrative and support service activities,E_AI_TTM,Mineria de texto,4.84,
PL,2023,N,Administrative and support service activities,E_AI_TTM,Mineria de texto,1.01,
PT,2023,N,Administrative and support service activities,E_AI_TTM,Mineria de texto,4.19,
RO,2023,N,Administrative and support service activities,E_AI_TTM,Mineria de texto,1.31,
SE,2023,N,Administrative and support service activities,E_AI_TTM,Mineria de texto,1.38,b
SI,2023,N,Administrative and support service activities,E_AI_TTM,Mineria de texto,0.0,
SK,2023,N,Administrative and support service activities,E_AI_TTM,Mineria de texto,4.95,
AT,2024,C,Manufacturing,E_AI_TANY,Cualquier IA,22.71,
BE,2024,C,Manufacturing,E_AI_TANY,Cualquier IA,23.24,
BG,2024,C,Manufacturing,E_AI_TANY,Cualquier IA,4.35,
CY,2024,C,Manufacturing,E_AI_TANY,Cualquier IA,2.98,
CZ,2024,C,Manufacturing,E_AI_TANY,Cualquier IA,9.55,
DE,2024,C,Manufacturing,E_AI_TANY,Cualquier IA,16.11,
DK,2024,C,Manufacturing,E_AI_TANY,Cualquier IA,21.75,
EE,2024,C,Manufacturing,E_AI_TANY,Cualquier IA,9.77,
EL,2024,C,Manufacturing,E_AI_TANY,Cualquier IA,7.48,
ES,2024,C,Manufacturing,E_AI_TANY,Cualquier IA,9.81,
EU27_2020,2024,C,Manufacturing,E_AI_TANY,Cualquier IA,10.57,
FI,2024,C,Manufacturing,E_AI_TANY,Cualquier IA,20.75,
FR,2024,C,Manufacturing,E_AI_TANY,Cualquier IA,7.43,
HR,2024,C,Manufacturing,E_AI_TANY,Cualquier IA,9.71,
HU,2024,C,Manufacturing,E_AI_TANY,Cualquier IA,4.83,
IE,2024,C,Manufacturing,E_AI_TANY,Cualquier IA,17.51,
IT,2024,C,Manufacturing,E_AI_TANY,Cualquier IA,8.03,
LT,2024,C,Manufacturing,E_AI_TANY,Cualquier IA,8.81,
LU,2024,C,Manufacturing,E_AI_TANY,Cualquier IA,27.13,
LV,2024,C,Manufacturing,E_AI_TANY,Cualquier IA,8.39,
MT,2024,C,Manufacturing,E_AI_TANY,Cualquier IA,13.66,
NL,2024,C,Manufacturing,E_AI_TANY,Cualquier IA,18.03,
PL,2024,C,Manufacturing,E_AI_TANY,Cualquier IA,5.13,
PT,2024,C,Manufacturing,E_AI_TANY,Cualquier IA,6.78,
RO,2024,C,Manufacturing,E_AI_TANY,Cualquier IA,1.3,
SE,2024,C,Manufacturing,E_AI_TANY,Cualquier IA,19.49,
SI,2024,C,Manufacturing,E_AI_TANY,Cualquier IA,21.64,
SK,2024,C,Manufacturing,E_AI_TANY,Cualquier IA,8.08,
AT,2024,C,Manufacturing,E_AI_TAR,Robots autonomos,1.89,
BE,2024,C,Manufacturing,E_AI_TAR,Robots autonomos,3.7,
BG,2024,C,Manufacturing,E_AI_TAR,Robots autonomos,0.74,
CY,2024,C,Manufacturing,E_AI_TAR,Robots autonomos,1.03,
CZ,2024,C,Manufacturing,E_AI_TAR,Robots autonomos,1.43,
DE,2024,C,Manufacturing,E_AI_TAR,Robots autonomos,1.47,
DK,2024,C,Manufacturing,E_AI_TAR,Robots autonomos,3.04,
EE,2024,C,Manufacturing,E_AI_TAR,Robots autonomos,0.85,
EL,2024,C,Manufacturing,E_AI_TAR,Robots autonomos,0.16,
ES,2024,C,Manufacturing,E_AI_TAR,Robots autonomos,1.89,
EU27_2020,2024,C,Manufacturing,E_AI_TAR,Robots autonomos,1.46,
FI,2024,C,Manufacturing,E_AI_TAR,Robots autonomos,2.96,
FR,2024,C,Manufacturing,E_AI_TAR,Robots autonomos,1.24,
HR,2024,C,Manufacturing,E_AI_TAR,Robots autonomos,0.69,
HU,2024,C,Manufacturing,E_AI_TAR,Robots autonomos,0.95,
IE,2024,C,Manufacturing,E_AI_TAR,Robots autonomos,2.31,
IT,2024,C,Manufacturing,E_AI_TAR,Robots autonomos,1.31,
LT,2024,C,Manufacturing,E_AI_TAR,Robots autonomos,1.72,
LU,2024,C,Manufacturing,E_AI_TAR,Robots autonomos,4.36,
LV,2024,C,Manufacturing,E_AI_TAR,Robots autonomos,1.52,
MT,2024,C,Manufacturing,E_AI_TAR,Robots autonomos,2.35,
NL,2024,C,Manufacturing,E_AI_TAR,Robots autonomos,4.07,
PL,2024,C,Manufacturing,E_AI_TAR,Robots autonomos,0.82,
PT,2024,C,Manufacturing,E_AI_TAR,Robots autonomos,2.07,
RO,2024,C,Manufacturing,E_AI_TAR,Robots autonomos,0.21,
SE,2024,C,Manufacturing,E_AI_TAR,Robots autonomos,1.55,
SI,2024,C,Manufacturing,E_AI_TAR,Robots autonomos,2.54,
SK,2024,C,Manufacturing,E_AI_TAR,Robots autonomos,0.78,
AT,2024,C,Manufacturing,E_AI_TIR,Vision por computador,3.99,
BE,2024,C,Manufacturing,E_AI_TIR,Vision por computador,8.03,
BG,2024,C,Manufacturing,E_AI_TIR,Vision por computador,1.39,
CY,2024,C,Manufacturing,E_AI_TIR,Vision por computador,0.53,
CZ,2024,C,Manufacturing,E_AI_TIR,Vision por computador,2.03,
DE,2024,C,Manufacturing,E_AI_TIR,Vision por computador,3.77,
DK,2024,C,Manufacturing,E_AI_TIR,Vision por computador,4.1,
EE,2024,C,Manufacturing,E_AI_TIR,Vision por computador,2.45,
EL,2024,C,Manufacturing,E_AI_TIR,Vision por computador,1.3,
ES,2024,C,Manufacturing,E_AI_TIR,Vision por computador,3.31,
EU27_2020,2024,C,Manufacturing,E_AI_TIR,Vision por computador,2.74,
FI,2024,C,Manufacturing,E_AI_TIR,Vision por computador,5.35,
FR,2024,C,Manufacturing,E_AI_TIR,Vision por computador,1.82,
HR,2024,C,Manufacturing,E_AI_TIR,Vision por computador,2.76,
HU,2024,C,Manufacturing,E_AI_TIR,Vision por computador,1.55,
IE,2024,C,Manufacturing,E_AI_TIR,Vision por computador,2.48,
IT,2024,C,Manufacturing,E_AI_TIR,Vision por computador,1.72,
LT,2024,C,Manufacturing,E_AI_TIR,Vision por computador,2.48,
LU,2024,C,Manufacturing,E_AI_TIR,Vision por computador,5.42,
LV,2024,C,Manufacturing,E_AI_TIR,Vision por computador,3.1,
MT,2024,C,Manufacturing,E_AI_TIR,Vision por computador,6.74,
NL,2024,C,Manufacturing,E_AI_TIR,Vision por computador,3.99,
PL,2024,C,Manufacturing,E_AI_TIR,Vision por computador,1.75,
PT,2024,C,Manufacturing,E_AI_TIR,Vision por computador,3.35,
RO,2024,C,Manufacturing,E_AI_TIR,Vision por computador,0.32,
SE,2024,C,Manufacturing,E_AI_TIR,Vision por computador,3.67,
SI,2024,C,Manufacturing,E_AI_TIR,Vision por computador,15.17,
SK,2024,C,Manufacturing,E_AI_TIR,Vision por computador,2.12,
AT,2024,C,Manufacturing,E_AI_TML,Machine learning,6.18,
BE,2024,C,Manufacturing,E_AI_TML,Machine learning,6.67,
BG,2024,C,Manufacturing,E_AI_TML,Machine learning,0.87,
CY,2024,C,Manufacturing,E_AI_TML,Machine learning,1.23,
CZ,2024,C,Manufacturing,E_AI_TML,Machine learning,3.43,
DE,2024,C,Manufacturing,E_AI_TML,Machine learning,3.63,
DK,2024,C,Manufacturing,E_AI_TML,Machine learning,7.55,
EE,2024,C,Manufacturing,E_AI_TML,Machine learning,1.89,
EL,2024,C,Manufacturing,E_AI_TML,Machine learning,4.45,
ES,2024,C,Manufacturing,E_AI_TML,Machine learning,2.79,
EU27_2020,2024,C,Manufacturing,E_AI_TML,Machine learning,2.73,
FI,2024,C,Manufacturing,E_AI_TML,Machine learning,6.14,
FR,2024,C,Manufacturing,E_AI_TML,Machine learning,1.91,
HR,2024,C,Manufacturing,E_AI_TML,Machine learning,2.83,
HU,2024,C,Manufacturing,E_AI_TML,Machine learning,1.04,
IE,2024,C,Manufacturing,E_AI_TML,Machine learning,5.92,
IT,2024,C,Manufacturing,E_AI_TML,Machine learning,2.15,
LT,2024,C,Manufacturing,E_AI_TML,Machine learning,1.86,
LU,2024,C,Manufacturing,E_AI_TML,Machine learning,5.44,
LV,2024,C,Manufacturing,E_AI_TML,Machine learning,1.16,
MT,2024,C,Manufacturing,E_AI_TML,Machine learning,1.32,
NL,2024,C,Manufacturing,E_AI_TML,Machine learning,5.53,
PL,2024,C,Manufacturing,E_AI_TML,Machine learning,1.01,
PT,2024,C,Manufacturing,E_AI_TML,Machine learning,1.29,
RO,2024,C,Manufacturing,E_AI_TML,Machine learning,0.35,
SE,2024,C,Manufacturing,E_AI_TML,Machine learning,5.99,
SI,2024,C,Manufacturing,E_AI_TML,Machine learning,3.28,
SK,2024,C,Manufacturing,E_AI_TML,Machine learning,0.96,
AT,2024,C,Manufacturing,E_AI_TNLG,Generacion de lenguaje,9.14,
BE,2024,C,Manufacturing,E_AI_TNLG,Generacion de lenguaje,12.28,
BG,2024,C,Manufacturing,E_AI_TNLG,Generacion de lenguaje,0.89,
CY,2024,C,Manufacturing,E_AI_TNLG,Generacion de lenguaje,0.17,
CZ,2024,C,Manufacturing,E_AI_TNLG,Generacion de lenguaje,4.05,
DE,2024,C,Manufacturing,E_AI_TNLG,Generacion de lenguaje,4.08,
DK,2024,C,Manufacturing,E_AI_TNLG,Generacion de lenguaje,12.06,
EE,2024,C,Manufacturing,E_AI_TNLG,Generacion de lenguaje,4.62,
EL,2024,C,Manufacturing,E_AI_TNLG,Generacion de lenguaje,1.37,
ES,2024,C,Manufacturing,E_AI_TNLG,Generacion de lenguaje,2.38,
EU27_2020,2024,C,Manufacturing,E_AI_TNLG,Generacion de lenguaje,3.53,
FI,2024,C,Manufacturing,E_AI_TNLG,Generacion de lenguaje,12.02,
FR,2024,C,Manufacturing,E_AI_TNLG,Generacion de lenguaje,2.32,
HR,2024,C,Manufacturing,E_AI_TNLG,Generacion de lenguaje,2.91,
HU,2024,C,Manufacturing,E_AI_TNLG,Generacion de lenguaje,1.22,
IE,2024,C,Manufacturing,E_AI_TNLG,Generacion de lenguaje,7.4,
IT,2024,C,Manufacturing,E_AI_TNLG,Generacion de lenguaje,3.19,
LT,2024,C,Manufacturing,E_AI_TNLG,Generacion de lenguaje,3.25,
LU,2024,C,Manufacturing,E_AI_TNLG,Generacion de lenguaje,8.28,
LV,2024,C,Manufacturing,E_AI_TNLG,Generacion de lenguaje,2.26,
MT,2024,C,Manufacturing,E_AI_TNLG,Generacion de lenguaje,1.68,
NL,2024,C,Manufacturing,E_AI_TNLG,Generacion de lenguaje,7.73,
PL,2024,C,Manufacturing,E_AI_TNLG,Generacion de lenguaje,1.63,
PT,2024,C,Manufacturing,E_AI_TNLG,Generacion de lenguaje,1.48,
RO,2024,C,Manufacturing,E_AI_TNLG,Generacion de lenguaje,0.47,
SE,2024,C,Manufacturing,E_AI_TNLG,Generacion de lenguaje,8.15,
SI,2024,C,Manufacturing,E_AI_TNLG,Generacion de lenguaje,10.04,
SK,2024,C,Manufacturing,E_AI_TNLG,Generacion de lenguaje,2.8,
AT,2024,C,Manufacturing,E_AI_TPA,Automatizacion de procesos,3.97,
BE,2024,C,Manufacturing,E_AI_TPA,Automatizacion de procesos,9.46,
BG,2024,C,Manufacturing,E_AI_TPA,Automatizacion de procesos,1.84,
CY,2024,C,Manufacturing,E_AI_TPA,Automatizacion de procesos,1.4,
CZ,2024,C,Manufacturing,E_AI_TPA,Automatizacion de procesos,2.61,
DE,2024,C,Manufacturing,E_AI_TPA,Automatizacion de procesos,4.24,
DK,2024,C,Manufacturing,E_AI_TPA,Automatizacion de procesos,6.94,
EE,2024,C,Manufacturing,E_AI_TPA,Automatizacion de procesos,1.92,
EL,2024,C,Manufacturing,E_AI_TPA,Automatizacion de procesos,1.21,
ES,2024,C,Manufacturing,E_AI_TPA,Automatizacion de procesos,3.57,
EU27_2020,2024,C,Manufacturing,E_AI_TPA,Automatizacion de procesos,3.23,
FI,2024,C,Manufacturing,E_AI_TPA,Automatizacion de procesos,6.94,
FR,2024,C,Manufacturing,E_AI_TPA,Automatizacion de procesos,2.7,
HR,2024,C,Manufacturing,E_AI_TPA,Automatizacion de procesos,3.88,
HU,2024,C,Manufacturing,E_AI_TPA,Automatizacion de procesos,1.95,
IE,2024,C,Manufacturing,E_AI_TPA,Automatizacion de procesos,6.84,
IT,2024,C,Manufacturing,E_AI_TPA,Automatizacion de procesos,2.4,
LT,2024,C,Manufacturing,E_AI_TPA,Automatizacion de procesos,3.18,
LU,2024,C,Manufacturing,E_AI_TPA,Automatizacion de procesos,7.67,
LV,2024,C,Manufacturing,E_AI_TPA,Automatizacion de procesos,2.33,
MT,2024,C,Manufacturing,E_AI_TPA,Automatizacion de procesos,5.6,
NL,2024,C,Manufacturing,E_AI_TPA,Automatizacion de procesos,4.73,
PL,2024,C,Manufacturing,E_AI_TPA,Automatizacion de procesos,2.39,
PT,2024,C,Manufacturing,E_AI_TPA,Automatizacion de procesos,2.56,
RO,2024,C,Manufacturing,E_AI_TPA,Automatizacion de procesos,0.52,
SE,2024,C,Manufacturing,E_AI_TPA,Automatizacion de procesos,6.38,
SI,2024,C,Manufacturing,E_AI_TPA,Automatizacion de procesos,4.45,
SK,2024,C,Manufacturing,E_AI_TPA,Automatizacion de procesos,2.77,
AT,2024,C,Manufacturing,E_AI_TPVSG,Generacion de imagen/audio,,
BE,2024,C,Manufacturing,E_AI_TPVSG,Generacion de imagen/audio,,
BG,2024,C,Manufacturing,E_AI_TPVSG,Generacion de imagen/audio,,
CY,2024,C,Manufacturing,E_AI_TPVSG,Generacion de imagen/audio,,
CZ,2024,C,Manufacturing,E_AI_TPVSG,Generacion de imagen/audio,,
DE,2024,C,Manufacturing,E_AI_TPVSG,Generacion de imagen/audio,,
DK,2024,C,Manufacturing,E_AI_TPVSG,Generacion de imagen/audio,,
EE,2024,C,Manufacturing,E_AI_TPVSG,Generacion de imagen/audio,,
EL,2024,C,Manufacturing,E_AI_TPVSG,Generacion de imagen/audio,,
ES,2024,C,Manufacturing,E_AI_TPVSG,Generacion de imagen/audio,,
EU27_2020,2024,C,Manufacturing,E_AI_TPVSG,Generacion de imagen/audio,,
FI,2024,C,Manufacturing,E_AI_TPVSG,Generacion de imagen/audio,,
FR,2024,C,Manufacturing,E_AI_TPVSG,Generacion de imagen/audio,,
HR,2024,C,Manufacturing,E_AI_TPVSG,Generacion de imagen/audio,,
HU,2024,C,Manufacturing,E_AI_TPVSG,Generacion de imagen/audio,,
IE,2024,C,Manufacturing,E_AI_TPVSG,Generacion de imagen/audio,,
IT,2024,C,Manufacturing,E_AI_TPVSG,Generacion de imagen/audio,,
LT,2024,C,Manufacturing,E_AI_TPVSG,Generacion de imagen/audio,,
LU,2024,C,Manufacturing,E_AI_TPVSG,Generacion de imagen/audio,,
LV,2024,C,Manufacturing,E_AI_TPVSG,Generacion de imagen/audio,,
MT,2024,C,Manufacturing,E_AI_TPVSG,Generacion de imagen/audio,,
NL,2024,C,Manufacturing,E_AI_TPVSG,Generacion de imagen/audio,,
PL,2024,C,Manufacturing,E_AI_TPVSG,Generacion de imagen/audio,,
PT,2024,C,Manufacturing,E_AI_TPVSG,Generacion de imagen/audio,,
RO,2024,C,Manufacturing,E_AI_TPVSG,Generacion de imagen/audio,,
SE,2024,C,Manufacturing,E_AI_TPVSG,Generacion de imagen/audio,,
SI,2024,C,Manufacturing,E_AI_TPVSG,Generacion de imagen/audio,,
SK,2024,C,Manufacturing,E_AI_TPVSG,Generacion de imagen/audio,,
AT,2024,C,Manufacturing,E_AI_TSR,Reconocimiento de voz,5.61,
BE,2024,C,Manufacturing,E_AI_TSR,Reconocimiento de voz,6.32,
BG,2024,C,Manufacturing,E_AI_TSR,Reconocimiento de voz,0.69,
CY,2024,C,Manufacturing,E_AI_TSR,Reconocimiento de voz,0.19,
CZ,2024,C,Manufacturing,E_AI_TSR,Reconocimiento de voz,1.27,
DE,2024,C,Manufacturing,E_AI_TSR,Reconocimiento de voz,5.99,
DK,2024,C,Manufacturing,E_AI_TSR,Reconocimiento de voz,5.86,
EE,2024,C,Manufacturing,E_AI_TSR,Reconocimiento de voz,0.88,
EL,2024,C,Manufacturing,E_AI_TSR,Reconocimiento de voz,1.06,
ES,2024,C,Manufacturing,E_AI_TSR,Reconocimiento de voz,2.19,
EU27_2020,2024,C,Manufacturing,E_AI_TSR,Reconocimiento de voz,2.94,
FI,2024,C,Manufacturing,E_AI_TSR,Reconocimiento de voz,6.09,
FR,2024,C,Manufacturing,E_AI_TSR,Reconocimiento de voz,1.66,
HR,2024,C,Manufacturing,E_AI_TSR,Reconocimiento de voz,2.1,
HU,2024,C,Manufacturing,E_AI_TSR,Reconocimiento de voz,1.14,
IE,2024,C,Manufacturing,E_AI_TSR,Reconocimiento de voz,5.8,
IT,2024,C,Manufacturing,E_AI_TSR,Reconocimiento de voz,2.64,
LT,2024,C,Manufacturing,E_AI_TSR,Reconocimiento de voz,2.08,
LU,2024,C,Manufacturing,E_AI_TSR,Reconocimiento de voz,9.51,
LV,2024,C,Manufacturing,E_AI_TSR,Reconocimiento de voz,2.22,
MT,2024,C,Manufacturing,E_AI_TSR,Reconocimiento de voz,2.3,
NL,2024,C,Manufacturing,E_AI_TSR,Reconocimiento de voz,3.13,
PL,2024,C,Manufacturing,E_AI_TSR,Reconocimiento de voz,0.91,
PT,2024,C,Manufacturing,E_AI_TSR,Reconocimiento de voz,0.86,
RO,2024,C,Manufacturing,E_AI_TSR,Reconocimiento de voz,0.17,
SE,2024,C,Manufacturing,E_AI_TSR,Reconocimiento de voz,3.22,
SI,2024,C,Manufacturing,E_AI_TSR,Reconocimiento de voz,2.85,
SK,2024,C,Manufacturing,E_AI_TSR,Reconocimiento de voz,3.04,
AT,2024,C,Manufacturing,E_AI_TTM,Mineria de texto,14.03,
BE,2024,C,Manufacturing,E_AI_TTM,Mineria de texto,10.64,
BG,2024,C,Manufacturing,E_AI_TTM,Mineria de texto,2.05,
CY,2024,C,Manufacturing,E_AI_TTM,Mineria de texto,0.72,
CZ,2024,C,Manufacturing,E_AI_TTM,Mineria de texto,4.57,
DE,2024,C,Manufacturing,E_AI_TTM,Mineria de texto,7.08,
DK,2024,C,Manufacturing,E_AI_TTM,Mineria de texto,9.9,
EE,2024,C,Manufacturing,E_AI_TTM,Mineria de texto,4.44,
EL,2024,C,Manufacturing,E_AI_TTM,Mineria de texto,1.11,
ES,2024,C,Manufacturing,E_AI_TTM,Mineria de texto,3.17,
EU27_2020,2024,C,Manufacturing,E_AI_TTM,Mineria de texto,4.58,
FI,2024,C,Manufacturing,E_AI_TTM,Mineria de texto,13.28,
FR,2024,C,Manufacturing,E_AI_TTM,Mineria de texto,3.06,
HR,2024,C,Manufacturing,E_AI_TTM,Mineria de texto,5.52,
HU,2024,C,Manufacturing,E_AI_TTM,Mineria de texto,1.37,
IE,2024,C,Manufacturing,E_AI_TTM,Mineria de texto,8.06,
IT,2024,C,Manufacturing,E_AI_TTM,Mineria de texto,3.96,
LT,2024,C,Manufacturing,E_AI_TTM,Mineria de texto,6.17,
LU,2024,C,Manufacturing,E_AI_TTM,Mineria de texto,16.38,
LV,2024,C,Manufacturing,E_AI_TTM,Mineria de texto,4.55,
MT,2024,C,Manufacturing,E_AI_TTM,Mineria de texto,2.64,
NL,2024,C,Manufacturing,E_AI_TTM,Mineria de texto,8.67,
PL,2024,C,Manufacturing,E_AI_TTM,Mineria de texto,1.02,
PT,2024,C,Manufacturing,E_AI_TTM,Mineria de texto,1.97,
RO,2024,C,Manufacturing,E_AI_TTM,Mineria de texto,0.77,
SE,2024,C,Manufacturing,E_AI_TTM,Mineria de texto,9.43,
SI,2024,C,Manufacturing,E_AI_TTM,Mineria de texto,2.84,
SK,2024,C,Manufacturing,E_AI_TTM,Mineria de texto,3.72,
AT,2024,D_E,"Electricity, gas, steam and air conditioning supply; water supply; sewerage, waste management and remediation activities",E_AI_TANY,Cualquier IA,26.36,
BE,2024,D_E,"Electricity, gas, steam and air conditioning supply; water supply; sewerage, waste management and remediation activities",E_AI_TANY,Cualquier IA,,u
BG,2024,D_E,"Electricity, gas, steam and air conditioning supply; water supply; sewerage, waste management and remediation activities",E_AI_TANY,Cualquier IA,4.64,
CY,2024,D_E,"Electricity, gas, steam and air conditioning supply; water supply; sewerage, waste management and remediation activities",E_AI_TANY,Cualquier IA,1.89,
CZ,2024,D_E,"Electricity, gas, steam and air conditioning supply; water supply; sewerage, waste management and remediation activities",E_AI_TANY,Cualquier IA,6.36,
DE,2024,D_E,"Electricity, gas, steam and air conditioning supply; water supply; sewerage, waste management and remediation activities",E_AI_TANY,Cualquier IA,17.55,
DK,2024,D_E,"Electricity, gas, steam and air conditioning supply; water supply; sewerage, waste management and remediation activities",E_AI_TANY,Cualquier IA,,u
EE,2024,D_E,"Electricity, gas, steam and air conditioning supply; water supply; sewerage, waste management and remediation activities",E_AI_TANY,Cualquier IA,11.04,
EL,2024,D_E,"Electricity, gas, steam and air conditioning supply; water supply; sewerage, waste management and remediation activities",E_AI_TANY,Cualquier IA,15.19,
ES,2024,D_E,"Electricity, gas, steam and air conditioning supply; water supply; sewerage, waste management and remediation activities",E_AI_TANY,Cualquier IA,13.81,
EU27_2020,2024,D_E,"Electricity, gas, steam and air conditioning supply; water supply; sewerage, waste management and remediation activities",E_AI_TANY,Cualquier IA,12.62,
FI,2024,D_E,"Electricity, gas, steam and air conditioning supply; water supply; sewerage, waste management and remediation activities",E_AI_TANY,Cualquier IA,36.85,
FR,2024,D_E,"Electricity, gas, steam and air conditioning supply; water supply; sewerage, waste management and remediation activities",E_AI_TANY,Cualquier IA,9.37,
HR,2024,D_E,"Electricity, gas, steam and air conditioning supply; water supply; sewerage, waste management and remediation activities",E_AI_TANY,Cualquier IA,7.57,
HU,2024,D_E,"Electricity, gas, steam and air conditioning supply; water supply; sewerage, waste management and remediation activities",E_AI_TANY,Cualquier IA,6.82,
IE,2024,D_E,"Electricity, gas, steam and air conditioning supply; water supply; sewerage, waste management and remediation activities",E_AI_TANY,Cualquier IA,18.54,
IT,2024,D_E,"Electricity, gas, steam and air conditioning supply; water supply; sewerage, waste management and remediation activities",E_AI_TANY,Cualquier IA,7.87,
LT,2024,D_E,"Electricity, gas, steam and air conditioning supply; water supply; sewerage, waste management and remediation activities",E_AI_TANY,Cualquier IA,9.75,
LU,2024,D_E,"Electricity, gas, steam and air conditioning supply; water supply; sewerage, waste management and remediation activities",E_AI_TANY,Cualquier IA,16.31,
LV,2024,D_E,"Electricity, gas, steam and air conditioning supply; water supply; sewerage, waste management and remediation activities",E_AI_TANY,Cualquier IA,9.32,
MT,2024,D_E,"Electricity, gas, steam and air conditioning supply; water supply; sewerage, waste management and remediation activities",E_AI_TANY,Cualquier IA,,u
NL,2024,D_E,"Electricity, gas, steam and air conditioning supply; water supply; sewerage, waste management and remediation activities",E_AI_TANY,Cualquier IA,22.61,
PL,2024,D_E,"Electricity, gas, steam and air conditioning supply; water supply; sewerage, waste management and remediation activities",E_AI_TANY,Cualquier IA,3.72,
PT,2024,D_E,"Electricity, gas, steam and air conditioning supply; water supply; sewerage, waste management and remediation activities",E_AI_TANY,Cualquier IA,10.98,
RO,2024,D_E,"Electricity, gas, steam and air conditioning supply; water supply; sewerage, waste management and remediation activities",E_AI_TANY,Cualquier IA,2.55,
SE,2024,D_E,"Electricity, gas, steam and air conditioning supply; water supply; sewerage, waste management and remediation activities",E_AI_TANY,Cualquier IA,29.76,
SI,2024,D_E,"Electricity, gas, steam and air conditioning supply; water supply; sewerage, waste management and remediation activities",E_AI_TANY,Cualquier IA,14.55,
SK,2024,D_E,"Electricity, gas, steam and air conditioning supply; water supply; sewerage, waste management and remediation activities",E_AI_TANY,Cualquier IA,8.67,
AT,2024,D_E,"Electricity, gas, steam and air conditioning supply; water supply; sewerage, waste management and remediation activities",E_AI_TAR,Robots autonomos,3.1,
BE,2024,D_E,"Electricity, gas, steam and air conditioning supply; water supply; sewerage, waste management and remediation activities",E_AI_TAR,Robots autonomos,1.27,
BG,2024,D_E,"Electricity, gas, steam and air conditioning supply; water supply; sewerage, waste management and remediation activities",E_AI_TAR,Robots autonomos,0.0,
CY,2024,D_E,"Electricity, gas, steam and air conditioning supply; water supply; sewerage, waste management and remediation activities",E_AI_TAR,Robots autonomos,0.0,
CZ,2024,D_E,"Electricity, gas, steam and air conditioning supply; water supply; sewerage, waste management and remediation activities",E_AI_TAR,Robots autonomos,0.33,
DE,2024,D_E,"Electricity, gas, steam and air conditioning supply; water supply; sewerage, waste management and remediation activities",E_AI_TAR,Robots autonomos,1.22,
DK,2024,D_E,"Electricity, gas, steam and air conditioning supply; water supply; sewerage, waste management and remediation activities",E_AI_TAR,Robots autonomos,0.61,
EE,2024,D_E,"Electricity, gas, steam and air conditioning supply; water supply; sewerage, waste management and remediation activities",E_AI_TAR,Robots autonomos,0.0,
EL,2024,D_E,"Electricity, gas, steam and air conditioning supply; water supply; sewerage, waste management and remediation activities",E_AI_TAR,Robots autonomos,2.02,
ES,2024,D_E,"Electricity, gas, steam and air conditioning supply; water supply; sewerage, waste management and remediation activities",E_AI_TAR,Robots autonomos,2.96,
EU27_2020,2024,D_E,"Electricity, gas, steam and air conditioning supply; water supply; sewerage, waste management and remediation activities",E_AI_TAR,Robots autonomos,1.13,
FI,2024,D_E,"Electricity, gas, steam and air conditioning supply; water supply; sewerage, waste management and remediation activities",E_AI_TAR,Robots autonomos,0.49,
FR,2024,D_E,"Electricity, gas, steam and air conditioning supply; water supply; sewerage, waste management and remediation activities",E_AI_TAR,Robots autonomos,1.45,
HR,2024,D_E,"Electricity, gas, steam and air conditioning supply; water supply; sewerage, waste management and remediation activities",E_AI_TAR,Robots autonomos,0.0,
HU,2024,D_E,"Electricity, gas, steam and air conditioning supply; water supply; sewerage, waste management and remediation activities",E_AI_TAR,Robots autonomos,1.09,
IE,2024,D_E,"Electricity, gas, steam and air conditioning supply; water supply; sewerage, waste management and remediation activities",E_AI_TAR,Robots autonomos,12.36,
IT,2024,D_E,"Electricity, gas, steam and air conditioning supply; water supply; sewerage, waste management and remediation activities",E_AI_TAR,Robots autonomos,0.58,
LT,2024,D_E,"Electricity, gas, steam and air conditioning supply; water supply; sewerage, waste management and remediation activities",E_AI_TAR,Robots autonomos,2.12,
LU,2024,D_E,"Electricity, gas, steam and air conditioning supply; water supply; sewerage, waste management and remediation activities",E_AI_TAR,Robots autonomos,0.0,
LV,2024,D_E,"Electricity, gas, steam and air conditioning supply; water supply; sewerage, waste management and remediation activities",E_AI_TAR,Robots autonomos,0.81,
MT,2024,D_E,"Electricity, gas, steam and air conditioning supply; water supply; sewerage, waste management and remediation activities",E_AI_TAR,Robots autonomos,,u
NL,2024,D_E,"Electricity, gas, steam and air conditioning supply; water supply; sewerage, waste management and remediation activities",E_AI_TAR,Robots autonomos,1.29,
PL,2024,D_E,"Electricity, gas, steam and air conditioning supply; water supply; sewerage, waste management and remediation activities",E_AI_TAR,Robots autonomos,0.04,
PT,2024,D_E,"Electricity, gas, steam and air conditioning supply; water supply; sewerage, waste management and remediation activities",E_AI_TAR,Robots autonomos,0.69,
RO,2024,D_E,"Electricity, gas, steam and air conditioning supply; water supply; sewerage, waste management and remediation activities",E_AI_TAR,Robots autonomos,1.0,
SE,2024,D_E,"Electricity, gas, steam and air conditioning supply; water supply; sewerage, waste management and remediation activities",E_AI_TAR,Robots autonomos,1.06,
SI,2024,D_E,"Electricity, gas, steam and air conditioning supply; water supply; sewerage, waste management and remediation activities",E_AI_TAR,Robots autonomos,0.0,
SK,2024,D_E,"Electricity, gas, steam and air conditioning supply; water supply; sewerage, waste management and remediation activities",E_AI_TAR,Robots autonomos,0.0,
AT,2024,D_E,"Electricity, gas, steam and air conditioning supply; water supply; sewerage, waste management and remediation activities",E_AI_TIR,Vision por computador,8.37,
BE,2024,D_E,"Electricity, gas, steam and air conditioning supply; water supply; sewerage, waste management and remediation activities",E_AI_TIR,Vision por computador,3.74,
BG,2024,D_E,"Electricity, gas, steam and air conditioning supply; water supply; sewerage, waste management and remediation activities",E_AI_TIR,Vision por computador,,u
CY,2024,D_E,"Electricity, gas, steam and air conditioning supply; water supply; sewerage, waste management and remediation activities",E_AI_TIR,Vision por computador,1.89,
CZ,2024,D_E,"Electricity, gas, steam and air conditioning supply; water supply; sewerage, waste management and remediation activities",E_AI_TIR,Vision por computador,0.9,
DE,2024,D_E,"Electricity, gas, steam and air conditioning supply; water supply; sewerage, waste management and remediation activities",E_AI_TIR,Vision por computador,4.53,
DK,2024,D_E,"Electricity, gas, steam and air conditioning supply; water supply; sewerage, waste management and remediation activities",E_AI_TIR,Vision por computador,,u
EE,2024,D_E,"Electricity, gas, steam and air conditioning supply; water supply; sewerage, waste management and remediation activities",E_AI_TIR,Vision por computador,1.09,
EL,2024,D_E,"Electricity, gas, steam and air conditioning supply; water supply; sewerage, waste management and remediation activities",E_AI_TIR,Vision por computador,1.63,
ES,2024,D_E,"Electricity, gas, steam and air conditioning supply; water supply; sewerage, waste management and remediation activities",E_AI_TIR,Vision por computador,4.85,
EU27_2020,2024,D_E,"Electricity, gas, steam and air conditioning supply; water supply; sewerage, waste management and remediation activities",E_AI_TIR,Vision por computador,3.16,
FI,2024,D_E,"Electricity, gas, steam and air conditioning supply; water supply; sewerage, waste management and remediation activities",E_AI_TIR,Vision por computador,4.68,
FR,2024,D_E,"Electricity, gas, steam and air conditioning supply; water supply; sewerage, waste management and remediation activities",E_AI_TIR,Vision por computador,3.02,
HR,2024,D_E,"Electricity, gas, steam and air conditioning supply; water supply; sewerage, waste management and remediation activities",E_AI_TIR,Vision por computador,3.01,
HU,2024,D_E,"Electricity, gas, steam and air conditioning supply; water supply; sewerage, waste management and remediation activities",E_AI_TIR,Vision por computador,2.32,
IE,2024,D_E,"Electricity, gas, steam and air conditioning supply; water supply; sewerage, waste management and remediation activities",E_AI_TIR,Vision por computador,0.0,
IT,2024,D_E,"Electricity, gas, steam and air conditioning supply; water supply; sewerage, waste management and remediation activities",E_AI_TIR,Vision por computador,2.16,
LT,2024,D_E,"Electricity, gas, steam and air conditioning supply; water supply; sewerage, waste management and remediation activities",E_AI_TIR,Vision por computador,3.81,
LU,2024,D_E,"Electricity, gas, steam and air conditioning supply; water supply; sewerage, waste management and remediation activities",E_AI_TIR,Vision por computador,10.17,
LV,2024,D_E,"Electricity, gas, steam and air conditioning supply; water supply; sewerage, waste management and remediation activities",E_AI_TIR,Vision por computador,4.27,
MT,2024,D_E,"Electricity, gas, steam and air conditioning supply; water supply; sewerage, waste management and remediation activities",E_AI_TIR,Vision por computador,,u
NL,2024,D_E,"Electricity, gas, steam and air conditioning supply; water supply; sewerage, waste management and remediation activities",E_AI_TIR,Vision por computador,4.49,
PL,2024,D_E,"Electricity, gas, steam and air conditioning supply; water supply; sewerage, waste management and remediation activities",E_AI_TIR,Vision por computador,0.86,
PT,2024,D_E,"Electricity, gas, steam and air conditioning supply; water supply; sewerage, waste management and remediation activities",E_AI_TIR,Vision por computador,3.48,
RO,2024,D_E,"Electricity, gas, steam and air conditioning supply; water supply; sewerage, waste management and remediation activities",E_AI_TIR,Vision por computador,0.9,
SE,2024,D_E,"Electricity, gas, steam and air conditioning supply; water supply; sewerage, waste management and remediation activities",E_AI_TIR,Vision por computador,6.99,
SI,2024,D_E,"Electricity, gas, steam and air conditioning supply; water supply; sewerage, waste management and remediation activities",E_AI_TIR,Vision por computador,5.05,
SK,2024,D_E,"Electricity, gas, steam and air conditioning supply; water supply; sewerage, waste management and remediation activities",E_AI_TIR,Vision por computador,2.56,
AT,2024,D_E,"Electricity, gas, steam and air conditioning supply; water supply; sewerage, waste management and remediation activities",E_AI_TML,Machine learning,10.6,
BE,2024,D_E,"Electricity, gas, steam and air conditioning supply; water supply; sewerage, waste management and remediation activities",E_AI_TML,Machine learning,11.58,
BG,2024,D_E,"Electricity, gas, steam and air conditioning supply; water supply; sewerage, waste management and remediation activities",E_AI_TML,Machine learning,0.0,
CY,2024,D_E,"Electricity, gas, steam and air conditioning supply; water supply; sewerage, waste management and remediation activities",E_AI_TML,Machine learning,0.0,
CZ,2024,D_E,"Electricity, gas, steam and air conditioning supply; water supply; sewerage, waste management and remediation activities",E_AI_TML,Machine learning,1.8,
DE,2024,D_E,"Electricity, gas, steam and air conditioning supply; water supply; sewerage, waste management and remediation activities",E_AI_TML,Machine learning,5.88,
DK,2024,D_E,"Electricity, gas, steam and air conditioning supply; water supply; sewerage, waste management and remediation activities",E_AI_TML,Machine learning,15.1,
EE,2024,D_E,"Electricity, gas, steam and air conditioning supply; water supply; sewerage, waste management and remediation activities",E_AI_TML,Machine learning,4.39,
EL,2024,D_E,"Electricity, gas, steam and air conditioning supply; water supply; sewerage, waste management and remediation activities",E_AI_TML,Machine learning,10.79,
ES,2024,D_E,"Electricity, gas, steam and air conditioning supply; water supply; sewerage, waste management and remediation activities",E_AI_TML,Machine learning,6.55,
EU27_2020,2024,D_E,"Electricity, gas, steam and air conditioning supply; water supply; sewerage, waste management and remediation activities",E_AI_TML,Machine learning,4.75,
FI,2024,D_E,"Electricity, gas, steam and air conditioning supply; water supply; sewerage, waste management and remediation activities",E_AI_TML,Machine learning,15.54,
FR,2024,D_E,"Electricity, gas, steam and air conditioning supply; water supply; sewerage, waste management and remediation activities",E_AI_TML,Machine learning,2.97,
HR,2024,D_E,"Electricity, gas, steam and air conditioning supply; water supply; sewerage, waste management and remediation activities",E_AI_TML,Machine learning,2.63,
HU,2024,D_E,"Electricity, gas, steam and air conditioning supply; water supply; sewerage, waste management and remediation activities",E_AI_TML,Machine learning,2.04,
IE,2024,D_E,"Electricity, gas, steam and air conditioning supply; water supply; sewerage, waste management and remediation activities",E_AI_TML,Machine learning,3.51,
IT,2024,D_E,"Electricity, gas, steam and air conditioning supply; water supply; sewerage, waste management and remediation activities",E_AI_TML,Machine learning,3.09,
LT,2024,D_E,"Electricity, gas, steam and air conditioning supply; water supply; sewerage, waste management and remediation activities",E_AI_TML,Machine learning,1.69,
LU,2024,D_E,"Electricity, gas, steam and air conditioning supply; water supply; sewerage, waste management and remediation activities",E_AI_TML,Machine learning,8.71,
LV,2024,D_E,"Electricity, gas, steam and air conditioning supply; water supply; sewerage, waste management and remediation activities",E_AI_TML,Machine learning,1.7,
MT,2024,D_E,"Electricity, gas, steam and air conditioning supply; water supply; sewerage, waste management and remediation activities",E_AI_TML,Machine learning,,u
NL,2024,D_E,"Electricity, gas, steam and air conditioning supply; water supply; sewerage, waste management and remediation activities",E_AI_TML,Machine learning,6.36,
PL,2024,D_E,"Electricity, gas, steam and air conditioning supply; water supply; sewerage, waste management and remediation activities",E_AI_TML,Machine learning,1.44,
PT,2024,D_E,"Electricity, gas, steam and air conditioning supply; water supply; sewerage, waste management and remediation activities",E_AI_TML,Machine learning,7.3,
RO,2024,D_E,"Electricity, gas, steam and air conditioning supply; water supply; sewerage, waste management and remediation activities",E_AI_TML,Machine learning,1.63,
SE,2024,D_E,"Electricity, gas, steam and air conditioning supply; water supply; sewerage, waste management and remediation activities",E_AI_TML,Machine learning,12.67,
SI,2024,D_E,"Electricity, gas, steam and air conditioning supply; water supply; sewerage, waste management and remediation activities",E_AI_TML,Machine learning,3.8,
SK,2024,D_E,"Electricity, gas, steam and air conditioning supply; water supply; sewerage, waste management and remediation activities",E_AI_TML,Machine learning,2.61,
AT,2024,D_E,"Electricity, gas, steam and air conditioning supply; water supply; sewerage, waste management and remediation activities",E_AI_TNLG,Generacion de lenguaje,7.96,
BE,2024,D_E,"Electricity, gas, steam and air conditioning supply; water supply; sewerage, waste management and remediation activities",E_AI_TNLG,Generacion de lenguaje,,u
BG,2024,D_E,"Electricity, gas, steam and air conditioning supply; water supply; sewerage, waste management and remediation activities",E_AI_TNLG,Generacion de lenguaje,,u
CY,2024,D_E,"Electricity, gas, steam and air conditioning supply; water supply; sewerage, waste management and remediation activities",E_AI_TNLG,Generacion de lenguaje,0.0,
CZ,2024,D_E,"Electricity, gas, steam and air conditioning supply; water supply; sewerage, waste management and remediation activities",E_AI_TNLG,Generacion de lenguaje,1.81,
DE,2024,D_E,"Electricity, gas, steam and air conditioning supply; water supply; sewerage, waste management and remediation activities",E_AI_TNLG,Generacion de lenguaje,5.29,
DK,2024,D_E,"Electricity, gas, steam and air conditioning supply; water supply; sewerage, waste management and remediation activities",E_AI_TNLG,Generacion de lenguaje,,u
EE,2024,D_E,"Electricity, gas, steam and air conditioning supply; water supply; sewerage, waste management and remediation activities",E_AI_TNLG,Generacion de lenguaje,3.3,
EL,2024,D_E,"Electricity, gas, steam and air conditioning supply; water supply; sewerage, waste management and remediation activities",E_AI_TNLG,Generacion de lenguaje,1.97,
ES,2024,D_E,"Electricity, gas, steam and air conditioning supply; water supply; sewerage, waste management and remediation activities",E_AI_TNLG,Generacion de lenguaje,4.65,
EU27_2020,2024,D_E,"Electricity, gas, steam and air conditioning supply; water supply; sewerage, waste management and remediation activities",E_AI_TNLG,Generacion de lenguaje,4.0,
FI,2024,D_E,"Electricity, gas, steam and air conditioning supply; water supply; sewerage, waste management and remediation activities",E_AI_TNLG,Generacion de lenguaje,15.01,
FR,2024,D_E,"Electricity, gas, steam and air conditioning supply; water supply; sewerage, waste management and remediation activities",E_AI_TNLG,Generacion de lenguaje,2.07,
HR,2024,D_E,"Electricity, gas, steam and air conditioning supply; water supply; sewerage, waste management and remediation activities",E_AI_TNLG,Generacion de lenguaje,2.44,
HU,2024,D_E,"Electricity, gas, steam and air conditioning supply; water supply; sewerage, waste management and remediation activities",E_AI_TNLG,Generacion de lenguaje,2.04,
IE,2024,D_E,"Electricity, gas, steam and air conditioning supply; water supply; sewerage, waste management and remediation activities",E_AI_TNLG,Generacion de lenguaje,2.25,
IT,2024,D_E,"Electricity, gas, steam and air conditioning supply; water supply; sewerage, waste management and remediation activities",E_AI_TNLG,Generacion de lenguaje,3.31,
LT,2024,D_E,"Electricity, gas, steam and air conditioning supply; water supply; sewerage, waste management and remediation activities",E_AI_TNLG,Generacion de lenguaje,4.24,
LU,2024,D_E,"Electricity, gas, steam and air conditioning supply; water supply; sewerage, waste management and remediation activities",E_AI_TNLG,Generacion de lenguaje,7.72,
LV,2024,D_E,"Electricity, gas, steam and air conditioning supply; water supply; sewerage, waste management and remediation activities",E_AI_TNLG,Generacion de lenguaje,0.57,
MT,2024,D_E,"Electricity, gas, steam and air conditioning supply; water supply; sewerage, waste management and remediation activities",E_AI_TNLG,Generacion de lenguaje,,u
NL,2024,D_E,"Electricity, gas, steam and air conditioning supply; water supply; sewerage, waste management and remediation activities",E_AI_TNLG,Generacion de lenguaje,8.12,
PL,2024,D_E,"Electricity, gas, steam and air conditioning supply; water supply; sewerage, waste management and remediation activities",E_AI_TNLG,Generacion de lenguaje,0.98,
PT,2024,D_E,"Electricity, gas, steam and air conditioning supply; water supply; sewerage, waste management and remediation activities",E_AI_TNLG,Generacion de lenguaje,3.74,
RO,2024,D_E,"Electricity, gas, steam and air conditioning supply; water supply; sewerage, waste management and remediation activities",E_AI_TNLG,Generacion de lenguaje,1.13,
SE,2024,D_E,"Electricity, gas, steam and air conditioning supply; water supply; sewerage, waste management and remediation activities",E_AI_TNLG,Generacion de lenguaje,10.5,
SI,2024,D_E,"Electricity, gas, steam and air conditioning supply; water supply; sewerage, waste management and remediation activities",E_AI_TNLG,Generacion de lenguaje,5.94,
SK,2024,D_E,"Electricity, gas, steam and air conditioning supply; water supply; sewerage, waste management and remediation activities",E_AI_TNLG,Generacion de lenguaje,1.02,
AT,2024,D_E,"Electricity, gas, steam and air conditioning supply; water supply; sewerage, waste management and remediation activities",E_AI_TPA,Automatizacion de procesos,12.43,
BE,2024,D_E,"Electricity, gas, steam and air conditioning supply; water supply; sewerage, waste management and remediation activities",E_AI_TPA,Automatizacion de procesos,14.17,
BG,2024,D_E,"Electricity, gas, steam and air conditioning supply; water supply; sewerage, waste management and remediation activities",E_AI_TPA,Automatizacion de procesos,,u
CY,2024,D_E,"Electricity, gas, steam and air conditioning supply; water supply; sewerage, waste management and remediation activities",E_AI_TPA,Automatizacion de procesos,0.0,
CZ,2024,D_E,"Electricity, gas, steam and air conditioning supply; water supply; sewerage, waste management and remediation activities",E_AI_TPA,Automatizacion de procesos,2.69,
DE,2024,D_E,"Electricity, gas, steam and air conditioning supply; water supply; sewerage, waste management and remediation activities",E_AI_TPA,Automatizacion de procesos,5.95,
DK,2024,D_E,"Electricity, gas, steam and air conditioning supply; water supply; sewerage, waste management and remediation activities",E_AI_TPA,Automatizacion de procesos,4.81,
EE,2024,D_E,"Electricity, gas, steam and air conditioning supply; water supply; sewerage, waste management and remediation activities",E_AI_TPA,Automatizacion de procesos,0.89,
EL,2024,D_E,"Electricity, gas, steam and air conditioning supply; water supply; sewerage, waste management and remediation activities",E_AI_TPA,Automatizacion de procesos,2.92,
ES,2024,D_E,"Electricity, gas, steam and air conditioning supply; water supply; sewerage, waste management and remediation activities",E_AI_TPA,Automatizacion de procesos,5.64,
EU27_2020,2024,D_E,"Electricity, gas, steam and air conditioning supply; water supply; sewerage, waste management and remediation activities",E_AI_TPA,Automatizacion de procesos,4.57,
FI,2024,D_E,"Electricity, gas, steam and air conditioning supply; water supply; sewerage, waste management and remediation activities",E_AI_TPA,Automatizacion de procesos,19.79,
FR,2024,D_E,"Electricity, gas, steam and air conditioning supply; water supply; sewerage, waste management and remediation activities",E_AI_TPA,Automatizacion de procesos,2.14,
HR,2024,D_E,"Electricity, gas, steam and air conditioning supply; water supply; sewerage, waste management and remediation activities",E_AI_TPA,Automatizacion de procesos,2.95,
HU,2024,D_E,"Electricity, gas, steam and air conditioning supply; water supply; sewerage, waste management and remediation activities",E_AI_TPA,Automatizacion de procesos,2.8,
IE,2024,D_E,"Electricity, gas, steam and air conditioning supply; water supply; sewerage, waste management and remediation activities",E_AI_TPA,Automatizacion de procesos,3.65,
IT,2024,D_E,"Electricity, gas, steam and air conditioning supply; water supply; sewerage, waste management and remediation activities",E_AI_TPA,Automatizacion de procesos,3.29,
LT,2024,D_E,"Electricity, gas, steam and air conditioning supply; water supply; sewerage, waste management and remediation activities",E_AI_TPA,Automatizacion de procesos,4.24,
LU,2024,D_E,"Electricity, gas, steam and air conditioning supply; water supply; sewerage, waste management and remediation activities",E_AI_TPA,Automatizacion de procesos,7.72,
LV,2024,D_E,"Electricity, gas, steam and air conditioning supply; water supply; sewerage, waste management and remediation activities",E_AI_TPA,Automatizacion de procesos,1.33,
MT,2024,D_E,"Electricity, gas, steam and air conditioning supply; water supply; sewerage, waste management and remediation activities",E_AI_TPA,Automatizacion de procesos,,u
NL,2024,D_E,"Electricity, gas, steam and air conditioning supply; water supply; sewerage, waste management and remediation activities",E_AI_TPA,Automatizacion de procesos,7.3,
PL,2024,D_E,"Electricity, gas, steam and air conditioning supply; water supply; sewerage, waste management and remediation activities",E_AI_TPA,Automatizacion de procesos,1.85,
PT,2024,D_E,"Electricity, gas, steam and air conditioning supply; water supply; sewerage, waste management and remediation activities",E_AI_TPA,Automatizacion de procesos,4.97,
RO,2024,D_E,"Electricity, gas, steam and air conditioning supply; water supply; sewerage, waste management and remediation activities",E_AI_TPA,Automatizacion de procesos,0.78,
SE,2024,D_E,"Electricity, gas, steam and air conditioning supply; water supply; sewerage, waste management and remediation activities",E_AI_TPA,Automatizacion de procesos,8.66,
SI,2024,D_E,"Electricity, gas, steam and air conditioning supply; water supply; sewerage, waste management and remediation activities",E_AI_TPA,Automatizacion de procesos,,@C
SK,2024,D_E,"Electricity, gas, steam and air conditioning supply; water supply; sewerage, waste management and remediation activities",E_AI_TPA,Automatizacion de procesos,4.37,
AT,2024,D_E,"Electricity, gas, steam and air conditioning supply; water supply; sewerage, waste management and remediation activities",E_AI_TPVSG,Generacion de imagen/audio,,
BE,2024,D_E,"Electricity, gas, steam and air conditioning supply; water supply; sewerage, waste management and remediation activities",E_AI_TPVSG,Generacion de imagen/audio,,
BG,2024,D_E,"Electricity, gas, steam and air conditioning supply; water supply; sewerage, waste management and remediation activities",E_AI_TPVSG,Generacion de imagen/audio,,
CY,2024,D_E,"Electricity, gas, steam and air conditioning supply; water supply; sewerage, waste management and remediation activities",E_AI_TPVSG,Generacion de imagen/audio,,
CZ,2024,D_E,"Electricity, gas, steam and air conditioning supply; water supply; sewerage, waste management and remediation activities",E_AI_TPVSG,Generacion de imagen/audio,,
DE,2024,D_E,"Electricity, gas, steam and air conditioning supply; water supply; sewerage, waste management and remediation activities",E_AI_TPVSG,Generacion de imagen/audio,,
DK,2024,D_E,"Electricity, gas, steam and air conditioning supply; water supply; sewerage, waste management and remediation activities",E_AI_TPVSG,Generacion de imagen/audio,,
EE,2024,D_E,"Electricity, gas, steam and air conditioning supply; water supply; sewerage, waste management and remediation activities",E_AI_TPVSG,Generacion de imagen/audio,,
EL,2024,D_E,"Electricity, gas, steam and air conditioning supply; water supply; sewerage, waste management and remediation activities",E_AI_TPVSG,Generacion de imagen/audio,,
ES,2024,D_E,"Electricity, gas, steam and air conditioning supply; water supply; sewerage, waste management and remediation activities",E_AI_TPVSG,Generacion de imagen/audio,,
EU27_2020,2024,D_E,"Electricity, gas, steam and air conditioning supply; water supply; sewerage, waste management and remediation activities",E_AI_TPVSG,Generacion de imagen/audio,,
FI,2024,D_E,"Electricity, gas, steam and air conditioning supply; water supply; sewerage, waste management and remediation activities",E_AI_TPVSG,Generacion de imagen/audio,,
FR,2024,D_E,"Electricity, gas, steam and air conditioning supply; water supply; sewerage, waste management and remediation activities",E_AI_TPVSG,Generacion de imagen/audio,,
HR,2024,D_E,"Electricity, gas, steam and air conditioning supply; water supply; sewerage, waste management and remediation activities",E_AI_TPVSG,Generacion de imagen/audio,,
HU,2024,D_E,"Electricity, gas, steam and air conditioning supply; water supply; sewerage, waste management and remediation activities",E_AI_TPVSG,Generacion de imagen/audio,,
IE,2024,D_E,"Electricity, gas, steam and air conditioning supply; water supply; sewerage, waste management and remediation activities",E_AI_TPVSG,Generacion de imagen/audio,,
IT,2024,D_E,"Electricity, gas, steam and air conditioning supply; water supply; sewerage, waste management and remediation activities",E_AI_TPVSG,Generacion de imagen/audio,,
LT,2024,D_E,"Electricity, gas, steam and air conditioning supply; water supply; sewerage, waste management and remediation activities",E_AI_TPVSG,Generacion de imagen/audio,,
LU,2024,D_E,"Electricity, gas, steam and air conditioning supply; water supply; sewerage, waste management and remediation activities",E_AI_TPVSG,Generacion de imagen/audio,,
LV,2024,D_E,"Electricity, gas, steam and air conditioning supply; water supply; sewerage, waste management and remediation activities",E_AI_TPVSG,Generacion de imagen/audio,,
MT,2024,D_E,"Electricity, gas, steam and air conditioning supply; water supply; sewerage, waste management and remediation activities",E_AI_TPVSG,Generacion de imagen/audio,,
NL,2024,D_E,"Electricity, gas, steam and air conditioning supply; water supply; sewerage, waste management and remediation activities",E_AI_TPVSG,Generacion de imagen/audio,,
PL,2024,D_E,"Electricity, gas, steam and air conditioning supply; water supply; sewerage, waste management and remediation activities",E_AI_TPVSG,Generacion de imagen/audio,,
PT,2024,D_E,"Electricity, gas, steam and air conditioning supply; water supply; sewerage, waste management and remediation activities",E_AI_TPVSG,Generacion de imagen/audio,,
RO,2024,D_E,"Electricity, gas, steam and air conditioning supply; water supply; sewerage, waste management and remediation activities",E_AI_TPVSG,Generacion de imagen/audio,,
SE,2024,D_E,"Electricity, gas, steam and air conditioning supply; water supply; sewerage, waste management and remediation activities",E_AI_TPVSG,Generacion de imagen/audio,,
SI,2024,D_E,"Electricity, gas, steam and air conditioning supply; water supply; sewerage, waste management and remediation activities",E_AI_TPVSG,Generacion de imagen/audio,,
SK,2024,D_E,"Electricity, gas, steam and air conditioning supply; water supply; sewerage, waste management and remediation activities",E_AI_TPVSG,Generacion de imagen/audio,,
AT,2024,D_E,"Electricity, gas, steam and air conditioning supply; water supply; sewerage, waste management and remediation activities",E_AI_TSR,Reconocimiento de voz,6.21,
BE,2024,D_E,"Electricity, gas, steam and air conditioning supply; water supply; sewerage, waste management and remediation activities",E_AI_TSR,Reconocimiento de voz,4.88,
BG,2024,D_E,"Electricity, gas, steam and air conditioning supply; water supply; sewerage, waste management and remediation activities",E_AI_TSR,Reconocimiento de voz,,u
CY,2024,D_E,"Electricity, gas, steam and air conditioning supply; water supply; sewerage, waste management and remediation activities",E_AI_TSR,Reconocimiento de voz,0.0,
CZ,2024,D_E,"Electricity, gas, steam and air conditioning supply; water supply; sewerage, waste management and remediation activities",E_AI_TSR,Reconocimiento de voz,0.77,
DE,2024,D_E,"Electricity, gas, steam and air conditioning supply; water supply; sewerage, waste management and remediation activities",E_AI_TSR,Reconocimiento de voz,7.69,
DK,2024,D_E,"Electricity, gas, steam and air conditioning supply; water supply; sewerage, waste management and remediation activities",E_AI_TSR,Reconocimiento de voz,3.59,
EE,2024,D_E,"Electricity, gas, steam and air conditioning supply; water supply; sewerage, waste management and remediation activities",E_AI_TSR,Reconocimiento de voz,5.56,
EL,2024,D_E,"Electricity, gas, steam and air conditioning supply; water supply; sewerage, waste management and remediation activities",E_AI_TSR,Reconocimiento de voz,1.22,
ES,2024,D_E,"Electricity, gas, steam and air conditioning supply; water supply; sewerage, waste management and remediation activities",E_AI_TSR,Reconocimiento de voz,6.01,
EU27_2020,2024,D_E,"Electricity, gas, steam and air conditioning supply; water supply; sewerage, waste management and remediation activities",E_AI_TSR,Reconocimiento de voz,4.18,
FI,2024,D_E,"Electricity, gas, steam and air conditioning supply; water supply; sewerage, waste management and remediation activities",E_AI_TSR,Reconocimiento de voz,10.83,
FR,2024,D_E,"Electricity, gas, steam and air conditioning supply; water supply; sewerage, waste management and remediation activities",E_AI_TSR,Reconocimiento de voz,0.95,
HR,2024,D_E,"Electricity, gas, steam and air conditioning supply; water supply; sewerage, waste management and remediation activities",E_AI_TSR,Reconocimiento de voz,2.69,
HU,2024,D_E,"Electricity, gas, steam and air conditioning supply; water supply; sewerage, waste management and remediation activities",E_AI_TSR,Reconocimiento de voz,3.87,
IE,2024,D_E,"Electricity, gas, steam and air conditioning supply; water supply; sewerage, waste management and remediation activities",E_AI_TSR,Reconocimiento de voz,1.26,
IT,2024,D_E,"Electricity, gas, steam and air conditioning supply; water supply; sewerage, waste management and remediation activities",E_AI_TSR,Reconocimiento de voz,3.71,
LT,2024,D_E,"Electricity, gas, steam and air conditioning supply; water supply; sewerage, waste management and remediation activities",E_AI_TSR,Reconocimiento de voz,2.54,
LU,2024,D_E,"Electricity, gas, steam and air conditioning supply; water supply; sewerage, waste management and remediation activities",E_AI_TSR,Reconocimiento de voz,2.58,
LV,2024,D_E,"Electricity, gas, steam and air conditioning supply; water supply; sewerage, waste management and remediation activities",E_AI_TSR,Reconocimiento de voz,1.94,
MT,2024,D_E,"Electricity, gas, steam and air conditioning supply; water supply; sewerage, waste management and remediation activities",E_AI_TSR,Reconocimiento de voz,,u
NL,2024,D_E,"Electricity, gas, steam and air conditioning supply; water supply; sewerage, waste management and remediation activities",E_AI_TSR,Reconocimiento de voz,5.55,
PL,2024,D_E,"Electricity, gas, steam and air conditioning supply; water supply; sewerage, waste management and remediation activities",E_AI_TSR,Reconocimiento de voz,0.48,
PT,2024,D_E,"Electricity, gas, steam and air conditioning supply; water supply; sewerage, waste management and remediation activities",E_AI_TSR,Reconocimiento de voz,3.86,
RO,2024,D_E,"Electricity, gas, steam and air conditioning supply; water supply; sewerage, waste management and remediation activities",E_AI_TSR,Reconocimiento de voz,0.86,
SE,2024,D_E,"Electricity, gas, steam and air conditioning supply; water supply; sewerage, waste management and remediation activities",E_AI_TSR,Reconocimiento de voz,7.14,
SI,2024,D_E,"Electricity, gas, steam and air conditioning supply; water supply; sewerage, waste management and remediation activities",E_AI_TSR,Reconocimiento de voz,5.51,
SK,2024,D_E,"Electricity, gas, steam and air conditioning supply; water supply; sewerage, waste management and remediation activities",E_AI_TSR,Reconocimiento de voz,1.7,
AT,2024,D_E,"Electricity, gas, steam and air conditioning supply; water supply; sewerage, waste management and remediation activities",E_AI_TTM,Mineria de texto,15.97,
BE,2024,D_E,"Electricity, gas, steam and air conditioning supply; water supply; sewerage, waste management and remediation activities",E_AI_TTM,Mineria de texto,,u
BG,2024,D_E,"Electricity, gas, steam and air conditioning supply; water supply; sewerage, waste management and remediation activities",E_AI_TTM,Mineria de texto,3.16,
CY,2024,D_E,"Electricity, gas, steam and air conditioning supply; water supply; sewerage, waste management and remediation activities",E_AI_TTM,Mineria de texto,0.0,
CZ,2024,D_E,"Electricity, gas, steam and air conditioning supply; water supply; sewerage, waste management and remediation activities",E_AI_TTM,Mineria de texto,3.67,
DE,2024,D_E,"Electricity, gas, steam and air conditioning supply; water supply; sewerage, waste management and remediation activities",E_AI_TTM,Mineria de texto,6.93,
DK,2024,D_E,"Electricity, gas, steam and air conditioning supply; water supply; sewerage, waste management and remediation activities",E_AI_TTM,Mineria de texto,23.9,
EE,2024,D_E,"Electricity, gas, steam and air conditioning supply; water supply; sewerage, waste management and remediation activities",E_AI_TTM,Mineria de texto,4.86,
EL,2024,D_E,"Electricity, gas, steam and air conditioning supply; water supply; sewerage, waste management and remediation activities",E_AI_TTM,Mineria de texto,2.92,
ES,2024,D_E,"Electricity, gas, steam and air conditioning supply; water supply; sewerage, waste management and remediation activities",E_AI_TTM,Mineria de texto,8.66,
EU27_2020,2024,D_E,"Electricity, gas, steam and air conditioning supply; water supply; sewerage, waste management and remediation activities",E_AI_TTM,Mineria de texto,5.52,
FI,2024,D_E,"Electricity, gas, steam and air conditioning supply; water supply; sewerage, waste management and remediation activities",E_AI_TTM,Mineria de texto,24.55,
FR,2024,D_E,"Electricity, gas, steam and air conditioning supply; water supply; sewerage, waste management and remediation activities",E_AI_TTM,Mineria de texto,2.73,
HR,2024,D_E,"Electricity, gas, steam and air conditioning supply; water supply; sewerage, waste management and remediation activities",E_AI_TTM,Mineria de texto,5.13,
HU,2024,D_E,"Electricity, gas, steam and air conditioning supply; water supply; sewerage, waste management and remediation activities",E_AI_TTM,Mineria de texto,2.8,
IE,2024,D_E,"Electricity, gas, steam and air conditioning supply; water supply; sewerage, waste management and remediation activities",E_AI_TTM,Mineria de texto,2.25,
IT,2024,D_E,"Electricity, gas, steam and air conditioning supply; water supply; sewerage, waste management and remediation activities",E_AI_TTM,Mineria de texto,3.13,
LT,2024,D_E,"Electricity, gas, steam and air conditioning supply; water supply; sewerage, waste management and remediation activities",E_AI_TTM,Mineria de texto,6.36,
LU,2024,D_E,"Electricity, gas, steam and air conditioning supply; water supply; sewerage, waste management and remediation activities",E_AI_TTM,Mineria de texto,12.75,
LV,2024,D_E,"Electricity, gas, steam and air conditioning supply; water supply; sewerage, waste management and remediation activities",E_AI_TTM,Mineria de texto,5.05,
MT,2024,D_E,"Electricity, gas, steam and air conditioning supply; water supply; sewerage, waste management and remediation activities",E_AI_TTM,Mineria de texto,,u
NL,2024,D_E,"Electricity, gas, steam and air conditioning supply; water supply; sewerage, waste management and remediation activities",E_AI_TTM,Mineria de texto,8.52,
PL,2024,D_E,"Electricity, gas, steam and air conditioning supply; water supply; sewerage, waste management and remediation activities",E_AI_TTM,Mineria de texto,0.54,
PT,2024,D_E,"Electricity, gas, steam and air conditioning supply; water supply; sewerage, waste management and remediation activities",E_AI_TTM,Mineria de texto,2.8,
RO,2024,D_E,"Electricity, gas, steam and air conditioning supply; water supply; sewerage, waste management and remediation activities",E_AI_TTM,Mineria de texto,1.88,
SE,2024,D_E,"Electricity, gas, steam and air conditioning supply; water supply; sewerage, waste management and remediation activities",E_AI_TTM,Mineria de texto,13.78,
SI,2024,D_E,"Electricity, gas, steam and air conditioning supply; water supply; sewerage, waste management and remediation activities",E_AI_TTM,Mineria de texto,0.0,
SK,2024,D_E,"Electricity, gas, steam and air conditioning supply; water supply; sewerage, waste management and remediation activities",E_AI_TTM,Mineria de texto,6.51,
AT,2024,F,Construction,E_AI_TANY,Cualquier IA,7.35,
BE,2024,F,Construction,E_AI_TANY,Cualquier IA,11.08,
BG,2024,F,Construction,E_AI_TANY,Cualquier IA,1.6,
CY,2024,F,Construction,E_AI_TANY,Cualquier IA,2.39,
CZ,2024,F,Construction,E_AI_TANY,Cualquier IA,2.35,
DE,2024,F,Construction,E_AI_TANY,Cualquier IA,10.01,
DK,2024,F,Construction,E_AI_TANY,Cualquier IA,11.7,
EE,2024,F,Construction,E_AI_TANY,Cualquier IA,8.05,
EL,2024,F,Construction,E_AI_TANY,Cualquier IA,5.17,
ES,2024,F,Construction,E_AI_TANY,Cualquier IA,4.43,
EU27_2020,2024,F,Construction,E_AI_TANY,Cualquier IA,6.09,
FI,2024,F,Construction,E_AI_TANY,Cualquier IA,11.26,
FR,2024,F,Construction,E_AI_TANY,Cualquier IA,3.14,
HR,2024,F,Construction,E_AI_TANY,Cualquier IA,4.39,
HU,2024,F,Construction,E_AI_TANY,Cualquier IA,4.27,
IE,2024,F,Construction,E_AI_TANY,Cualquier IA,6.24,
IT,2024,F,Construction,E_AI_TANY,Cualquier IA,5.24,
LT,2024,F,Construction,E_AI_TANY,Cualquier IA,3.42,
LU,2024,F,Construction,E_AI_TANY,Cualquier IA,19.08,
LV,2024,F,Construction,E_AI_TANY,Cualquier IA,5.28,
MT,2024,F,Construction,E_AI_TANY,Cualquier IA,9.36,
NL,2024,F,Construction,E_AI_TANY,Cualquier IA,8.88,
PL,2024,F,Construction,E_AI_TANY,Cualquier IA,2.01,
PT,2024,F,Construction,E_AI_TANY,Cualquier IA,2.74,
RO,2024,F,Construction,E_AI_TANY,Cualquier IA,0.18,
SE,2024,F,Construction,E_AI_TANY,Cualquier IA,13.15,
SI,2024,F,Construction,E_AI_TANY,Cualquier IA,11.94,
SK,2024,F,Construction,E_AI_TANY,Cualquier IA,6.31,
AT,2024,F,Construction,E_AI_TAR,Robots autonomos,0.31,
BE,2024,F,Construction,E_AI_TAR,Robots autonomos,0.14,
BG,2024,F,Construction,E_AI_TAR,Robots autonomos,0.0,
CY,2024,F,Construction,E_AI_TAR,Robots autonomos,0.0,
CZ,2024,F,Construction,E_AI_TAR,Robots autonomos,0.02,
DE,2024,F,Construction,E_AI_TAR,Robots autonomos,0.14,
DK,2024,F,Construction,E_AI_TAR,Robots autonomos,0.94,
EE,2024,F,Construction,E_AI_TAR,Robots autonomos,0.0,
EL,2024,F,Construction,E_AI_TAR,Robots autonomos,0.0,
ES,2024,F,Construction,E_AI_TAR,Robots autonomos,1.3,
EU27_2020,2024,F,Construction,E_AI_TAR,Robots autonomos,0.35,
FI,2024,F,Construction,E_AI_TAR,Robots autonomos,0.95,
FR,2024,F,Construction,E_AI_TAR,Robots autonomos,0.02,
HR,2024,F,Construction,E_AI_TAR,Robots autonomos,,@C
HU,2024,F,Construction,E_AI_TAR,Robots autonomos,0.71,
IE,2024,F,Construction,E_AI_TAR,Robots autonomos,1.22,
IT,2024,F,Construction,E_AI_TAR,Robots autonomos,0.61,
LT,2024,F,Construction,E_AI_TAR,Robots autonomos,1.21,
LU,2024,F,Construction,E_AI_TAR,Robots autonomos,0.58,
LV,2024,F,Construction,E_AI_TAR,Robots autonomos,0.0,
MT,2024,F,Construction,E_AI_TAR,Robots autonomos,2.31,
NL,2024,F,Construction,E_AI_TAR,Robots autonomos,0.42,
PL,2024,F,Construction,E_AI_TAR,Robots autonomos,0.14,
PT,2024,F,Construction,E_AI_TAR,Robots autonomos,0.14,
RO,2024,F,Construction,E_AI_TAR,Robots autonomos,0.01,
SE,2024,F,Construction,E_AI_TAR,Robots autonomos,0.09,
SI,2024,F,Construction,E_AI_TAR,Robots autonomos,1.11,
SK,2024,F,Construction,E_AI_TAR,Robots autonomos,0.0,
AT,2024,F,Construction,E_AI_TIR,Vision por computador,1.27,
BE,2024,F,Construction,E_AI_TIR,Vision por computador,4.6,
BG,2024,F,Construction,E_AI_TIR,Vision por computador,,u
CY,2024,F,Construction,E_AI_TIR,Vision por computador,0.95,
CZ,2024,F,Construction,E_AI_TIR,Vision por computador,0.33,
DE,2024,F,Construction,E_AI_TIR,Vision por computador,2.58,
DK,2024,F,Construction,E_AI_TIR,Vision por computador,2.0,
EE,2024,F,Construction,E_AI_TIR,Vision por computador,2.91,
EL,2024,F,Construction,E_AI_TIR,Vision por computador,0.61,
ES,2024,F,Construction,E_AI_TIR,Vision por computador,1.4,
EU27_2020,2024,F,Construction,E_AI_TIR,Vision por computador,1.49,
FI,2024,F,Construction,E_AI_TIR,Vision por computador,3.29,
FR,2024,F,Construction,E_AI_TIR,Vision por computador,0.2,
HR,2024,F,Construction,E_AI_TIR,Vision por computador,1.97,
HU,2024,F,Construction,E_AI_TIR,Vision por computador,2.07,
IE,2024,F,Construction,E_AI_TIR,Vision por computador,0.74,
IT,2024,F,Construction,E_AI_TIR,Vision por computador,1.36,
LT,2024,F,Construction,E_AI_TIR,Vision por computador,1.39,
LU,2024,F,Construction,E_AI_TIR,Vision por computador,2.87,
LV,2024,F,Construction,E_AI_TIR,Vision por computador,2.7,
MT,2024,F,Construction,E_AI_TIR,Vision por computador,2.49,
NL,2024,F,Construction,E_AI_TIR,Vision por computador,1.19,
PL,2024,F,Construction,E_AI_TIR,Vision por computador,0.35,
PT,2024,F,Construction,E_AI_TIR,Vision por computador,1.27,
RO,2024,F,Construction,E_AI_TIR,Vision por computador,0.04,
SE,2024,F,Construction,E_AI_TIR,Vision por computador,2.14,
SI,2024,F,Construction,E_AI_TIR,Vision por computador,6.12,
SK,2024,F,Construction,E_AI_TIR,Vision por computador,2.06,
AT,2024,F,Construction,E_AI_TML,Machine learning,1.17,
BE,2024,F,Construction,E_AI_TML,Machine learning,2.62,
BG,2024,F,Construction,E_AI_TML,Machine learning,,u
CY,2024,F,Construction,E_AI_TML,Machine learning,0.84,
CZ,2024,F,Construction,E_AI_TML,Machine learning,0.75,
DE,2024,F,Construction,E_AI_TML,Machine learning,1.12,
DK,2024,F,Construction,E_AI_TML,Machine learning,2.76,
EE,2024,F,Construction,E_AI_TML,Machine learning,0.1,
EL,2024,F,Construction,E_AI_TML,Machine learning,2.57,
ES,2024,F,Construction,E_AI_TML,Machine learning,0.59,
EU27_2020,2024,F,Construction,E_AI_TML,Machine learning,0.83,
FI,2024,F,Construction,E_AI_TML,Machine learning,3.39,
FR,2024,F,Construction,E_AI_TML,Machine learning,0.67,
HR,2024,F,Construction,E_AI_TML,Machine learning,0.96,
HU,2024,F,Construction,E_AI_TML,Machine learning,0.08,
IE,2024,F,Construction,E_AI_TML,Machine learning,1.45,
IT,2024,F,Construction,E_AI_TML,Machine learning,0.48,
LT,2024,F,Construction,E_AI_TML,Machine learning,1.34,
LU,2024,F,Construction,E_AI_TML,Machine learning,2.83,
LV,2024,F,Construction,E_AI_TML,Machine learning,0.07,
MT,2024,F,Construction,E_AI_TML,Machine learning,0.89,
NL,2024,F,Construction,E_AI_TML,Machine learning,1.26,
PL,2024,F,Construction,E_AI_TML,Machine learning,0.19,
PT,2024,F,Construction,E_AI_TML,Machine learning,0.14,
RO,2024,F,Construction,E_AI_TML,Machine learning,0.1,
SE,2024,F,Construction,E_AI_TML,Machine learning,0.91,
SI,2024,F,Construction,E_AI_TML,Machine learning,0.57,
SK,2024,F,Construction,E_AI_TML,Machine learning,1.12,
AT,2024,F,Construction,E_AI_TNLG,Generacion de lenguaje,3.55,
BE,2024,F,Construction,E_AI_TNLG,Generacion de lenguaje,5.33,
BG,2024,F,Construction,E_AI_TNLG,Generacion de lenguaje,,u
CY,2024,F,Construction,E_AI_TNLG,Generacion de lenguaje,1.04,
CZ,2024,F,Construction,E_AI_TNLG,Generacion de lenguaje,1.14,
DE,2024,F,Construction,E_AI_TNLG,Generacion de lenguaje,3.3,
DK,2024,F,Construction,E_AI_TNLG,Generacion de lenguaje,6.79,
EE,2024,F,Construction,E_AI_TNLG,Generacion de lenguaje,2.11,
EL,2024,F,Construction,E_AI_TNLG,Generacion de lenguaje,1.84,
ES,2024,F,Construction,E_AI_TNLG,Generacion de lenguaje,1.47,
EU27_2020,2024,F,Construction,E_AI_TNLG,Generacion de lenguaje,2.42,
FI,2024,F,Construction,E_AI_TNLG,Generacion de lenguaje,6.61,
FR,2024,F,Construction,E_AI_TNLG,Generacion de lenguaje,1.8,
HR,2024,F,Construction,E_AI_TNLG,Generacion de lenguaje,0.87,
HU,2024,F,Construction,E_AI_TNLG,Generacion de lenguaje,0.43,
IE,2024,F,Construction,E_AI_TNLG,Generacion de lenguaje,2.67,
IT,2024,F,Construction,E_AI_TNLG,Generacion de lenguaje,2.4,
LT,2024,F,Construction,E_AI_TNLG,Generacion de lenguaje,1.34,
LU,2024,F,Construction,E_AI_TNLG,Generacion de lenguaje,2.65,
LV,2024,F,Construction,E_AI_TNLG,Generacion de lenguaje,1.25,
MT,2024,F,Construction,E_AI_TNLG,Generacion de lenguaje,1.15,
NL,2024,F,Construction,E_AI_TNLG,Generacion de lenguaje,4.3,
PL,2024,F,Construction,E_AI_TNLG,Generacion de lenguaje,0.9,
PT,2024,F,Construction,E_AI_TNLG,Generacion de lenguaje,1.25,
RO,2024,F,Construction,E_AI_TNLG,Generacion de lenguaje,0.04,
SE,2024,F,Construction,E_AI_TNLG,Generacion de lenguaje,5.21,
SI,2024,F,Construction,E_AI_TNLG,Generacion de lenguaje,6.28,
SK,2024,F,Construction,E_AI_TNLG,Generacion de lenguaje,3.08,
AT,2024,F,Construction,E_AI_TPA,Automatizacion de procesos,1.5,
BE,2024,F,Construction,E_AI_TPA,Automatizacion de procesos,3.33,
BG,2024,F,Construction,E_AI_TPA,Automatizacion de procesos,,u
CY,2024,F,Construction,E_AI_TPA,Automatizacion de procesos,0.55,
CZ,2024,F,Construction,E_AI_TPA,Automatizacion de procesos,0.67,
DE,2024,F,Construction,E_AI_TPA,Automatizacion de procesos,1.18,
DK,2024,F,Construction,E_AI_TPA,Automatizacion de procesos,3.78,
EE,2024,F,Construction,E_AI_TPA,Automatizacion de procesos,0.51,
EL,2024,F,Construction,E_AI_TPA,Automatizacion de procesos,0.38,
ES,2024,F,Construction,E_AI_TPA,Automatizacion de procesos,1.31,
EU27_2020,2024,F,Construction,E_AI_TPA,Automatizacion de procesos,0.95,
FI,2024,F,Construction,E_AI_TPA,Automatizacion de procesos,5.74,
FR,2024,F,Construction,E_AI_TPA,Automatizacion de procesos,0.06,
HR,2024,F,Construction,E_AI_TPA,Automatizacion de procesos,0.3,
HU,2024,F,Construction,E_AI_TPA,Automatizacion de procesos,0.53,
IE,2024,F,Construction,E_AI_TPA,Automatizacion de procesos,2.63,
IT,2024,F,Construction,E_AI_TPA,Automatizacion de procesos,0.77,
LT,2024,F,Construction,E_AI_TPA,Automatizacion de procesos,1.26,
LU,2024,F,Construction,E_AI_TPA,Automatizacion de procesos,1.55,
LV,2024,F,Construction,E_AI_TPA,Automatizacion de procesos,1.32,
MT,2024,F,Construction,E_AI_TPA,Automatizacion de procesos,0.0,
NL,2024,F,Construction,E_AI_TPA,Automatizacion de procesos,1.43,
PL,2024,F,Construction,E_AI_TPA,Automatizacion de procesos,0.59,
PT,2024,F,Construction,E_AI_TPA,Automatizacion de procesos,0.21,
RO,2024,F,Construction,E_AI_TPA,Automatizacion de procesos,0.03,
SE,2024,F,Construction,E_AI_TPA,Automatizacion de procesos,1.18,
SI,2024,F,Construction,E_AI_TPA,Automatizacion de procesos,0.78,
SK,2024,F,Construction,E_AI_TPA,Automatizacion de procesos,0.0,
AT,2024,F,Construction,E_AI_TPVSG,Generacion de imagen/audio,,
BE,2024,F,Construction,E_AI_TPVSG,Generacion de imagen/audio,,
BG,2024,F,Construction,E_AI_TPVSG,Generacion de imagen/audio,,
CY,2024,F,Construction,E_AI_TPVSG,Generacion de imagen/audio,,
CZ,2024,F,Construction,E_AI_TPVSG,Generacion de imagen/audio,,
DE,2024,F,Construction,E_AI_TPVSG,Generacion de imagen/audio,,
DK,2024,F,Construction,E_AI_TPVSG,Generacion de imagen/audio,,
EE,2024,F,Construction,E_AI_TPVSG,Generacion de imagen/audio,,
EL,2024,F,Construction,E_AI_TPVSG,Generacion de imagen/audio,,
ES,2024,F,Construction,E_AI_TPVSG,Generacion de imagen/audio,,
EU27_2020,2024,F,Construction,E_AI_TPVSG,Generacion de imagen/audio,,
FI,2024,F,Construction,E_AI_TPVSG,Generacion de imagen/audio,,
FR,2024,F,Construction,E_AI_TPVSG,Generacion de imagen/audio,,
HR,2024,F,Construction,E_AI_TPVSG,Generacion de imagen/audio,,
HU,2024,F,Construction,E_AI_TPVSG,Generacion de imagen/audio,,
IE,2024,F,Construction,E_AI_TPVSG,Generacion de imagen/audio,,
IT,2024,F,Construction,E_AI_TPVSG,Generacion de imagen/audio,,
LT,2024,F,Construction,E_AI_TPVSG,Generacion de imagen/audio,,
LU,2024,F,Construction,E_AI_TPVSG,Generacion de imagen/audio,,
LV,2024,F,Construction,E_AI_TPVSG,Generacion de imagen/audio,,
MT,2024,F,Construction,E_AI_TPVSG,Generacion de imagen/audio,,
NL,2024,F,Construction,E_AI_TPVSG,Generacion de imagen/audio,,
PL,2024,F,Construction,E_AI_TPVSG,Generacion de imagen/audio,,
PT,2024,F,Construction,E_AI_TPVSG,Generacion de imagen/audio,,
RO,2024,F,Construction,E_AI_TPVSG,Generacion de imagen/audio,,
SE,2024,F,Construction,E_AI_TPVSG,Generacion de imagen/audio,,
SI,2024,F,Construction,E_AI_TPVSG,Generacion de imagen/audio,,
SK,2024,F,Construction,E_AI_TPVSG,Generacion de imagen/audio,,
AT,2024,F,Construction,E_AI_TSR,Reconocimiento de voz,2.23,
BE,2024,F,Construction,E_AI_TSR,Reconocimiento de voz,1.34,
BG,2024,F,Construction,E_AI_TSR,Reconocimiento de voz,,u
CY,2024,F,Construction,E_AI_TSR,Reconocimiento de voz,0.69,
CZ,2024,F,Construction,E_AI_TSR,Reconocimiento de voz,0.38,
DE,2024,F,Construction,E_AI_TSR,Reconocimiento de voz,5.26,
DK,2024,F,Construction,E_AI_TSR,Reconocimiento de voz,3.02,
EE,2024,F,Construction,E_AI_TSR,Reconocimiento de voz,2.32,
EL,2024,F,Construction,E_AI_TSR,Reconocimiento de voz,1.23,
ES,2024,F,Construction,E_AI_TSR,Reconocimiento de voz,1.21,
EU27_2020,2024,F,Construction,E_AI_TSR,Reconocimiento de voz,2.54,
FI,2024,F,Construction,E_AI_TSR,Reconocimiento de voz,1.71,
FR,2024,F,Construction,E_AI_TSR,Reconocimiento de voz,1.7,
HR,2024,F,Construction,E_AI_TSR,Reconocimiento de voz,0.77,
HU,2024,F,Construction,E_AI_TSR,Reconocimiento de voz,1.67,
IE,2024,F,Construction,E_AI_TSR,Reconocimiento de voz,0.81,
IT,2024,F,Construction,E_AI_TSR,Reconocimiento de voz,3.0,
LT,2024,F,Construction,E_AI_TSR,Reconocimiento de voz,1.86,
LU,2024,F,Construction,E_AI_TSR,Reconocimiento de voz,4.4,
LV,2024,F,Construction,E_AI_TSR,Reconocimiento de voz,0.7,
MT,2024,F,Construction,E_AI_TSR,Reconocimiento de voz,0.0,
NL,2024,F,Construction,E_AI_TSR,Reconocimiento de voz,2.56,
PL,2024,F,Construction,E_AI_TSR,Reconocimiento de voz,0.8,
PT,2024,F,Construction,E_AI_TSR,Reconocimiento de voz,1.2,
RO,2024,F,Construction,E_AI_TSR,Reconocimiento de voz,0.03,
SE,2024,F,Construction,E_AI_TSR,Reconocimiento de voz,3.13,
SI,2024,F,Construction,E_AI_TSR,Reconocimiento de voz,2.73,
SK,2024,F,Construction,E_AI_TSR,Reconocimiento de voz,4.2,
AT,2024,F,Construction,E_AI_TTM,Mineria de texto,4.31,
BE,2024,F,Construction,E_AI_TTM,Mineria de texto,4.24,
BG,2024,F,Construction,E_AI_TTM,Mineria de texto,1.29,
CY,2024,F,Construction,E_AI_TTM,Mineria de texto,0.75,
CZ,2024,F,Construction,E_AI_TTM,Mineria de texto,0.96,
DE,2024,F,Construction,E_AI_TTM,Mineria de texto,4.81,
DK,2024,F,Construction,E_AI_TTM,Mineria de texto,7.04,
EE,2024,F,Construction,E_AI_TTM,Mineria de texto,3.0,
EL,2024,F,Construction,E_AI_TTM,Mineria de texto,1.37,
ES,2024,F,Construction,E_AI_TTM,Mineria de texto,1.5,
EU27_2020,2024,F,Construction,E_AI_TTM,Mineria de texto,2.81,
FI,2024,F,Construction,E_AI_TTM,Mineria de texto,6.02,
FR,2024,F,Construction,E_AI_TTM,Mineria de texto,0.1,
HR,2024,F,Construction,E_AI_TTM,Mineria de texto,3.08,
HU,2024,F,Construction,E_AI_TTM,Mineria de texto,2.06,
IE,2024,F,Construction,E_AI_TTM,Mineria de texto,2.09,
IT,2024,F,Construction,E_AI_TTM,Mineria de texto,2.9,
LT,2024,F,Construction,E_AI_TTM,Mineria de texto,2.73,
LU,2024,F,Construction,E_AI_TTM,Mineria de texto,16.17,
LV,2024,F,Construction,E_AI_TTM,Mineria de texto,3.95,
MT,2024,F,Construction,E_AI_TTM,Mineria de texto,4.11,
NL,2024,F,Construction,E_AI_TTM,Mineria de texto,6.14,
PL,2024,F,Construction,E_AI_TTM,Mineria de texto,0.32,
PT,2024,F,Construction,E_AI_TTM,Mineria de texto,1.33,
RO,2024,F,Construction,E_AI_TTM,Mineria de texto,0.1,
SE,2024,F,Construction,E_AI_TTM,Mineria de texto,8.11,
SI,2024,F,Construction,E_AI_TTM,Mineria de texto,1.01,
SK,2024,F,Construction,E_AI_TTM,Mineria de texto,4.1,
AT,2024,G,Wholesale and retail trade; repair of motor vehicles and motorcycles,E_AI_TANY,Cualquier IA,15.67,
BE,2024,G,Wholesale and retail trade; repair of motor vehicles and motorcycles,E_AI_TANY,Cualquier IA,22.48,
BG,2024,G,Wholesale and retail trade; repair of motor vehicles and motorcycles,E_AI_TANY,Cualquier IA,6.13,
CY,2024,G,Wholesale and retail trade; repair of motor vehicles and motorcycles,E_AI_TANY,Cualquier IA,4.1,
CZ,2024,G,Wholesale and retail trade; repair of motor vehicles and motorcycles,E_AI_TANY,Cualquier IA,12.72,
DE,2024,G,Wholesale and retail trade; repair of motor vehicles and motorcycles,E_AI_TANY,Cualquier IA,16.29,
DK,2024,G,Wholesale and retail trade; repair of motor vehicles and motorcycles,E_AI_TANY,Cualquier IA,27.34,
EE,2024,G,Wholesale and retail trade; repair of motor vehicles and motorcycles,E_AI_TANY,Cualquier IA,10.49,
EL,2024,G,Wholesale and retail trade; repair of motor vehicles and motorcycles,E_AI_TANY,Cualquier IA,10.45,
ES,2024,G,Wholesale and retail trade; repair of motor vehicles and motorcycles,E_AI_TANY,Cualquier IA,9.58,
EU27_2020,2024,G,Wholesale and retail trade; repair of motor vehicles and motorcycles,E_AI_TANY,Cualquier IA,12.11,
FI,2024,G,Wholesale and retail trade; repair of motor vehicles and motorcycles,E_AI_TANY,Cualquier IA,21.65,
FR,2024,G,Wholesale and retail trade; repair of motor vehicles and motorcycles,E_AI_TANY,Cualquier IA,9.77,
HR,2024,G,Wholesale and retail trade; repair of motor vehicles and motorcycles,E_AI_TANY,Cualquier IA,10.17,
HU,2024,G,Wholesale and retail trade; repair of motor vehicles and motorcycles,E_AI_TANY,Cualquier IA,6.84,
IE,2024,G,Wholesale and retail trade; repair of motor vehicles and motorcycles,E_AI_TANY,Cualquier IA,11.71,
IT,2024,G,Wholesale and retail trade; repair of motor vehicles and motorcycles,E_AI_TANY,Cualquier IA,8.22,
LT,2024,G,Wholesale and retail trade; repair of motor vehicles and motorcycles,E_AI_TANY,Cualquier IA,7.68,
LU,2024,G,Wholesale and retail trade; repair of motor vehicles and motorcycles,E_AI_TANY,Cualquier IA,20.16,
LV,2024,G,Wholesale and retail trade; repair of motor vehicles and motorcycles,E_AI_TANY,Cualquier IA,6.71,
MT,2024,G,Wholesale and retail trade; repair of motor vehicles and motorcycles,E_AI_TANY,Cualquier IA,10.21,
NL,2024,G,Wholesale and retail trade; repair of motor vehicles and motorcycles,E_AI_TANY,Cualquier IA,23.15,
PL,2024,G,Wholesale and retail trade; repair of motor vehicles and motorcycles,E_AI_TANY,Cualquier IA,5.54,
PT,2024,G,Wholesale and retail trade; repair of motor vehicles and motorcycles,E_AI_TANY,Cualquier IA,5.77,
RO,2024,G,Wholesale and retail trade; repair of motor vehicles and motorcycles,E_AI_TANY,Cualquier IA,3.63,
SE,2024,G,Wholesale and retail trade; repair of motor vehicles and motorcycles,E_AI_TANY,Cualquier IA,22.47,
SI,2024,G,Wholesale and retail trade; repair of motor vehicles and motorcycles,E_AI_TANY,Cualquier IA,23.46,
SK,2024,G,Wholesale and retail trade; repair of motor vehicles and motorcycles,E_AI_TANY,Cualquier IA,11.65,
AT,2024,G,Wholesale and retail trade; repair of motor vehicles and motorcycles,E_AI_TAR,Robots autonomos,1.01,
BE,2024,G,Wholesale and retail trade; repair of motor vehicles and motorcycles,E_AI_TAR,Robots autonomos,3.53,
BG,2024,G,Wholesale and retail trade; repair of motor vehicles and motorcycles,E_AI_TAR,Robots autonomos,,u
CY,2024,G,Wholesale and retail trade; repair of motor vehicles and motorcycles,E_AI_TAR,Robots autonomos,0.11,
CZ,2024,G,Wholesale and retail trade; repair of motor vehicles and motorcycles,E_AI_TAR,Robots autonomos,0.18,
DE,2024,G,Wholesale and retail trade; repair of motor vehicles and motorcycles,E_AI_TAR,Robots autonomos,0.74,
DK,2024,G,Wholesale and retail trade; repair of motor vehicles and motorcycles,E_AI_TAR,Robots autonomos,1.91,
EE,2024,G,Wholesale and retail trade; repair of motor vehicles and motorcycles,E_AI_TAR,Robots autonomos,0.29,
EL,2024,G,Wholesale and retail trade; repair of motor vehicles and motorcycles,E_AI_TAR,Robots autonomos,0.4,
ES,2024,G,Wholesale and retail trade; repair of motor vehicles and motorcycles,E_AI_TAR,Robots autonomos,0.8,
EU27_2020,2024,G,Wholesale and retail trade; repair of motor vehicles and motorcycles,E_AI_TAR,Robots autonomos,0.8,
FI,2024,G,Wholesale and retail trade; repair of motor vehicles and motorcycles,E_AI_TAR,Robots autonomos,2.21,
FR,2024,G,Wholesale and retail trade; repair of motor vehicles and motorcycles,E_AI_TAR,Robots autonomos,0.78,
HR,2024,G,Wholesale and retail trade; repair of motor vehicles and motorcycles,E_AI_TAR,Robots autonomos,0.56,
HU,2024,G,Wholesale and retail trade; repair of motor vehicles and motorcycles,E_AI_TAR,Robots autonomos,0.71,
IE,2024,G,Wholesale and retail trade; repair of motor vehicles and motorcycles,E_AI_TAR,Robots autonomos,0.71,
IT,2024,G,Wholesale and retail trade; repair of motor vehicles and motorcycles,E_AI_TAR,Robots autonomos,0.41,
LT,2024,G,Wholesale and retail trade; repair of motor vehicles and motorcycles,E_AI_TAR,Robots autonomos,0.73,
LU,2024,G,Wholesale and retail trade; repair of motor vehicles and motorcycles,E_AI_TAR,Robots autonomos,2.4,
LV,2024,G,Wholesale and retail trade; repair of motor vehicles and motorcycles,E_AI_TAR,Robots autonomos,0.19,
MT,2024,G,Wholesale and retail trade; repair of motor vehicles and motorcycles,E_AI_TAR,Robots autonomos,2.49,
NL,2024,G,Wholesale and retail trade; repair of motor vehicles and motorcycles,E_AI_TAR,Robots autonomos,1.51,
PL,2024,G,Wholesale and retail trade; repair of motor vehicles and motorcycles,E_AI_TAR,Robots autonomos,0.34,
PT,2024,G,Wholesale and retail trade; repair of motor vehicles and motorcycles,E_AI_TAR,Robots autonomos,0.64,
RO,2024,G,Wholesale and retail trade; repair of motor vehicles and motorcycles,E_AI_TAR,Robots autonomos,0.41,
SE,2024,G,Wholesale and retail trade; repair of motor vehicles and motorcycles,E_AI_TAR,Robots autonomos,2.69,
SI,2024,G,Wholesale and retail trade; repair of motor vehicles and motorcycles,E_AI_TAR,Robots autonomos,0.52,
SK,2024,G,Wholesale and retail trade; repair of motor vehicles and motorcycles,E_AI_TAR,Robots autonomos,0.67,
AT,2024,G,Wholesale and retail trade; repair of motor vehicles and motorcycles,E_AI_TIR,Vision por computador,2.32,
BE,2024,G,Wholesale and retail trade; repair of motor vehicles and motorcycles,E_AI_TIR,Vision por computador,4.55,
BG,2024,G,Wholesale and retail trade; repair of motor vehicles and motorcycles,E_AI_TIR,Vision por computador,1.32,
CY,2024,G,Wholesale and retail trade; repair of motor vehicles and motorcycles,E_AI_TIR,Vision por computador,0.78,
CZ,2024,G,Wholesale and retail trade; repair of motor vehicles and motorcycles,E_AI_TIR,Vision por computador,1.57,
DE,2024,G,Wholesale and retail trade; repair of motor vehicles and motorcycles,E_AI_TIR,Vision por computador,3.58,
DK,2024,G,Wholesale and retail trade; repair of motor vehicles and motorcycles,E_AI_TIR,Vision por computador,5.6,
EE,2024,G,Wholesale and retail trade; repair of motor vehicles and motorcycles,E_AI_TIR,Vision por computador,3.1,
EL,2024,G,Wholesale and retail trade; repair of motor vehicles and motorcycles,E_AI_TIR,Vision por computador,1.74,
ES,2024,G,Wholesale and retail trade; repair of motor vehicles and motorcycles,E_AI_TIR,Vision por computador,2.86,
EU27_2020,2024,G,Wholesale and retail trade; repair of motor vehicles and motorcycles,E_AI_TIR,Vision por computador,2.63,
FI,2024,G,Wholesale and retail trade; repair of motor vehicles and motorcycles,E_AI_TIR,Vision por computador,5.1,
FR,2024,G,Wholesale and retail trade; repair of motor vehicles and motorcycles,E_AI_TIR,Vision por computador,1.62,
HR,2024,G,Wholesale and retail trade; repair of motor vehicles and motorcycles,E_AI_TIR,Vision por computador,2.04,
HU,2024,G,Wholesale and retail trade; repair of motor vehicles and motorcycles,E_AI_TIR,Vision por computador,1.73,
IE,2024,G,Wholesale and retail trade; repair of motor vehicles and motorcycles,E_AI_TIR,Vision por computador,2.37,
IT,2024,G,Wholesale and retail trade; repair of motor vehicles and motorcycles,E_AI_TIR,Vision por computador,1.93,
LT,2024,G,Wholesale and retail trade; repair of motor vehicles and motorcycles,E_AI_TIR,Vision por computador,1.98,
LU,2024,G,Wholesale and retail trade; repair of motor vehicles and motorcycles,E_AI_TIR,Vision por computador,3.72,
LV,2024,G,Wholesale and retail trade; repair of motor vehicles and motorcycles,E_AI_TIR,Vision por computador,0.83,
MT,2024,G,Wholesale and retail trade; repair of motor vehicles and motorcycles,E_AI_TIR,Vision por computador,2.57,
NL,2024,G,Wholesale and retail trade; repair of motor vehicles and motorcycles,E_AI_TIR,Vision por computador,3.94,
PL,2024,G,Wholesale and retail trade; repair of motor vehicles and motorcycles,E_AI_TIR,Vision por computador,1.35,
PT,2024,G,Wholesale and retail trade; repair of motor vehicles and motorcycles,E_AI_TIR,Vision por computador,2.92,
RO,2024,G,Wholesale and retail trade; repair of motor vehicles and motorcycles,E_AI_TIR,Vision por computador,0.84,
SE,2024,G,Wholesale and retail trade; repair of motor vehicles and motorcycles,E_AI_TIR,Vision por computador,4.89,
SI,2024,G,Wholesale and retail trade; repair of motor vehicles and motorcycles,E_AI_TIR,Vision por computador,12.15,
SK,2024,G,Wholesale and retail trade; repair of motor vehicles and motorcycles,E_AI_TIR,Vision por computador,2.76,
AT,2024,G,Wholesale and retail trade; repair of motor vehicles and motorcycles,E_AI_TML,Machine learning,4.93,
BE,2024,G,Wholesale and retail trade; repair of motor vehicles and motorcycles,E_AI_TML,Machine learning,6.75,
BG,2024,G,Wholesale and retail trade; repair of motor vehicles and motorcycles,E_AI_TML,Machine learning,1.32,
CY,2024,G,Wholesale and retail trade; repair of motor vehicles and motorcycles,E_AI_TML,Machine learning,2.34,
CZ,2024,G,Wholesale and retail trade; repair of motor vehicles and motorcycles,E_AI_TML,Machine learning,3.87,
DE,2024,G,Wholesale and retail trade; repair of motor vehicles and motorcycles,E_AI_TML,Machine learning,2.54,
DK,2024,G,Wholesale and retail trade; repair of motor vehicles and motorcycles,E_AI_TML,Machine learning,8.23,
EE,2024,G,Wholesale and retail trade; repair of motor vehicles and motorcycles,E_AI_TML,Machine learning,1.67,
EL,2024,G,Wholesale and retail trade; repair of motor vehicles and motorcycles,E_AI_TML,Machine learning,5.18,
ES,2024,G,Wholesale and retail trade; repair of motor vehicles and motorcycles,E_AI_TML,Machine learning,2.26,
EU27_2020,2024,G,Wholesale and retail trade; repair of motor vehicles and motorcycles,E_AI_TML,Machine learning,2.96,
FI,2024,G,Wholesale and retail trade; repair of motor vehicles and motorcycles,E_AI_TML,Machine learning,7.58,
FR,2024,G,Wholesale and retail trade; repair of motor vehicles and motorcycles,E_AI_TML,Machine learning,3.93,
HR,2024,G,Wholesale and retail trade; repair of motor vehicles and motorcycles,E_AI_TML,Machine learning,2.01,
HU,2024,G,Wholesale and retail trade; repair of motor vehicles and motorcycles,E_AI_TML,Machine learning,1.43,
IE,2024,G,Wholesale and retail trade; repair of motor vehicles and motorcycles,E_AI_TML,Machine learning,2.88,
IT,2024,G,Wholesale and retail trade; repair of motor vehicles and motorcycles,E_AI_TML,Machine learning,1.82,
LT,2024,G,Wholesale and retail trade; repair of motor vehicles and motorcycles,E_AI_TML,Machine learning,1.65,
LU,2024,G,Wholesale and retail trade; repair of motor vehicles and motorcycles,E_AI_TML,Machine learning,5.01,
LV,2024,G,Wholesale and retail trade; repair of motor vehicles and motorcycles,E_AI_TML,Machine learning,0.75,
MT,2024,G,Wholesale and retail trade; repair of motor vehicles and motorcycles,E_AI_TML,Machine learning,3.69,
NL,2024,G,Wholesale and retail trade; repair of motor vehicles and motorcycles,E_AI_TML,Machine learning,5.0,
PL,2024,G,Wholesale and retail trade; repair of motor vehicles and motorcycles,E_AI_TML,Machine learning,1.12,
PT,2024,G,Wholesale and retail trade; repair of motor vehicles and motorcycles,E_AI_TML,Machine learning,1.56,
RO,2024,G,Wholesale and retail trade; repair of motor vehicles and motorcycles,E_AI_TML,Machine learning,1.15,
SE,2024,G,Wholesale and retail trade; repair of motor vehicles and motorcycles,E_AI_TML,Machine learning,6.73,
SI,2024,G,Wholesale and retail trade; repair of motor vehicles and motorcycles,E_AI_TML,Machine learning,5.9,
SK,2024,G,Wholesale and retail trade; repair of motor vehicles and motorcycles,E_AI_TML,Machine learning,2.62,
AT,2024,G,Wholesale and retail trade; repair of motor vehicles and motorcycles,E_AI_TNLG,Generacion de lenguaje,6.52,
BE,2024,G,Wholesale and retail trade; repair of motor vehicles and motorcycles,E_AI_TNLG,Generacion de lenguaje,12.61,
BG,2024,G,Wholesale and retail trade; repair of motor vehicles and motorcycles,E_AI_TNLG,Generacion de lenguaje,1.87,
CY,2024,G,Wholesale and retail trade; repair of motor vehicles and motorcycles,E_AI_TNLG,Generacion de lenguaje,2.08,
CZ,2024,G,Wholesale and retail trade; repair of motor vehicles and motorcycles,E_AI_TNLG,Generacion de lenguaje,8.67,
DE,2024,G,Wholesale and retail trade; repair of motor vehicles and motorcycles,E_AI_TNLG,Generacion de lenguaje,6.07,
DK,2024,G,Wholesale and retail trade; repair of motor vehicles and motorcycles,E_AI_TNLG,Generacion de lenguaje,18.49,
EE,2024,G,Wholesale and retail trade; repair of motor vehicles and motorcycles,E_AI_TNLG,Generacion de lenguaje,4.08,
EL,2024,G,Wholesale and retail trade; repair of motor vehicles and motorcycles,E_AI_TNLG,Generacion de lenguaje,4.97,
ES,2024,G,Wholesale and retail trade; repair of motor vehicles and motorcycles,E_AI_TNLG,Generacion de lenguaje,3.54,
EU27_2020,2024,G,Wholesale and retail trade; repair of motor vehicles and motorcycles,E_AI_TNLG,Generacion de lenguaje,5.03,
FI,2024,G,Wholesale and retail trade; repair of motor vehicles and motorcycles,E_AI_TNLG,Generacion de lenguaje,8.17,
FR,2024,G,Wholesale and retail trade; repair of motor vehicles and motorcycles,E_AI_TNLG,Generacion de lenguaje,2.12,
HR,2024,G,Wholesale and retail trade; repair of motor vehicles and motorcycles,E_AI_TNLG,Generacion de lenguaje,3.19,
HU,2024,G,Wholesale and retail trade; repair of motor vehicles and motorcycles,E_AI_TNLG,Generacion de lenguaje,3.02,
IE,2024,G,Wholesale and retail trade; repair of motor vehicles and motorcycles,E_AI_TNLG,Generacion de lenguaje,5.34,
IT,2024,G,Wholesale and retail trade; repair of motor vehicles and motorcycles,E_AI_TNLG,Generacion de lenguaje,3.96,
LT,2024,G,Wholesale and retail trade; repair of motor vehicles and motorcycles,E_AI_TNLG,Generacion de lenguaje,3.33,
LU,2024,G,Wholesale and retail trade; repair of motor vehicles and motorcycles,E_AI_TNLG,Generacion de lenguaje,7.62,
LV,2024,G,Wholesale and retail trade; repair of motor vehicles and motorcycles,E_AI_TNLG,Generacion de lenguaje,1.94,
MT,2024,G,Wholesale and retail trade; repair of motor vehicles and motorcycles,E_AI_TNLG,Generacion de lenguaje,2.9,
NL,2024,G,Wholesale and retail trade; repair of motor vehicles and motorcycles,E_AI_TNLG,Generacion de lenguaje,13.65,
PL,2024,G,Wholesale and retail trade; repair of motor vehicles and motorcycles,E_AI_TNLG,Generacion de lenguaje,2.38,
PT,2024,G,Wholesale and retail trade; repair of motor vehicles and motorcycles,E_AI_TNLG,Generacion de lenguaje,1.64,
RO,2024,G,Wholesale and retail trade; repair of motor vehicles and motorcycles,E_AI_TNLG,Generacion de lenguaje,1.61,
SE,2024,G,Wholesale and retail trade; repair of motor vehicles and motorcycles,E_AI_TNLG,Generacion de lenguaje,7.9,
SI,2024,G,Wholesale and retail trade; repair of motor vehicles and motorcycles,E_AI_TNLG,Generacion de lenguaje,12.26,
SK,2024,G,Wholesale and retail trade; repair of motor vehicles and motorcycles,E_AI_TNLG,Generacion de lenguaje,4.29,
AT,2024,G,Wholesale and retail trade; repair of motor vehicles and motorcycles,E_AI_TPA,Automatizacion de procesos,4.06,
BE,2024,G,Wholesale and retail trade; repair of motor vehicles and motorcycles,E_AI_TPA,Automatizacion de procesos,10.27,
BG,2024,G,Wholesale and retail trade; repair of motor vehicles and motorcycles,E_AI_TPA,Automatizacion de procesos,2.31,
CY,2024,G,Wholesale and retail trade; repair of motor vehicles and motorcycles,E_AI_TPA,Automatizacion de procesos,1.25,
CZ,2024,G,Wholesale and retail trade; repair of motor vehicles and motorcycles,E_AI_TPA,Automatizacion de procesos,1.75,
DE,2024,G,Wholesale and retail trade; repair of motor vehicles and motorcycles,E_AI_TPA,Automatizacion de procesos,3.06,
DK,2024,G,Wholesale and retail trade; repair of motor vehicles and motorcycles,E_AI_TPA,Automatizacion de procesos,11.69,
EE,2024,G,Wholesale and retail trade; repair of motor vehicles and motorcycles,E_AI_TPA,Automatizacion de procesos,1.9,
EL,2024,G,Wholesale and retail trade; repair of motor vehicles and motorcycles,E_AI_TPA,Automatizacion de procesos,3.11,
ES,2024,G,Wholesale and retail trade; repair of motor vehicles and motorcycles,E_AI_TPA,Automatizacion de procesos,3.17,
EU27_2020,2024,G,Wholesale and retail trade; repair of motor vehicles and motorcycles,E_AI_TPA,Automatizacion de procesos,3.24,
FI,2024,G,Wholesale and retail trade; repair of motor vehicles and motorcycles,E_AI_TPA,Automatizacion de procesos,6.92,
FR,2024,G,Wholesale and retail trade; repair of motor vehicles and motorcycles,E_AI_TPA,Automatizacion de procesos,2.98,
HR,2024,G,Wholesale and retail trade; repair of motor vehicles and motorcycles,E_AI_TPA,Automatizacion de procesos,2.37,
HU,2024,G,Wholesale and retail trade; repair of motor vehicles and motorcycles,E_AI_TPA,Automatizacion de procesos,1.95,
IE,2024,G,Wholesale and retail trade; repair of motor vehicles and motorcycles,E_AI_TPA,Automatizacion de procesos,3.44,
IT,2024,G,Wholesale and retail trade; repair of motor vehicles and motorcycles,E_AI_TPA,Automatizacion de procesos,2.15,
LT,2024,G,Wholesale and retail trade; repair of motor vehicles and motorcycles,E_AI_TPA,Automatizacion de procesos,3.76,
LU,2024,G,Wholesale and retail trade; repair of motor vehicles and motorcycles,E_AI_TPA,Automatizacion de procesos,4.43,
LV,2024,G,Wholesale and retail trade; repair of motor vehicles and motorcycles,E_AI_TPA,Automatizacion de procesos,1.57,
MT,2024,G,Wholesale and retail trade; repair of motor vehicles and motorcycles,E_AI_TPA,Automatizacion de procesos,4.17,
NL,2024,G,Wholesale and retail trade; repair of motor vehicles and motorcycles,E_AI_TPA,Automatizacion de procesos,4.87,
PL,2024,G,Wholesale and retail trade; repair of motor vehicles and motorcycles,E_AI_TPA,Automatizacion de procesos,2.26,
PT,2024,G,Wholesale and retail trade; repair of motor vehicles and motorcycles,E_AI_TPA,Automatizacion de procesos,1.93,
RO,2024,G,Wholesale and retail trade; repair of motor vehicles and motorcycles,E_AI_TPA,Automatizacion de procesos,0.64,
SE,2024,G,Wholesale and retail trade; repair of motor vehicles and motorcycles,E_AI_TPA,Automatizacion de procesos,7.68,
SI,2024,G,Wholesale and retail trade; repair of motor vehicles and motorcycles,E_AI_TPA,Automatizacion de procesos,4.73,
SK,2024,G,Wholesale and retail trade; repair of motor vehicles and motorcycles,E_AI_TPA,Automatizacion de procesos,5.01,
AT,2024,G,Wholesale and retail trade; repair of motor vehicles and motorcycles,E_AI_TPVSG,Generacion de imagen/audio,,
BE,2024,G,Wholesale and retail trade; repair of motor vehicles and motorcycles,E_AI_TPVSG,Generacion de imagen/audio,,
BG,2024,G,Wholesale and retail trade; repair of motor vehicles and motorcycles,E_AI_TPVSG,Generacion de imagen/audio,,
CY,2024,G,Wholesale and retail trade; repair of motor vehicles and motorcycles,E_AI_TPVSG,Generacion de imagen/audio,,
CZ,2024,G,Wholesale and retail trade; repair of motor vehicles and motorcycles,E_AI_TPVSG,Generacion de imagen/audio,,
DE,2024,G,Wholesale and retail trade; repair of motor vehicles and motorcycles,E_AI_TPVSG,Generacion de imagen/audio,,
DK,2024,G,Wholesale and retail trade; repair of motor vehicles and motorcycles,E_AI_TPVSG,Generacion de imagen/audio,,
EE,2024,G,Wholesale and retail trade; repair of motor vehicles and motorcycles,E_AI_TPVSG,Generacion de imagen/audio,,
EL,2024,G,Wholesale and retail trade; repair of motor vehicles and motorcycles,E_AI_TPVSG,Generacion de imagen/audio,,
ES,2024,G,Wholesale and retail trade; repair of motor vehicles and motorcycles,E_AI_TPVSG,Generacion de imagen/audio,,
EU27_2020,2024,G,Wholesale and retail trade; repair of motor vehicles and motorcycles,E_AI_TPVSG,Generacion de imagen/audio,,
FI,2024,G,Wholesale and retail trade; repair of motor vehicles and motorcycles,E_AI_TPVSG,Generacion de imagen/audio,,
FR,2024,G,Wholesale and retail trade; repair of motor vehicles and motorcycles,E_AI_TPVSG,Generacion de imagen/audio,,
HR,2024,G,Wholesale and retail trade; repair of motor vehicles and motorcycles,E_AI_TPVSG,Generacion de imagen/audio,,
HU,2024,G,Wholesale and retail trade; repair of motor vehicles and motorcycles,E_AI_TPVSG,Generacion de imagen/audio,,
IE,2024,G,Wholesale and retail trade; repair of motor vehicles and motorcycles,E_AI_TPVSG,Generacion de imagen/audio,,
IT,2024,G,Wholesale and retail trade; repair of motor vehicles and motorcycles,E_AI_TPVSG,Generacion de imagen/audio,,
LT,2024,G,Wholesale and retail trade; repair of motor vehicles and motorcycles,E_AI_TPVSG,Generacion de imagen/audio,,
LU,2024,G,Wholesale and retail trade; repair of motor vehicles and motorcycles,E_AI_TPVSG,Generacion de imagen/audio,,
LV,2024,G,Wholesale and retail trade; repair of motor vehicles and motorcycles,E_AI_TPVSG,Generacion de imagen/audio,,
MT,2024,G,Wholesale and retail trade; repair of motor vehicles and motorcycles,E_AI_TPVSG,Generacion de imagen/audio,,
NL,2024,G,Wholesale and retail trade; repair of motor vehicles and motorcycles,E_AI_TPVSG,Generacion de imagen/audio,,
PL,2024,G,Wholesale and retail trade; repair of motor vehicles and motorcycles,E_AI_TPVSG,Generacion de imagen/audio,,
PT,2024,G,Wholesale and retail trade; repair of motor vehicles and motorcycles,E_AI_TPVSG,Generacion de imagen/audio,,
RO,2024,G,Wholesale and retail trade; repair of motor vehicles and motorcycles,E_AI_TPVSG,Generacion de imagen/audio,,
SE,2024,G,Wholesale and retail trade; repair of motor vehicles and motorcycles,E_AI_TPVSG,Generacion de imagen/audio,,
SI,2024,G,Wholesale and retail trade; repair of motor vehicles and motorcycles,E_AI_TPVSG,Generacion de imagen/audio,,
SK,2024,G,Wholesale and retail trade; repair of motor vehicles and motorcycles,E_AI_TPVSG,Generacion de imagen/audio,,
AT,2024,G,Wholesale and retail trade; repair of motor vehicles and motorcycles,E_AI_TSR,Reconocimiento de voz,4.52,
BE,2024,G,Wholesale and retail trade; repair of motor vehicles and motorcycles,E_AI_TSR,Reconocimiento de voz,8.29,
BG,2024,G,Wholesale and retail trade; repair of motor vehicles and motorcycles,E_AI_TSR,Reconocimiento de voz,1.7,
CY,2024,G,Wholesale and retail trade; repair of motor vehicles and motorcycles,E_AI_TSR,Reconocimiento de voz,0.77,
CZ,2024,G,Wholesale and retail trade; repair of motor vehicles and motorcycles,E_AI_TSR,Reconocimiento de voz,1.73,
DE,2024,G,Wholesale and retail trade; repair of motor vehicles and motorcycles,E_AI_TSR,Reconocimiento de voz,6.62,
DK,2024,G,Wholesale and retail trade; repair of motor vehicles and motorcycles,E_AI_TSR,Reconocimiento de voz,7.15,
EE,2024,G,Wholesale and retail trade; repair of motor vehicles and motorcycles,E_AI_TSR,Reconocimiento de voz,1.54,
EL,2024,G,Wholesale and retail trade; repair of motor vehicles and motorcycles,E_AI_TSR,Reconocimiento de voz,3.64,
ES,2024,G,Wholesale and retail trade; repair of motor vehicles and motorcycles,E_AI_TSR,Reconocimiento de voz,3.15,
EU27_2020,2024,G,Wholesale and retail trade; repair of motor vehicles and motorcycles,E_AI_TSR,Reconocimiento de voz,3.83,
FI,2024,G,Wholesale and retail trade; repair of motor vehicles and motorcycles,E_AI_TSR,Reconocimiento de voz,4.86,
FR,2024,G,Wholesale and retail trade; repair of motor vehicles and motorcycles,E_AI_TSR,Reconocimiento de voz,2.1,
HR,2024,G,Wholesale and retail trade; repair of motor vehicles and motorcycles,E_AI_TSR,Reconocimiento de voz,1.61,
HU,2024,G,Wholesale and retail trade; repair of motor vehicles and motorcycles,E_AI_TSR,Reconocimiento de voz,2.71,
IE,2024,G,Wholesale and retail trade; repair of motor vehicles and motorcycles,E_AI_TSR,Reconocimiento de voz,2.99,
IT,2024,G,Wholesale and retail trade; repair of motor vehicles and motorcycles,E_AI_TSR,Reconocimiento de voz,2.96,
LT,2024,G,Wholesale and retail trade; repair of motor vehicles and motorcycles,E_AI_TSR,Reconocimiento de voz,3.13,
LU,2024,G,Wholesale and retail trade; repair of motor vehicles and motorcycles,E_AI_TSR,Reconocimiento de voz,5.75,
LV,2024,G,Wholesale and retail trade; repair of motor vehicles and motorcycles,E_AI_TSR,Reconocimiento de voz,1.48,
MT,2024,G,Wholesale and retail trade; repair of motor vehicles and motorcycles,E_AI_TSR,Reconocimiento de voz,1.22,
NL,2024,G,Wholesale and retail trade; repair of motor vehicles and motorcycles,E_AI_TSR,Reconocimiento de voz,5.73,
PL,2024,G,Wholesale and retail trade; repair of motor vehicles and motorcycles,E_AI_TSR,Reconocimiento de voz,1.27,
PT,2024,G,Wholesale and retail trade; repair of motor vehicles and motorcycles,E_AI_TSR,Reconocimiento de voz,1.47,
RO,2024,G,Wholesale and retail trade; repair of motor vehicles and motorcycles,E_AI_TSR,Reconocimiento de voz,0.72,
SE,2024,G,Wholesale and retail trade; repair of motor vehicles and motorcycles,E_AI_TSR,Reconocimiento de voz,5.58,
SI,2024,G,Wholesale and retail trade; repair of motor vehicles and motorcycles,E_AI_TSR,Reconocimiento de voz,5.98,
SK,2024,G,Wholesale and retail trade; repair of motor vehicles and motorcycles,E_AI_TSR,Reconocimiento de voz,3.9,
AT,2024,G,Wholesale and retail trade; repair of motor vehicles and motorcycles,E_AI_TTM,Mineria de texto,9.48,
BE,2024,G,Wholesale and retail trade; repair of motor vehicles and motorcycles,E_AI_TTM,Mineria de texto,13.29,
BG,2024,G,Wholesale and retail trade; repair of motor vehicles and motorcycles,E_AI_TTM,Mineria de texto,4.0,
CY,2024,G,Wholesale and retail trade; repair of motor vehicles and motorcycles,E_AI_TTM,Mineria de texto,1.55,
CZ,2024,G,Wholesale and retail trade; repair of motor vehicles and motorcycles,E_AI_TTM,Mineria de texto,7.76,
DE,2024,G,Wholesale and retail trade; repair of motor vehicles and motorcycles,E_AI_TTM,Mineria de texto,7.63,
DK,2024,G,Wholesale and retail trade; repair of motor vehicles and motorcycles,E_AI_TTM,Mineria de texto,16.46,
EE,2024,G,Wholesale and retail trade; repair of motor vehicles and motorcycles,E_AI_TTM,Mineria de texto,5.94,
EL,2024,G,Wholesale and retail trade; repair of motor vehicles and motorcycles,E_AI_TTM,Mineria de texto,3.36,
ES,2024,G,Wholesale and retail trade; repair of motor vehicles and motorcycles,E_AI_TTM,Mineria de texto,3.66,
EU27_2020,2024,G,Wholesale and retail trade; repair of motor vehicles and motorcycles,E_AI_TTM,Mineria de texto,5.98,
FI,2024,G,Wholesale and retail trade; repair of motor vehicles and motorcycles,E_AI_TTM,Mineria de texto,15.21,
FR,2024,G,Wholesale and retail trade; repair of motor vehicles and motorcycles,E_AI_TTM,Mineria de texto,4.63,
HR,2024,G,Wholesale and retail trade; repair of motor vehicles and motorcycles,E_AI_TTM,Mineria de texto,6.82,
HU,2024,G,Wholesale and retail trade; repair of motor vehicles and motorcycles,E_AI_TTM,Mineria de texto,2.49,
IE,2024,G,Wholesale and retail trade; repair of motor vehicles and motorcycles,E_AI_TTM,Mineria de texto,3.71,
IT,2024,G,Wholesale and retail trade; repair of motor vehicles and motorcycles,E_AI_TTM,Mineria de texto,3.83,
LT,2024,G,Wholesale and retail trade; repair of motor vehicles and motorcycles,E_AI_TTM,Mineria de texto,5.6,
LU,2024,G,Wholesale and retail trade; repair of motor vehicles and motorcycles,E_AI_TTM,Mineria de texto,14.69,
LV,2024,G,Wholesale and retail trade; repair of motor vehicles and motorcycles,E_AI_TTM,Mineria de texto,4.48,
MT,2024,G,Wholesale and retail trade; repair of motor vehicles and motorcycles,E_AI_TTM,Mineria de texto,4.25,
NL,2024,G,Wholesale and retail trade; repair of motor vehicles and motorcycles,E_AI_TTM,Mineria de texto,14.1,
PL,2024,G,Wholesale and retail trade; repair of motor vehicles and motorcycles,E_AI_TTM,Mineria de texto,1.38,
PT,2024,G,Wholesale and retail trade; repair of motor vehicles and motorcycles,E_AI_TTM,Mineria de texto,2.4,
RO,2024,G,Wholesale and retail trade; repair of motor vehicles and motorcycles,E_AI_TTM,Mineria de texto,1.63,
SE,2024,G,Wholesale and retail trade; repair of motor vehicles and motorcycles,E_AI_TTM,Mineria de texto,14.61,
SI,2024,G,Wholesale and retail trade; repair of motor vehicles and motorcycles,E_AI_TTM,Mineria de texto,7.08,
SK,2024,G,Wholesale and retail trade; repair of motor vehicles and motorcycles,E_AI_TTM,Mineria de texto,6.57,
AT,2024,H,Transportation and storage,E_AI_TANY,Cualquier IA,13.48,
BE,2024,H,Transportation and storage,E_AI_TANY,Cualquier IA,23.03,
BG,2024,H,Transportation and storage,E_AI_TANY,Cualquier IA,4.4,
CY,2024,H,Transportation and storage,E_AI_TANY,Cualquier IA,7.28,
CZ,2024,H,Transportation and storage,E_AI_TANY,Cualquier IA,5.65,
DE,2024,H,Transportation and storage,E_AI_TANY,Cualquier IA,11.48,
DK,2024,H,Transportation and storage,E_AI_TANY,Cualquier IA,21.1,
EE,2024,H,Transportation and storage,E_AI_TANY,Cualquier IA,10.13,
EL,2024,H,Transportation and storage,E_AI_TANY,Cualquier IA,11.64,
ES,2024,H,Transportation and storage,E_AI_TANY,Cualquier IA,8.59,
EU27_2020,2024,H,Transportation and storage,E_AI_TANY,Cualquier IA,8.13,
FI,2024,H,Transportation and storage,E_AI_TANY,Cualquier IA,6.95,
FR,2024,H,Transportation and storage,E_AI_TANY,Cualquier IA,5.28,
HR,2024,H,Transportation and storage,E_AI_TANY,Cualquier IA,7.83,
HU,2024,H,Transportation and storage,E_AI_TANY,Cualquier IA,3.95,
IE,2024,H,Transportation and storage,E_AI_TANY,Cualquier IA,7.87,
IT,2024,H,Transportation and storage,E_AI_TANY,Cualquier IA,5.24,
LT,2024,H,Transportation and storage,E_AI_TANY,Cualquier IA,4.96,
LU,2024,H,Transportation and storage,E_AI_TANY,Cualquier IA,14.54,
LV,2024,H,Transportation and storage,E_AI_TANY,Cualquier IA,5.19,
MT,2024,H,Transportation and storage,E_AI_TANY,Cualquier IA,20.63,
NL,2024,H,Transportation and storage,E_AI_TANY,Cualquier IA,10.99,
PL,2024,H,Transportation and storage,E_AI_TANY,Cualquier IA,2.46,
PT,2024,H,Transportation and storage,E_AI_TANY,Cualquier IA,4.9,
RO,2024,H,Transportation and storage,E_AI_TANY,Cualquier IA,2.73,
SE,2024,H,Transportation and storage,E_AI_TANY,Cualquier IA,15.54,
SI,2024,H,Transportation and storage,E_AI_TANY,Cualquier IA,18.97,
SK,2024,H,Transportation and storage,E_AI_TANY,Cualquier IA,8.22,
AT,2024,H,Transportation and storage,E_AI_TAR,Robots autonomos,0.71,
BE,2024,H,Transportation and storage,E_AI_TAR,Robots autonomos,6.49,
BG,2024,H,Transportation and storage,E_AI_TAR,Robots autonomos,,u
CY,2024,H,Transportation and storage,E_AI_TAR,Robots autonomos,0.39,
CZ,2024,H,Transportation and storage,E_AI_TAR,Robots autonomos,0.25,
DE,2024,H,Transportation and storage,E_AI_TAR,Robots autonomos,0.56,
DK,2024,H,Transportation and storage,E_AI_TAR,Robots autonomos,1.52,
EE,2024,H,Transportation and storage,E_AI_TAR,Robots autonomos,0.89,
EL,2024,H,Transportation and storage,E_AI_TAR,Robots autonomos,0.18,
ES,2024,H,Transportation and storage,E_AI_TAR,Robots autonomos,0.8,
EU27_2020,2024,H,Transportation and storage,E_AI_TAR,Robots autonomos,0.83,
FI,2024,H,Transportation and storage,E_AI_TAR,Robots autonomos,0.62,
FR,2024,H,Transportation and storage,E_AI_TAR,Robots autonomos,0.91,
HR,2024,H,Transportation and storage,E_AI_TAR,Robots autonomos,,@C
HU,2024,H,Transportation and storage,E_AI_TAR,Robots autonomos,1.21,
IE,2024,H,Transportation and storage,E_AI_TAR,Robots autonomos,0.32,
IT,2024,H,Transportation and storage,E_AI_TAR,Robots autonomos,0.85,
LT,2024,H,Transportation and storage,E_AI_TAR,Robots autonomos,1.04,
LU,2024,H,Transportation and storage,E_AI_TAR,Robots autonomos,1.15,
LV,2024,H,Transportation and storage,E_AI_TAR,Robots autonomos,0.2,
MT,2024,H,Transportation and storage,E_AI_TAR,Robots autonomos,4.2,
NL,2024,H,Transportation and storage,E_AI_TAR,Robots autonomos,1.58,
PL,2024,H,Transportation and storage,E_AI_TAR,Robots autonomos,0.37,
PT,2024,H,Transportation and storage,E_AI_TAR,Robots autonomos,0.37,
RO,2024,H,Transportation and storage,E_AI_TAR,Robots autonomos,0.63,
SE,2024,H,Transportation and storage,E_AI_TAR,Robots autonomos,1.56,
SI,2024,H,Transportation and storage,E_AI_TAR,Robots autonomos,1.05,
SK,2024,H,Transportation and storage,E_AI_TAR,Robots autonomos,0.26,
AT,2024,H,Transportation and storage,E_AI_TIR,Vision por computador,2.55,
BE,2024,H,Transportation and storage,E_AI_TIR,Vision por computador,6.44,
BG,2024,H,Transportation and storage,E_AI_TIR,Vision por computador,1.37,
CY,2024,H,Transportation and storage,E_AI_TIR,Vision por computador,2.99,
CZ,2024,H,Transportation and storage,E_AI_TIR,Vision por computador,0.51,
DE,2024,H,Transportation and storage,E_AI_TIR,Vision por computador,3.11,
DK,2024,H,Transportation and storage,E_AI_TIR,Vision por computador,4.15,
EE,2024,H,Transportation and storage,E_AI_TIR,Vision por computador,4.12,
EL,2024,H,Transportation and storage,E_AI_TIR,Vision por computador,3.64,
ES,2024,H,Transportation and storage,E_AI_TIR,Vision por computador,2.64,
EU27_2020,2024,H,Transportation and storage,E_AI_TIR,Vision por computador,2.4,
FI,2024,H,Transportation and storage,E_AI_TIR,Vision por computador,1.08,
FR,2024,H,Transportation and storage,E_AI_TIR,Vision por computador,2.06,
HR,2024,H,Transportation and storage,E_AI_TIR,Vision por computador,,@C
HU,2024,H,Transportation and storage,E_AI_TIR,Vision por computador,0.12,
IE,2024,H,Transportation and storage,E_AI_TIR,Vision por computador,2.71,
IT,2024,H,Transportation and storage,E_AI_TIR,Vision por computador,2.11,
LT,2024,H,Transportation and storage,E_AI_TIR,Vision por computador,0.73,
LU,2024,H,Transportation and storage,E_AI_TIR,Vision por computador,2.03,
LV,2024,H,Transportation and storage,E_AI_TIR,Vision por computador,2.32,
MT,2024,H,Transportation and storage,E_AI_TIR,Vision por computador,5.94,
NL,2024,H,Transportation and storage,E_AI_TIR,Vision por computador,2.81,
PL,2024,H,Transportation and storage,E_AI_TIR,Vision por computador,0.78,
PT,2024,H,Transportation and storage,E_AI_TIR,Vision por computador,1.41,
RO,2024,H,Transportation and storage,E_AI_TIR,Vision por computador,1.84,
SE,2024,H,Transportation and storage,E_AI_TIR,Vision por computador,5.47,
SI,2024,H,Transportation and storage,E_AI_TIR,Vision por computador,8.53,
SK,2024,H,Transportation and storage,E_AI_TIR,Vision por computador,1.09,
AT,2024,H,Transportation and storage,E_AI_TML,Machine learning,3.84,
BE,2024,H,Transportation and storage,E_AI_TML,Machine learning,9.39,
BG,2024,H,Transportation and storage,E_AI_TML,Machine learning,1.79,
CY,2024,H,Transportation and storage,E_AI_TML,Machine learning,5.07,
CZ,2024,H,Transportation and storage,E_AI_TML,Machine learning,1.62,
DE,2024,H,Transportation and storage,E_AI_TML,Machine learning,2.07,
DK,2024,H,Transportation and storage,E_AI_TML,Machine learning,8.56,
EE,2024,H,Transportation and storage,E_AI_TML,Machine learning,2.88,
EL,2024,H,Transportation and storage,E_AI_TML,Machine learning,3.07,
ES,2024,H,Transportation and storage,E_AI_TML,Machine learning,1.64,
EU27_2020,2024,H,Transportation and storage,E_AI_TML,Machine learning,1.98,
FI,2024,H,Transportation and storage,E_AI_TML,Machine learning,3.03,
FR,2024,H,Transportation and storage,E_AI_TML,Machine learning,1.57,
HR,2024,H,Transportation and storage,E_AI_TML,Machine learning,1.62,
HU,2024,H,Transportation and storage,E_AI_TML,Machine learning,0.37,
IE,2024,H,Transportation and storage,E_AI_TML,Machine learning,4.48,
IT,2024,H,Transportation and storage,E_AI_TML,Machine learning,1.18,
LT,2024,H,Transportation and storage,E_AI_TML,Machine learning,0.37,
LU,2024,H,Transportation and storage,E_AI_TML,Machine learning,3.61,
LV,2024,H,Transportation and storage,E_AI_TML,Machine learning,2.06,
MT,2024,H,Transportation and storage,E_AI_TML,Machine learning,8.65,
NL,2024,H,Transportation and storage,E_AI_TML,Machine learning,3.34,
PL,2024,H,Transportation and storage,E_AI_TML,Machine learning,0.51,
PT,2024,H,Transportation and storage,E_AI_TML,Machine learning,0.9,
RO,2024,H,Transportation and storage,E_AI_TML,Machine learning,1.32,
SE,2024,H,Transportation and storage,E_AI_TML,Machine learning,3.82,
SI,2024,H,Transportation and storage,E_AI_TML,Machine learning,1.39,
SK,2024,H,Transportation and storage,E_AI_TML,Machine learning,2.21,
AT,2024,H,Transportation and storage,E_AI_TNLG,Generacion de lenguaje,4.8,
BE,2024,H,Transportation and storage,E_AI_TNLG,Generacion de lenguaje,11.66,
BG,2024,H,Transportation and storage,E_AI_TNLG,Generacion de lenguaje,,u
CY,2024,H,Transportation and storage,E_AI_TNLG,Generacion de lenguaje,0.9,
CZ,2024,H,Transportation and storage,E_AI_TNLG,Generacion de lenguaje,3.14,
DE,2024,H,Transportation and storage,E_AI_TNLG,Generacion de lenguaje,5.09,
DK,2024,H,Transportation and storage,E_AI_TNLG,Generacion de lenguaje,12.65,
EE,2024,H,Transportation and storage,E_AI_TNLG,Generacion de lenguaje,3.15,
EL,2024,H,Transportation and storage,E_AI_TNLG,Generacion de lenguaje,3.76,
ES,2024,H,Transportation and storage,E_AI_TNLG,Generacion de lenguaje,3.01,
EU27_2020,2024,H,Transportation and storage,E_AI_TNLG,Generacion de lenguaje,3.32,
FI,2024,H,Transportation and storage,E_AI_TNLG,Generacion de lenguaje,3.11,
FR,2024,H,Transportation and storage,E_AI_TNLG,Generacion de lenguaje,0.29,
HR,2024,H,Transportation and storage,E_AI_TNLG,Generacion de lenguaje,2.63,
HU,2024,H,Transportation and storage,E_AI_TNLG,Generacion de lenguaje,1.88,
IE,2024,H,Transportation and storage,E_AI_TNLG,Generacion de lenguaje,2.68,
IT,2024,H,Transportation and storage,E_AI_TNLG,Generacion de lenguaje,2.32,
LT,2024,H,Transportation and storage,E_AI_TNLG,Generacion de lenguaje,0.68,
LU,2024,H,Transportation and storage,E_AI_TNLG,Generacion de lenguaje,5.28,
LV,2024,H,Transportation and storage,E_AI_TNLG,Generacion de lenguaje,1.44,
MT,2024,H,Transportation and storage,E_AI_TNLG,Generacion de lenguaje,4.2,
NL,2024,H,Transportation and storage,E_AI_TNLG,Generacion de lenguaje,5.23,
PL,2024,H,Transportation and storage,E_AI_TNLG,Generacion de lenguaje,1.06,
PT,2024,H,Transportation and storage,E_AI_TNLG,Generacion de lenguaje,2.16,
RO,2024,H,Transportation and storage,E_AI_TNLG,Generacion de lenguaje,1.87,
SE,2024,H,Transportation and storage,E_AI_TNLG,Generacion de lenguaje,7.48,
SI,2024,H,Transportation and storage,E_AI_TNLG,Generacion de lenguaje,11.67,
SK,2024,H,Transportation and storage,E_AI_TNLG,Generacion de lenguaje,2.49,
AT,2024,H,Transportation and storage,E_AI_TPA,Automatizacion de procesos,3.54,
BE,2024,H,Transportation and storage,E_AI_TPA,Automatizacion de procesos,12.4,
BG,2024,H,Transportation and storage,E_AI_TPA,Automatizacion de procesos,2.62,
CY,2024,H,Transportation and storage,E_AI_TPA,Automatizacion de procesos,2.2,
CZ,2024,H,Transportation and storage,E_AI_TPA,Automatizacion de procesos,0.9,
DE,2024,H,Transportation and storage,E_AI_TPA,Automatizacion de procesos,2.3,
DK,2024,H,Transportation and storage,E_AI_TPA,Automatizacion de procesos,11.47,
EE,2024,H,Transportation and storage,E_AI_TPA,Automatizacion de procesos,0.91,
EL,2024,H,Transportation and storage,E_AI_TPA,Automatizacion de procesos,2.52,
ES,2024,H,Transportation and storage,E_AI_TPA,Automatizacion de procesos,2.76,
EU27_2020,2024,H,Transportation and storage,E_AI_TPA,Automatizacion de procesos,2.33,
FI,2024,H,Transportation and storage,E_AI_TPA,Automatizacion de procesos,4.3,
FR,2024,H,Transportation and storage,E_AI_TPA,Automatizacion de procesos,1.73,
HR,2024,H,Transportation and storage,E_AI_TPA,Automatizacion de procesos,2.2,
HU,2024,H,Transportation and storage,E_AI_TPA,Automatizacion de procesos,0.95,
IE,2024,H,Transportation and storage,E_AI_TPA,Automatizacion de procesos,4.7,
IT,2024,H,Transportation and storage,E_AI_TPA,Automatizacion de procesos,1.37,
LT,2024,H,Transportation and storage,E_AI_TPA,Automatizacion de procesos,0.83,
LU,2024,H,Transportation and storage,E_AI_TPA,Automatizacion de procesos,3.01,
LV,2024,H,Transportation and storage,E_AI_TPA,Automatizacion de procesos,0.79,
MT,2024,H,Transportation and storage,E_AI_TPA,Automatizacion de procesos,7.47,
NL,2024,H,Transportation and storage,E_AI_TPA,Automatizacion de procesos,4.11,
PL,2024,H,Transportation and storage,E_AI_TPA,Automatizacion de procesos,0.96,
PT,2024,H,Transportation and storage,E_AI_TPA,Automatizacion de procesos,1.0,
RO,2024,H,Transportation and storage,E_AI_TPA,Automatizacion de procesos,0.79,
SE,2024,H,Transportation and storage,E_AI_TPA,Automatizacion de procesos,4.05,
SI,2024,H,Transportation and storage,E_AI_TPA,Automatizacion de procesos,2.32,
SK,2024,H,Transportation and storage,E_AI_TPA,Automatizacion de procesos,3.79,
AT,2024,H,Transportation and storage,E_AI_TPVSG,Generacion de imagen/audio,,
BE,2024,H,Transportation and storage,E_AI_TPVSG,Generacion de imagen/audio,,
BG,2024,H,Transportation and storage,E_AI_TPVSG,Generacion de imagen/audio,,
CY,2024,H,Transportation and storage,E_AI_TPVSG,Generacion de imagen/audio,,
CZ,2024,H,Transportation and storage,E_AI_TPVSG,Generacion de imagen/audio,,
DE,2024,H,Transportation and storage,E_AI_TPVSG,Generacion de imagen/audio,,
DK,2024,H,Transportation and storage,E_AI_TPVSG,Generacion de imagen/audio,,
EE,2024,H,Transportation and storage,E_AI_TPVSG,Generacion de imagen/audio,,
EL,2024,H,Transportation and storage,E_AI_TPVSG,Generacion de imagen/audio,,
ES,2024,H,Transportation and storage,E_AI_TPVSG,Generacion de imagen/audio,,
EU27_2020,2024,H,Transportation and storage,E_AI_TPVSG,Generacion de imagen/audio,,
FI,2024,H,Transportation and storage,E_AI_TPVSG,Generacion de imagen/audio,,
FR,2024,H,Transportation and storage,E_AI_TPVSG,Generacion de imagen/audio,,
HR,2024,H,Transportation and storage,E_AI_TPVSG,Generacion de imagen/audio,,
HU,2024,H,Transportation and storage,E_AI_TPVSG,Generacion de imagen/audio,,
IE,2024,H,Transportation and storage,E_AI_TPVSG,Generacion de imagen/audio,,
IT,2024,H,Transportation and storage,E_AI_TPVSG,Generacion de imagen/audio,,
LT,2024,H,Transportation and storage,E_AI_TPVSG,Generacion de imagen/audio,,
LU,2024,H,Transportation and storage,E_AI_TPVSG,Generacion de imagen/audio,,
LV,2024,H,Transportation and storage,E_AI_TPVSG,Generacion de imagen/audio,,
MT,2024,H,Transportation and storage,E_AI_TPVSG,Generacion de imagen/audio,,
NL,2024,H,Transportation and storage,E_AI_TPVSG,Generacion de imagen/audio,,
PL,2024,H,Transportation and storage,E_AI_TPVSG,Generacion de imagen/audio,,
PT,2024,H,Transportation and storage,E_AI_TPVSG,Generacion de imagen/audio,,
RO,2024,H,Transportation and storage,E_AI_TPVSG,Generacion de imagen/audio,,
SE,2024,H,Transportation and storage,E_AI_TPVSG,Generacion de imagen/audio,,
SI,2024,H,Transportation and storage,E_AI_TPVSG,Generacion de imagen/audio,,
SK,2024,H,Transportation and storage,E_AI_TPVSG,Generacion de imagen/audio,,
AT,2024,H,Transportation and storage,E_AI_TSR,Reconocimiento de voz,3.21,
BE,2024,H,Transportation and storage,E_AI_TSR,Reconocimiento de voz,7.67,
BG,2024,H,Transportation and storage,E_AI_TSR,Reconocimiento de voz,1.14,
CY,2024,H,Transportation and storage,E_AI_TSR,Reconocimiento de voz,0.9,
CZ,2024,H,Transportation and storage,E_AI_TSR,Reconocimiento de voz,0.48,
DE,2024,H,Transportation and storage,E_AI_TSR,Reconocimiento de voz,4.97,
DK,2024,H,Transportation and storage,E_AI_TSR,Reconocimiento de voz,5.02,
EE,2024,H,Transportation and storage,E_AI_TSR,Reconocimiento de voz,1.22,
EL,2024,H,Transportation and storage,E_AI_TSR,Reconocimiento de voz,4.23,
ES,2024,H,Transportation and storage,E_AI_TSR,Reconocimiento de voz,4.55,
EU27_2020,2024,H,Transportation and storage,E_AI_TSR,Reconocimiento de voz,2.83,
FI,2024,H,Transportation and storage,E_AI_TSR,Reconocimiento de voz,1.23,
FR,2024,H,Transportation and storage,E_AI_TSR,Reconocimiento de voz,0.31,
HR,2024,H,Transportation and storage,E_AI_TSR,Reconocimiento de voz,2.82,
HU,2024,H,Transportation and storage,E_AI_TSR,Reconocimiento de voz,1.54,
IE,2024,H,Transportation and storage,E_AI_TSR,Reconocimiento de voz,3.48,
IT,2024,H,Transportation and storage,E_AI_TSR,Reconocimiento de voz,2.86,
LT,2024,H,Transportation and storage,E_AI_TSR,Reconocimiento de voz,0.57,
LU,2024,H,Transportation and storage,E_AI_TSR,Reconocimiento de voz,2.38,
LV,2024,H,Transportation and storage,E_AI_TSR,Reconocimiento de voz,1.04,
MT,2024,H,Transportation and storage,E_AI_TSR,Reconocimiento de voz,4.45,
NL,2024,H,Transportation and storage,E_AI_TSR,Reconocimiento de voz,2.06,
PL,2024,H,Transportation and storage,E_AI_TSR,Reconocimiento de voz,0.24,
PT,2024,H,Transportation and storage,E_AI_TSR,Reconocimiento de voz,0.71,
RO,2024,H,Transportation and storage,E_AI_TSR,Reconocimiento de voz,1.87,
SE,2024,H,Transportation and storage,E_AI_TSR,Reconocimiento de voz,4.88,
SI,2024,H,Transportation and storage,E_AI_TSR,Reconocimiento de voz,2.1,
SK,2024,H,Transportation and storage,E_AI_TSR,Reconocimiento de voz,1.01,
AT,2024,H,Transportation and storage,E_AI_TTM,Mineria de texto,9.06,
BE,2024,H,Transportation and storage,E_AI_TTM,Mineria de texto,15.26,
BG,2024,H,Transportation and storage,E_AI_TTM,Mineria de texto,2.28,
CY,2024,H,Transportation and storage,E_AI_TTM,Mineria de texto,2.32,
CZ,2024,H,Transportation and storage,E_AI_TTM,Mineria de texto,3.15,
DE,2024,H,Transportation and storage,E_AI_TTM,Mineria de texto,5.38,
DK,2024,H,Transportation and storage,E_AI_TTM,Mineria de texto,12.39,
EE,2024,H,Transportation and storage,E_AI_TTM,Mineria de texto,5.64,
EL,2024,H,Transportation and storage,E_AI_TTM,Mineria de texto,3.42,
ES,2024,H,Transportation and storage,E_AI_TTM,Mineria de texto,2.69,
EU27_2020,2024,H,Transportation and storage,E_AI_TTM,Mineria de texto,3.7,
FI,2024,H,Transportation and storage,E_AI_TTM,Mineria de texto,2.15,
FR,2024,H,Transportation and storage,E_AI_TTM,Mineria de texto,1.1,
HR,2024,H,Transportation and storage,E_AI_TTM,Mineria de texto,5.38,
HU,2024,H,Transportation and storage,E_AI_TTM,Mineria de texto,0.63,
IE,2024,H,Transportation and storage,E_AI_TTM,Mineria de texto,3.29,
IT,2024,H,Transportation and storage,E_AI_TTM,Mineria de texto,2.28,
LT,2024,H,Transportation and storage,E_AI_TTM,Mineria de texto,3.29,
LU,2024,H,Transportation and storage,E_AI_TTM,Mineria de texto,9.18,
LV,2024,H,Transportation and storage,E_AI_TTM,Mineria de texto,3.62,
MT,2024,H,Transportation and storage,E_AI_TTM,Mineria de texto,5.99,
NL,2024,H,Transportation and storage,E_AI_TTM,Mineria de texto,5.28,
PL,2024,H,Transportation and storage,E_AI_TTM,Mineria de texto,0.37,
PT,2024,H,Transportation and storage,E_AI_TTM,Mineria de texto,3.67,
RO,2024,H,Transportation and storage,E_AI_TTM,Mineria de texto,1.39,
SE,2024,H,Transportation and storage,E_AI_TTM,Mineria de texto,9.84,
SI,2024,H,Transportation and storage,E_AI_TTM,Mineria de texto,4.86,
SK,2024,H,Transportation and storage,E_AI_TTM,Mineria de texto,5.36,
AT,2024,I,Accommodation and food service activities,E_AI_TANY,Cualquier IA,15.87,
BE,2024,I,Accommodation and food service activities,E_AI_TANY,Cualquier IA,15.66,
BG,2024,I,Accommodation and food service activities,E_AI_TANY,Cualquier IA,2.66,
CY,2024,I,Accommodation and food service activities,E_AI_TANY,Cualquier IA,3.53,
CZ,2024,I,Accommodation and food service activities,E_AI_TANY,Cualquier IA,4.24,
DE,2024,I,Accommodation and food service activities,E_AI_TANY,Cualquier IA,8.26,
DK,2024,I,Accommodation and food service activities,E_AI_TANY,Cualquier IA,10.79,
EE,2024,I,Accommodation and food service activities,E_AI_TANY,Cualquier IA,6.1,
EL,2024,I,Accommodation and food service activities,E_AI_TANY,Cualquier IA,6.24,
ES,2024,I,Accommodation and food service activities,E_AI_TANY,Cualquier IA,3.52,
EU27_2020,2024,I,Accommodation and food service activities,E_AI_TANY,Cualquier IA,6.09,
FI,2024,I,Accommodation and food service activities,E_AI_TANY,Cualquier IA,10.83,
FR,2024,I,Accommodation and food service activities,E_AI_TANY,Cualquier IA,5.09,
HR,2024,I,Accommodation and food service activities,E_AI_TANY,Cualquier IA,6.38,
HU,2024,I,Accommodation and food service activities,E_AI_TANY,Cualquier IA,4.53,
IE,2024,I,Accommodation and food service activities,E_AI_TANY,Cualquier IA,4.71,
IT,2024,I,Accommodation and food service activities,E_AI_TANY,Cualquier IA,2.73,
LT,2024,I,Accommodation and food service activities,E_AI_TANY,Cualquier IA,4.22,
LU,2024,I,Accommodation and food service activities,E_AI_TANY,Cualquier IA,6.83,
LV,2024,I,Accommodation and food service activities,E_AI_TANY,Cualquier IA,1.34,
MT,2024,I,Accommodation and food service activities,E_AI_TANY,Cualquier IA,9.8,
NL,2024,I,Accommodation and food service activities,E_AI_TANY,Cualquier IA,9.04,
PL,2024,I,Accommodation and food service activities,E_AI_TANY,Cualquier IA,2.43,
PT,2024,I,Accommodation and food service activities,E_AI_TANY,Cualquier IA,6.58,
RO,2024,I,Accommodation and food service activities,E_AI_TANY,Cualquier IA,0.08,
SE,2024,I,Accommodation and food service activities,E_AI_TANY,Cualquier IA,10.47,
SI,2024,I,Accommodation and food service activities,E_AI_TANY,Cualquier IA,16.85,
SK,2024,I,Accommodation and food service activities,E_AI_TANY,Cualquier IA,3.77,
AT,2024,I,Accommodation and food service activities,E_AI_TAR,Robots autonomos,0.96,
BE,2024,I,Accommodation and food service activities,E_AI_TAR,Robots autonomos,0.28,
BG,2024,I,Accommodation and food service activities,E_AI_TAR,Robots autonomos,,u
CY,2024,I,Accommodation and food service activities,E_AI_TAR,Robots autonomos,0.0,
CZ,2024,I,Accommodation and food service activities,E_AI_TAR,Robots autonomos,0.0,
DE,2024,I,Accommodation and food service activities,E_AI_TAR,Robots autonomos,0.25,
DK,2024,I,Accommodation and food service activities,E_AI_TAR,Robots autonomos,0.42,
EE,2024,I,Accommodation and food service activities,E_AI_TAR,Robots autonomos,0.0,
EL,2024,I,Accommodation and food service activities,E_AI_TAR,Robots autonomos,0.06,
ES,2024,I,Accommodation and food service activities,E_AI_TAR,Robots autonomos,0.3,
EU27_2020,2024,I,Accommodation and food service activities,E_AI_TAR,Robots autonomos,0.37,
FI,2024,I,Accommodation and food service activities,E_AI_TAR,Robots autonomos,1.19,
FR,2024,I,Accommodation and food service activities,E_AI_TAR,Robots autonomos,,@C
HR,2024,I,Accommodation and food service activities,E_AI_TAR,Robots autonomos,0.0,
HU,2024,I,Accommodation and food service activities,E_AI_TAR,Robots autonomos,0.0,
IE,2024,I,Accommodation and food service activities,E_AI_TAR,Robots autonomos,0.47,
IT,2024,I,Accommodation and food service activities,E_AI_TAR,Robots autonomos,0.78,
LT,2024,I,Accommodation and food service activities,E_AI_TAR,Robots autonomos,1.38,
LU,2024,I,Accommodation and food service activities,E_AI_TAR,Robots autonomos,0.29,
LV,2024,I,Accommodation and food service activities,E_AI_TAR,Robots autonomos,0.0,
MT,2024,I,Accommodation and food service activities,E_AI_TAR,Robots autonomos,0.59,
NL,2024,I,Accommodation and food service activities,E_AI_TAR,Robots autonomos,0.36,
PL,2024,I,Accommodation and food service activities,E_AI_TAR,Robots autonomos,0.1,
PT,2024,I,Accommodation and food service activities,E_AI_TAR,Robots autonomos,0.0,
RO,2024,I,Accommodation and food service activities,E_AI_TAR,Robots autonomos,0.06,
SE,2024,I,Accommodation and food service activities,E_AI_TAR,Robots autonomos,0.41,
SI,2024,I,Accommodation and food service activities,E_AI_TAR,Robots autonomos,1.32,
SK,2024,I,Accommodation and food service activities,E_AI_TAR,Robots autonomos,0.0,
AT,2024,I,Accommodation and food service activities,E_AI_TIR,Vision por computador,2.25,
BE,2024,I,Accommodation and food service activities,E_AI_TIR,Vision por computador,3.98,
BG,2024,I,Accommodation and food service activities,E_AI_TIR,Vision por computador,1.02,
CY,2024,I,Accommodation and food service activities,E_AI_TIR,Vision por computador,0.0,
CZ,2024,I,Accommodation and food service activities,E_AI_TIR,Vision por computador,0.31,
DE,2024,I,Accommodation and food service activities,E_AI_TIR,Vision por computador,1.63,
DK,2024,I,Accommodation and food service activities,E_AI_TIR,Vision por computador,1.87,
EE,2024,I,Accommodation and food service activities,E_AI_TIR,Vision por computador,0.55,
EL,2024,I,Accommodation and food service activities,E_AI_TIR,Vision por computador,0.09,
ES,2024,I,Accommodation and food service activities,E_AI_TIR,Vision por computador,1.03,
EU27_2020,2024,I,Accommodation and food service activities,E_AI_TIR,Vision por computador,1.06,
FI,2024,I,Accommodation and food service activities,E_AI_TIR,Vision por computador,0.69,
FR,2024,I,Accommodation and food service activities,E_AI_TIR,Vision por computador,0.58,
HR,2024,I,Accommodation and food service activities,E_AI_TIR,Vision por computador,0.78,
HU,2024,I,Accommodation and food service activities,E_AI_TIR,Vision por computador,0.71,
IE,2024,I,Accommodation and food service activities,E_AI_TIR,Vision por computador,0.89,
IT,2024,I,Accommodation and food service activities,E_AI_TIR,Vision por computador,0.89,
LT,2024,I,Accommodation and food service activities,E_AI_TIR,Vision por computador,2.15,
LU,2024,I,Accommodation and food service activities,E_AI_TIR,Vision por computador,0.0,
LV,2024,I,Accommodation and food service activities,E_AI_TIR,Vision por computador,0.0,
MT,2024,I,Accommodation and food service activities,E_AI_TIR,Vision por computador,4.83,
NL,2024,I,Accommodation and food service activities,E_AI_TIR,Vision por computador,0.65,
PL,2024,I,Accommodation and food service activities,E_AI_TIR,Vision por computador,0.55,
PT,2024,I,Accommodation and food service activities,E_AI_TIR,Vision por computador,1.2,
RO,2024,I,Accommodation and food service activities,E_AI_TIR,Vision por computador,0.0,
SE,2024,I,Accommodation and food service activities,E_AI_TIR,Vision por computador,1.4,
SI,2024,I,Accommodation and food service activities,E_AI_TIR,Vision por computador,9.71,
SK,2024,I,Accommodation and food service activities,E_AI_TIR,Vision por computador,0.39,
AT,2024,I,Accommodation and food service activities,E_AI_TML,Machine learning,3.95,
BE,2024,I,Accommodation and food service activities,E_AI_TML,Machine learning,0.2,
BG,2024,I,Accommodation and food service activities,E_AI_TML,Machine learning,,u
CY,2024,I,Accommodation and food service activities,E_AI_TML,Machine learning,1.79,
CZ,2024,I,Accommodation and food service activities,E_AI_TML,Machine learning,0.71,
DE,2024,I,Accommodation and food service activities,E_AI_TML,Machine learning,1.01,
DK,2024,I,Accommodation and food service activities,E_AI_TML,Machine learning,2.14,
EE,2024,I,Accommodation and food service activities,E_AI_TML,Machine learning,0.0,
EL,2024,I,Accommodation and food service activities,E_AI_TML,Machine learning,1.16,
ES,2024,I,Accommodation and food service activities,E_AI_TML,Machine learning,0.65,
EU27_2020,2024,I,Accommodation and food service activities,E_AI_TML,Machine learning,1.37,
FI,2024,I,Accommodation and food service activities,E_AI_TML,Machine learning,1.87,
FR,2024,I,Accommodation and food service activities,E_AI_TML,Machine learning,2.56,
HR,2024,I,Accommodation and food service activities,E_AI_TML,Machine learning,0.34,
HU,2024,I,Accommodation and food service activities,E_AI_TML,Machine learning,1.24,
IE,2024,I,Accommodation and food service activities,E_AI_TML,Machine learning,1.3,
IT,2024,I,Accommodation and food service activities,E_AI_TML,Machine learning,0.98,
LT,2024,I,Accommodation and food service activities,E_AI_TML,Machine learning,1.2,
LU,2024,I,Accommodation and food service activities,E_AI_TML,Machine learning,0.91,
LV,2024,I,Accommodation and food service activities,E_AI_TML,Machine learning,0.89,
MT,2024,I,Accommodation and food service activities,E_AI_TML,Machine learning,2.12,
NL,2024,I,Accommodation and food service activities,E_AI_TML,Machine learning,1.21,
PL,2024,I,Accommodation and food service activities,E_AI_TML,Machine learning,0.2,
PT,2024,I,Accommodation and food service activities,E_AI_TML,Machine learning,2.01,
RO,2024,I,Accommodation and food service activities,E_AI_TML,Machine learning,0.0,
SE,2024,I,Accommodation and food service activities,E_AI_TML,Machine learning,3.9,
SI,2024,I,Accommodation and food service activities,E_AI_TML,Machine learning,3.35,
SK,2024,I,Accommodation and food service activities,E_AI_TML,Machine learning,0.0,
AT,2024,I,Accommodation and food service activities,E_AI_TNLG,Generacion de lenguaje,6.05,
BE,2024,I,Accommodation and food service activities,E_AI_TNLG,Generacion de lenguaje,8.78,
BG,2024,I,Accommodation and food service activities,E_AI_TNLG,Generacion de lenguaje,,u
CY,2024,I,Accommodation and food service activities,E_AI_TNLG,Generacion de lenguaje,2.14,
CZ,2024,I,Accommodation and food service activities,E_AI_TNLG,Generacion de lenguaje,1.64,
DE,2024,I,Accommodation and food service activities,E_AI_TNLG,Generacion de lenguaje,2.39,
DK,2024,I,Accommodation and food service activities,E_AI_TNLG,Generacion de lenguaje,6.85,
EE,2024,I,Accommodation and food service activities,E_AI_TNLG,Generacion de lenguaje,1.99,
EL,2024,I,Accommodation and food service activities,E_AI_TNLG,Generacion de lenguaje,0.24,
ES,2024,I,Accommodation and food service activities,E_AI_TNLG,Generacion de lenguaje,1.16,
EU27_2020,2024,I,Accommodation and food service activities,E_AI_TNLG,Generacion de lenguaje,2.15,
FI,2024,I,Accommodation and food service activities,E_AI_TNLG,Generacion de lenguaje,3.38,
FR,2024,I,Accommodation and food service activities,E_AI_TNLG,Generacion de lenguaje,1.46,
HR,2024,I,Accommodation and food service activities,E_AI_TNLG,Generacion de lenguaje,2.48,
HU,2024,I,Accommodation and food service activities,E_AI_TNLG,Generacion de lenguaje,1.48,
IE,2024,I,Accommodation and food service activities,E_AI_TNLG,Generacion de lenguaje,3.7,
IT,2024,I,Accommodation and food service activities,E_AI_TNLG,Generacion de lenguaje,1.34,
LT,2024,I,Accommodation and food service activities,E_AI_TNLG,Generacion de lenguaje,1.81,
LU,2024,I,Accommodation and food service activities,E_AI_TNLG,Generacion de lenguaje,3.44,
LV,2024,I,Accommodation and food service activities,E_AI_TNLG,Generacion de lenguaje,0.0,
MT,2024,I,Accommodation and food service activities,E_AI_TNLG,Generacion de lenguaje,1.84,
NL,2024,I,Accommodation and food service activities,E_AI_TNLG,Generacion de lenguaje,4.79,
PL,2024,I,Accommodation and food service activities,E_AI_TNLG,Generacion de lenguaje,0.79,
PT,2024,I,Accommodation and food service activities,E_AI_TNLG,Generacion de lenguaje,3.06,
RO,2024,I,Accommodation and food service activities,E_AI_TNLG,Generacion de lenguaje,0.03,
SE,2024,I,Accommodation and food service activities,E_AI_TNLG,Generacion de lenguaje,4.81,
SI,2024,I,Accommodation and food service activities,E_AI_TNLG,Generacion de lenguaje,9.23,
SK,2024,I,Accommodation and food service activities,E_AI_TNLG,Generacion de lenguaje,0.0,
AT,2024,I,Accommodation and food service activities,E_AI_TPA,Automatizacion de procesos,2.14,
BE,2024,I,Accommodation and food service activities,E_AI_TPA,Automatizacion de procesos,2.0,
BG,2024,I,Accommodation and food service activities,E_AI_TPA,Automatizacion de procesos,0.39,
CY,2024,I,Accommodation and food service activities,E_AI_TPA,Automatizacion de procesos,0.28,
CZ,2024,I,Accommodation and food service activities,E_AI_TPA,Automatizacion de procesos,0.79,
DE,2024,I,Accommodation and food service activities,E_AI_TPA,Automatizacion de procesos,0.79,
DK,2024,I,Accommodation and food service activities,E_AI_TPA,Automatizacion de procesos,2.11,
EE,2024,I,Accommodation and food service activities,E_AI_TPA,Automatizacion de procesos,0.72,
EL,2024,I,Accommodation and food service activities,E_AI_TPA,Automatizacion de procesos,2.81,
ES,2024,I,Accommodation and food service activities,E_AI_TPA,Automatizacion de procesos,0.96,
EU27_2020,2024,I,Accommodation and food service activities,E_AI_TPA,Automatizacion de procesos,1.37,
FI,2024,I,Accommodation and food service activities,E_AI_TPA,Automatizacion de procesos,2.61,
FR,2024,I,Accommodation and food service activities,E_AI_TPA,Automatizacion de procesos,1.38,
HR,2024,I,Accommodation and food service activities,E_AI_TPA,Automatizacion de procesos,1.06,
HU,2024,I,Accommodation and food service activities,E_AI_TPA,Automatizacion de procesos,1.5,
IE,2024,I,Accommodation and food service activities,E_AI_TPA,Automatizacion de procesos,2.13,
IT,2024,I,Accommodation and food service activities,E_AI_TPA,Automatizacion de procesos,1.15,
LT,2024,I,Accommodation and food service activities,E_AI_TPA,Automatizacion de procesos,1.55,
LU,2024,I,Accommodation and food service activities,E_AI_TPA,Automatizacion de procesos,0.48,
LV,2024,I,Accommodation and food service activities,E_AI_TPA,Automatizacion de procesos,1.01,
MT,2024,I,Accommodation and food service activities,E_AI_TPA,Automatizacion de procesos,3.67,
NL,2024,I,Accommodation and food service activities,E_AI_TPA,Automatizacion de procesos,1.17,
PL,2024,I,Accommodation and food service activities,E_AI_TPA,Automatizacion de procesos,0.56,
PT,2024,I,Accommodation and food service activities,E_AI_TPA,Automatizacion de procesos,1.98,
RO,2024,I,Accommodation and food service activities,E_AI_TPA,Automatizacion de procesos,0.06,
SE,2024,I,Accommodation and food service activities,E_AI_TPA,Automatizacion de procesos,3.42,
SI,2024,I,Accommodation and food service activities,E_AI_TPA,Automatizacion de procesos,4.7,
SK,2024,I,Accommodation and food service activities,E_AI_TPA,Automatizacion de procesos,1.31,
AT,2024,I,Accommodation and food service activities,E_AI_TPVSG,Generacion de imagen/audio,,
BE,2024,I,Accommodation and food service activities,E_AI_TPVSG,Generacion de imagen/audio,,
BG,2024,I,Accommodation and food service activities,E_AI_TPVSG,Generacion de imagen/audio,,
CY,2024,I,Accommodation and food service activities,E_AI_TPVSG,Generacion de imagen/audio,,
CZ,2024,I,Accommodation and food service activities,E_AI_TPVSG,Generacion de imagen/audio,,
DE,2024,I,Accommodation and food service activities,E_AI_TPVSG,Generacion de imagen/audio,,
DK,2024,I,Accommodation and food service activities,E_AI_TPVSG,Generacion de imagen/audio,,
EE,2024,I,Accommodation and food service activities,E_AI_TPVSG,Generacion de imagen/audio,,
EL,2024,I,Accommodation and food service activities,E_AI_TPVSG,Generacion de imagen/audio,,
ES,2024,I,Accommodation and food service activities,E_AI_TPVSG,Generacion de imagen/audio,,
EU27_2020,2024,I,Accommodation and food service activities,E_AI_TPVSG,Generacion de imagen/audio,,
FI,2024,I,Accommodation and food service activities,E_AI_TPVSG,Generacion de imagen/audio,,
FR,2024,I,Accommodation and food service activities,E_AI_TPVSG,Generacion de imagen/audio,,
HR,2024,I,Accommodation and food service activities,E_AI_TPVSG,Generacion de imagen/audio,,
HU,2024,I,Accommodation and food service activities,E_AI_TPVSG,Generacion de imagen/audio,,
IE,2024,I,Accommodation and food service activities,E_AI_TPVSG,Generacion de imagen/audio,,
IT,2024,I,Accommodation and food service activities,E_AI_TPVSG,Generacion de imagen/audio,,
LT,2024,I,Accommodation and food service activities,E_AI_TPVSG,Generacion de imagen/audio,,
LU,2024,I,Accommodation and food service activities,E_AI_TPVSG,Generacion de imagen/audio,,
LV,2024,I,Accommodation and food service activities,E_AI_TPVSG,Generacion de imagen/audio,,
MT,2024,I,Accommodation and food service activities,E_AI_TPVSG,Generacion de imagen/audio,,
NL,2024,I,Accommodation and food service activities,E_AI_TPVSG,Generacion de imagen/audio,,
PL,2024,I,Accommodation and food service activities,E_AI_TPVSG,Generacion de imagen/audio,,
PT,2024,I,Accommodation and food service activities,E_AI_TPVSG,Generacion de imagen/audio,,
RO,2024,I,Accommodation and food service activities,E_AI_TPVSG,Generacion de imagen/audio,,
SE,2024,I,Accommodation and food service activities,E_AI_TPVSG,Generacion de imagen/audio,,
SI,2024,I,Accommodation and food service activities,E_AI_TPVSG,Generacion de imagen/audio,,
SK,2024,I,Accommodation and food service activities,E_AI_TPVSG,Generacion de imagen/audio,,
AT,2024,I,Accommodation and food service activities,E_AI_TSR,Reconocimiento de voz,3.45,
BE,2024,I,Accommodation and food service activities,E_AI_TSR,Reconocimiento de voz,3.99,
BG,2024,I,Accommodation and food service activities,E_AI_TSR,Reconocimiento de voz,,u
CY,2024,I,Accommodation and food service activities,E_AI_TSR,Reconocimiento de voz,0.39,
CZ,2024,I,Accommodation and food service activities,E_AI_TSR,Reconocimiento de voz,0.37,
DE,2024,I,Accommodation and food service activities,E_AI_TSR,Reconocimiento de voz,2.66,
DK,2024,I,Accommodation and food service activities,E_AI_TSR,Reconocimiento de voz,1.97,
EE,2024,I,Accommodation and food service activities,E_AI_TSR,Reconocimiento de voz,2.1,
EL,2024,I,Accommodation and food service activities,E_AI_TSR,Reconocimiento de voz,2.06,
ES,2024,I,Accommodation and food service activities,E_AI_TSR,Reconocimiento de voz,1.34,
EU27_2020,2024,I,Accommodation and food service activities,E_AI_TSR,Reconocimiento de voz,1.69,
FI,2024,I,Accommodation and food service activities,E_AI_TSR,Reconocimiento de voz,1.46,
FR,2024,I,Accommodation and food service activities,E_AI_TSR,Reconocimiento de voz,1.1,
HR,2024,I,Accommodation and food service activities,E_AI_TSR,Reconocimiento de voz,2.21,
HU,2024,I,Accommodation and food service activities,E_AI_TSR,Reconocimiento de voz,1.51,
IE,2024,I,Accommodation and food service activities,E_AI_TSR,Reconocimiento de voz,1.27,
IT,2024,I,Accommodation and food service activities,E_AI_TSR,Reconocimiento de voz,1.46,
LT,2024,I,Accommodation and food service activities,E_AI_TSR,Reconocimiento de voz,1.12,
LU,2024,I,Accommodation and food service activities,E_AI_TSR,Reconocimiento de voz,0.19,
LV,2024,I,Accommodation and food service activities,E_AI_TSR,Reconocimiento de voz,0.0,
MT,2024,I,Accommodation and food service activities,E_AI_TSR,Reconocimiento de voz,0.59,
NL,2024,I,Accommodation and food service activities,E_AI_TSR,Reconocimiento de voz,1.37,
PL,2024,I,Accommodation and food service activities,E_AI_TSR,Reconocimiento de voz,0.25,
PT,2024,I,Accommodation and food service activities,E_AI_TSR,Reconocimiento de voz,1.34,
RO,2024,I,Accommodation and food service activities,E_AI_TSR,Reconocimiento de voz,0.0,
SE,2024,I,Accommodation and food service activities,E_AI_TSR,Reconocimiento de voz,2.03,
SI,2024,I,Accommodation and food service activities,E_AI_TSR,Reconocimiento de voz,3.15,
SK,2024,I,Accommodation and food service activities,E_AI_TSR,Reconocimiento de voz,0.0,
AT,2024,I,Accommodation and food service activities,E_AI_TTM,Mineria de texto,11.1,
BE,2024,I,Accommodation and food service activities,E_AI_TTM,Mineria de texto,10.56,
BG,2024,I,Accommodation and food service activities,E_AI_TTM,Mineria de texto,1.13,
CY,2024,I,Accommodation and food service activities,E_AI_TTM,Mineria de texto,1.91,
CZ,2024,I,Accommodation and food service activities,E_AI_TTM,Mineria de texto,2.01,
DE,2024,I,Accommodation and food service activities,E_AI_TTM,Mineria de texto,4.63,
DK,2024,I,Accommodation and food service activities,E_AI_TTM,Mineria de texto,4.38,
EE,2024,I,Accommodation and food service activities,E_AI_TTM,Mineria de texto,3.74,
EL,2024,I,Accommodation and food service activities,E_AI_TTM,Mineria de texto,2.18,
ES,2024,I,Accommodation and food service activities,E_AI_TTM,Mineria de texto,1.66,
EU27_2020,2024,I,Accommodation and food service activities,E_AI_TTM,Mineria de texto,3.25,
FI,2024,I,Accommodation and food service activities,E_AI_TTM,Mineria de texto,8.76,
FR,2024,I,Accommodation and food service activities,E_AI_TTM,Mineria de texto,1.86,
HR,2024,I,Accommodation and food service activities,E_AI_TTM,Mineria de texto,5.23,
HU,2024,I,Accommodation and food service activities,E_AI_TTM,Mineria de texto,3.21,
IE,2024,I,Accommodation and food service activities,E_AI_TTM,Mineria de texto,1.67,
IT,2024,I,Accommodation and food service activities,E_AI_TTM,Mineria de texto,1.63,
LT,2024,I,Accommodation and food service activities,E_AI_TTM,Mineria de texto,3.87,
LU,2024,I,Accommodation and food service activities,E_AI_TTM,Mineria de texto,4.89,
LV,2024,I,Accommodation and food service activities,E_AI_TTM,Mineria de texto,0.45,
MT,2024,I,Accommodation and food service activities,E_AI_TTM,Mineria de texto,3.8,
NL,2024,I,Accommodation and food service activities,E_AI_TTM,Mineria de texto,6.95,
PL,2024,I,Accommodation and food service activities,E_AI_TTM,Mineria de texto,1.46,
PT,2024,I,Accommodation and food service activities,E_AI_TTM,Mineria de texto,2.51,
RO,2024,I,Accommodation and food service activities,E_AI_TTM,Mineria de texto,0.03,
SE,2024,I,Accommodation and food service activities,E_AI_TTM,Mineria de texto,4.46,
SI,2024,I,Accommodation and food service activities,E_AI_TTM,Mineria de texto,1.54,
SK,2024,I,Accommodation and food service activities,E_AI_TTM,Mineria de texto,2.08,
AT,2024,J,Information and communication,E_AI_TANY,Cualquier IA,60.74,
BE,2024,J,Information and communication,E_AI_TANY,Cualquier IA,64.12,
BG,2024,J,Information and communication,E_AI_TANY,Cualquier IA,33.92,
CY,2024,J,Information and communication,E_AI_TANY,Cualquier IA,41.39,
CZ,2024,J,Information and communication,E_AI_TANY,Cualquier IA,46.49,
DE,2024,J,Information and communication,E_AI_TANY,Cualquier IA,60.52,
DK,2024,J,Information and communication,E_AI_TANY,Cualquier IA,68.3,
EE,2024,J,Information and communication,E_AI_TANY,Cualquier IA,44.28,
EL,2024,J,Information and communication,E_AI_TANY,Cualquier IA,25.63,
ES,2024,J,Information and communication,E_AI_TANY,Cualquier IA,46.57,
EU27_2020,2024,J,Information and communication,E_AI_TANY,Cualquier IA,48.72,
FI,2024,J,Information and communication,E_AI_TANY,Cualquier IA,66.43,
FR,2024,J,Information and communication,E_AI_TANY,Cualquier IA,41.76,
HR,2024,J,Information and communication,E_AI_TANY,Cualquier IA,56.93,
HU,2024,J,Information and communication,E_AI_TANY,Cualquier IA,32.88,
IE,2024,J,Information and communication,E_AI_TANY,Cualquier IA,49.07,
IT,2024,J,Information and communication,E_AI_TANY,Cualquier IA,34.6,
LT,2024,J,Information and communication,E_AI_TANY,Cualquier IA,45.9,
LU,2024,J,Information and communication,E_AI_TANY,Cualquier IA,48.69,
LV,2024,J,Information and communication,E_AI_TANY,Cualquier IA,37.38,
MT,2024,J,Information and communication,E_AI_TANY,Cualquier IA,55.07,
NL,2024,J,Information and communication,E_AI_TANY,Cualquier IA,58.03,
PL,2024,J,Information and communication,E_AI_TANY,Cualquier IA,32.63,
PT,2024,J,Information and communication,E_AI_TANY,Cualquier IA,52.45,
RO,2024,J,Information and communication,E_AI_TANY,Cualquier IA,15.69,
SE,2024,J,Information and communication,E_AI_TANY,Cualquier IA,67.56,
SI,2024,J,Information and communication,E_AI_TANY,Cualquier IA,52.94,
SK,2024,J,Information and communication,E_AI_TANY,Cualquier IA,29.19,
AT,2024,J,Information and communication,E_AI_TAR,Robots autonomos,2.99,
BE,2024,J,Information and communication,E_AI_TAR,Robots autonomos,3.77,
BG,2024,J,Information and communication,E_AI_TAR,Robots autonomos,0.79,
CY,2024,J,Information and communication,E_AI_TAR,Robots autonomos,0.0,
CZ,2024,J,Information and communication,E_AI_TAR,Robots autonomos,2.17,
DE,2024,J,Information and communication,E_AI_TAR,Robots autonomos,3.33,
DK,2024,J,Information and communication,E_AI_TAR,Robots autonomos,7.0,
EE,2024,J,Information and communication,E_AI_TAR,Robots autonomos,3.63,
EL,2024,J,Information and communication,E_AI_TAR,Robots autonomos,2.02,
ES,2024,J,Information and communication,E_AI_TAR,Robots autonomos,5.3,
EU27_2020,2024,J,Information and communication,E_AI_TAR,Robots autonomos,3.43,
FI,2024,J,Information and communication,E_AI_TAR,Robots autonomos,5.16,
FR,2024,J,Information and communication,E_AI_TAR,Robots autonomos,2.84,
HR,2024,J,Information and communication,E_AI_TAR,Robots autonomos,2.21,
HU,2024,J,Information and communication,E_AI_TAR,Robots autonomos,1.34,
IE,2024,J,Information and communication,E_AI_TAR,Robots autonomos,1.76,
IT,2024,J,Information and communication,E_AI_TAR,Robots autonomos,1.44,
LT,2024,J,Information and communication,E_AI_TAR,Robots autonomos,7.68,
LU,2024,J,Information and communication,E_AI_TAR,Robots autonomos,3.75,
LV,2024,J,Information and communication,E_AI_TAR,Robots autonomos,1.94,
MT,2024,J,Information and communication,E_AI_TAR,Robots autonomos,1.8,
NL,2024,J,Information and communication,E_AI_TAR,Robots autonomos,6.25,
PL,2024,J,Information and communication,E_AI_TAR,Robots autonomos,3.05,
PT,2024,J,Information and communication,E_AI_TAR,Robots autonomos,8.02,
RO,2024,J,Information and communication,E_AI_TAR,Robots autonomos,3.15,
SE,2024,J,Information and communication,E_AI_TAR,Robots autonomos,2.52,
SI,2024,J,Information and communication,E_AI_TAR,Robots autonomos,7.77,
SK,2024,J,Information and communication,E_AI_TAR,Robots autonomos,3.86,
AT,2024,J,Information and communication,E_AI_TIR,Vision por computador,13.28,
BE,2024,J,Information and communication,E_AI_TIR,Vision por computador,13.61,
BG,2024,J,Information and communication,E_AI_TIR,Vision por computador,8.54,
CY,2024,J,Information and communication,E_AI_TIR,Vision por computador,8.14,
CZ,2024,J,Information and communication,E_AI_TIR,Vision por computador,13.57,
DE,2024,J,Information and communication,E_AI_TIR,Vision por computador,15.44,
DK,2024,J,Information and communication,E_AI_TIR,Vision por computador,18.69,
EE,2024,J,Information and communication,E_AI_TIR,Vision por computador,19.34,
EL,2024,J,Information and communication,E_AI_TIR,Vision por computador,8.05,
ES,2024,J,Information and communication,E_AI_TIR,Vision por computador,15.36,
EU27_2020,2024,J,Information and communication,E_AI_TIR,Vision por computador,13.54,
FI,2024,J,Information and communication,E_AI_TIR,Vision por computador,17.22,
FR,2024,J,Information and communication,E_AI_TIR,Vision por computador,11.77,
HR,2024,J,Information and communication,E_AI_TIR,Vision por computador,11.24,
HU,2024,J,Information and communication,E_AI_TIR,Vision por computador,9.33,
IE,2024,J,Information and communication,E_AI_TIR,Vision por computador,15.15,
IT,2024,J,Information and communication,E_AI_TIR,Vision por computador,11.07,
LT,2024,J,Information and communication,E_AI_TIR,Vision por computador,17.24,
LU,2024,J,Information and communication,E_AI_TIR,Vision por computador,15.03,
LV,2024,J,Information and communication,E_AI_TIR,Vision por computador,10.4,
MT,2024,J,Information and communication,E_AI_TIR,Vision por computador,21.02,
NL,2024,J,Information and communication,E_AI_TIR,Vision por computador,16.49,
PL,2024,J,Information and communication,E_AI_TIR,Vision por computador,9.49,
PT,2024,J,Information and communication,E_AI_TIR,Vision por computador,17.08,
RO,2024,J,Information and communication,E_AI_TIR,Vision por computador,5.29,
SE,2024,J,Information and communication,E_AI_TIR,Vision por computador,16.0,
SI,2024,J,Information and communication,E_AI_TIR,Vision por computador,28.74,
SK,2024,J,Information and communication,E_AI_TIR,Vision por computador,7.17,
AT,2024,J,Information and communication,E_AI_TML,Machine learning,34.95,
BE,2024,J,Information and communication,E_AI_TML,Machine learning,37.32,
BG,2024,J,Information and communication,E_AI_TML,Machine learning,16.52,
CY,2024,J,Information and communication,E_AI_TML,Machine learning,33.08,
CZ,2024,J,Information and communication,E_AI_TML,Machine learning,28.49,
DE,2024,J,Information and communication,E_AI_TML,Machine learning,29.26,
DK,2024,J,Information and communication,E_AI_TML,Machine learning,38.73,
EE,2024,J,Information and communication,E_AI_TML,Machine learning,23.14,
EL,2024,J,Information and communication,E_AI_TML,Machine learning,15.14,
ES,2024,J,Information and communication,E_AI_TML,Machine learning,26.11,
EU27_2020,2024,J,Information and communication,E_AI_TML,Machine learning,25.66,
FI,2024,J,Information and communication,E_AI_TML,Machine learning,38.69,
FR,2024,J,Information and communication,E_AI_TML,Machine learning,22.05,
HR,2024,J,Information and communication,E_AI_TML,Machine learning,39.23,
HU,2024,J,Information and communication,E_AI_TML,Machine learning,12.31,
IE,2024,J,Information and communication,E_AI_TML,Machine learning,24.48,
IT,2024,J,Information and communication,E_AI_TML,Machine learning,20.83,
LT,2024,J,Information and communication,E_AI_TML,Machine learning,25.94,
LU,2024,J,Information and communication,E_AI_TML,Machine learning,22.66,
LV,2024,J,Information and communication,E_AI_TML,Machine learning,15.89,
MT,2024,J,Information and communication,E_AI_TML,Machine learning,33.21,
NL,2024,J,Information and communication,E_AI_TML,Machine learning,26.64,
PL,2024,J,Information and communication,E_AI_TML,Machine learning,17.11,
PT,2024,J,Information and communication,E_AI_TML,Machine learning,30.66,
RO,2024,J,Information and communication,E_AI_TML,Machine learning,9.37,
SE,2024,J,Information and communication,E_AI_TML,Machine learning,35.91,
SI,2024,J,Information and communication,E_AI_TML,Machine learning,25.32,
SK,2024,J,Information and communication,E_AI_TML,Machine learning,12.04,
AT,2024,J,Information and communication,E_AI_TNLG,Generacion de lenguaje,31.35,
BE,2024,J,Information and communication,E_AI_TNLG,Generacion de lenguaje,39.3,
BG,2024,J,Information and communication,E_AI_TNLG,Generacion de lenguaje,18.02,
CY,2024,J,Information and communication,E_AI_TNLG,Generacion de lenguaje,17.06,
CZ,2024,J,Information and communication,E_AI_TNLG,Generacion de lenguaje,27.29,
DE,2024,J,Information and communication,E_AI_TNLG,Generacion de lenguaje,29.61,
DK,2024,J,Information and communication,E_AI_TNLG,Generacion de lenguaje,51.97,
EE,2024,J,Information and communication,E_AI_TNLG,Generacion de lenguaje,24.97,
EL,2024,J,Information and communication,E_AI_TNLG,Generacion de lenguaje,14.98,
ES,2024,J,Information and communication,E_AI_TNLG,Generacion de lenguaje,21.3,
EU27_2020,2024,J,Information and communication,E_AI_TNLG,Generacion de lenguaje,25.83,
FI,2024,J,Information and communication,E_AI_TNLG,Generacion de lenguaje,44.01,
FR,2024,J,Information and communication,E_AI_TNLG,Generacion de lenguaje,21.79,
HR,2024,J,Information and communication,E_AI_TNLG,Generacion de lenguaje,22.59,
HU,2024,J,Information and communication,E_AI_TNLG,Generacion de lenguaje,20.15,
IE,2024,J,Information and communication,E_AI_TNLG,Generacion de lenguaje,26.69,
IT,2024,J,Information and communication,E_AI_TNLG,Generacion de lenguaje,16.78,
LT,2024,J,Information and communication,E_AI_TNLG,Generacion de lenguaje,26.62,
LU,2024,J,Information and communication,E_AI_TNLG,Generacion de lenguaje,28.55,
LV,2024,J,Information and communication,E_AI_TNLG,Generacion de lenguaje,9.86,
MT,2024,J,Information and communication,E_AI_TNLG,Generacion de lenguaje,17.78,
NL,2024,J,Information and communication,E_AI_TNLG,Generacion de lenguaje,36.58,
PL,2024,J,Information and communication,E_AI_TNLG,Generacion de lenguaje,15.74,
PT,2024,J,Information and communication,E_AI_TNLG,Generacion de lenguaje,27.17,
RO,2024,J,Information and communication,E_AI_TNLG,Generacion de lenguaje,9.19,
SE,2024,J,Information and communication,E_AI_TNLG,Generacion de lenguaje,41.78,
SI,2024,J,Information and communication,E_AI_TNLG,Generacion de lenguaje,33.61,
SK,2024,J,Information and communication,E_AI_TNLG,Generacion de lenguaje,14.92,
AT,2024,J,Information and communication,E_AI_TPA,Automatizacion de procesos,21.74,
BE,2024,J,Information and communication,E_AI_TPA,Automatizacion de procesos,32.75,
BG,2024,J,Information and communication,E_AI_TPA,Automatizacion de procesos,19.7,
CY,2024,J,Information and communication,E_AI_TPA,Automatizacion de procesos,12.1,
CZ,2024,J,Information and communication,E_AI_TPA,Automatizacion de procesos,14.24,
DE,2024,J,Information and communication,E_AI_TPA,Automatizacion de procesos,27.09,
DK,2024,J,Information and communication,E_AI_TPA,Automatizacion de procesos,29.06,
EE,2024,J,Information and communication,E_AI_TPA,Automatizacion de procesos,14.92,
EL,2024,J,Information and communication,E_AI_TPA,Automatizacion de procesos,12.84,
ES,2024,J,Information and communication,E_AI_TPA,Automatizacion de procesos,24.2,
EU27_2020,2024,J,Information and communication,E_AI_TPA,Automatizacion de procesos,21.2,
FI,2024,J,Information and communication,E_AI_TPA,Automatizacion de procesos,33.91,
FR,2024,J,Information and communication,E_AI_TPA,Automatizacion de procesos,16.31,
HR,2024,J,Information and communication,E_AI_TPA,Automatizacion de procesos,14.01,
HU,2024,J,Information and communication,E_AI_TPA,Automatizacion de procesos,14.02,
IE,2024,J,Information and communication,E_AI_TPA,Automatizacion de procesos,23.37,
IT,2024,J,Information and communication,E_AI_TPA,Automatizacion de procesos,11.01,
LT,2024,J,Information and communication,E_AI_TPA,Automatizacion de procesos,32.94,
LU,2024,J,Information and communication,E_AI_TPA,Automatizacion de procesos,22.16,
LV,2024,J,Information and communication,E_AI_TPA,Automatizacion de procesos,13.63,
MT,2024,J,Information and communication,E_AI_TPA,Automatizacion de procesos,28.35,
NL,2024,J,Information and communication,E_AI_TPA,Automatizacion de procesos,24.32,
PL,2024,J,Information and communication,E_AI_TPA,Automatizacion de procesos,13.42,
PT,2024,J,Information and communication,E_AI_TPA,Automatizacion de procesos,28.75,
RO,2024,J,Information and communication,E_AI_TPA,Automatizacion de procesos,9.48,
SE,2024,J,Information and communication,E_AI_TPA,Automatizacion de procesos,28.3,
SI,2024,J,Information and communication,E_AI_TPA,Automatizacion de procesos,21.35,
SK,2024,J,Information and communication,E_AI_TPA,Automatizacion de procesos,14.24,
AT,2024,J,Information and communication,E_AI_TPVSG,Generacion de imagen/audio,,
BE,2024,J,Information and communication,E_AI_TPVSG,Generacion de imagen/audio,,
BG,2024,J,Information and communication,E_AI_TPVSG,Generacion de imagen/audio,,
CY,2024,J,Information and communication,E_AI_TPVSG,Generacion de imagen/audio,,
CZ,2024,J,Information and communication,E_AI_TPVSG,Generacion de imagen/audio,,
DE,2024,J,Information and communication,E_AI_TPVSG,Generacion de imagen/audio,,
DK,2024,J,Information and communication,E_AI_TPVSG,Generacion de imagen/audio,,
EE,2024,J,Information and communication,E_AI_TPVSG,Generacion de imagen/audio,,
EL,2024,J,Information and communication,E_AI_TPVSG,Generacion de imagen/audio,,
ES,2024,J,Information and communication,E_AI_TPVSG,Generacion de imagen/audio,,
EU27_2020,2024,J,Information and communication,E_AI_TPVSG,Generacion de imagen/audio,,
FI,2024,J,Information and communication,E_AI_TPVSG,Generacion de imagen/audio,,
FR,2024,J,Information and communication,E_AI_TPVSG,Generacion de imagen/audio,,
HR,2024,J,Information and communication,E_AI_TPVSG,Generacion de imagen/audio,,
HU,2024,J,Information and communication,E_AI_TPVSG,Generacion de imagen/audio,,
IE,2024,J,Information and communication,E_AI_TPVSG,Generacion de imagen/audio,,
IT,2024,J,Information and communication,E_AI_TPVSG,Generacion de imagen/audio,,
LT,2024,J,Information and communication,E_AI_TPVSG,Generacion de imagen/audio,,
LU,2024,J,Information and communication,E_AI_TPVSG,Generacion de imagen/audio,,
LV,2024,J,Information and communication,E_AI_TPVSG,Generacion de imagen/audio,,
MT,2024,J,Information and communication,E_AI_TPVSG,Generacion de imagen/audio,,
NL,2024,J,Information and communication,E_AI_TPVSG,Generacion de imagen/audio,,
PL,2024,J,Information and communication,E_AI_TPVSG,Generacion de imagen/audio,,
PT,2024,J,Information and communication,E_AI_TPVSG,Generacion de imagen/audio,,
RO,2024,J,Information and communication,E_AI_TPVSG,Generacion de imagen/audio,,
SE,2024,J,Information and communication,E_AI_TPVSG,Generacion de imagen/audio,,
SI,2024,J,Information and communication,E_AI_TPVSG,Generacion de imagen/audio,,
SK,2024,J,Information and communication,E_AI_TPVSG,Generacion de imagen/audio,,
AT,2024,J,Information and communication,E_AI_TSR,Reconocimiento de voz,22.96,
BE,2024,J,Information and communication,E_AI_TSR,Reconocimiento de voz,25.1,
BG,2024,J,Information and communication,E_AI_TSR,Reconocimiento de voz,12.45,
CY,2024,J,Information and communication,E_AI_TSR,Reconocimiento de voz,11.48,
CZ,2024,J,Information and communication,E_AI_TSR,Reconocimiento de voz,13.89,
DE,2024,J,Information and communication,E_AI_TSR,Reconocimiento de voz,30.67,
DK,2024,J,Information and communication,E_AI_TSR,Reconocimiento de voz,28.51,
EE,2024,J,Information and communication,E_AI_TSR,Reconocimiento de voz,20.17,
EL,2024,J,Information and communication,E_AI_TSR,Reconocimiento de voz,8.09,
ES,2024,J,Information and communication,E_AI_TSR,Reconocimiento de voz,15.87,
EU27_2020,2024,J,Information and communication,E_AI_TSR,Reconocimiento de voz,20.13,
FI,2024,J,Information and communication,E_AI_TSR,Reconocimiento de voz,29.18,
FR,2024,J,Information and communication,E_AI_TSR,Reconocimiento de voz,17.5,
HR,2024,J,Information and communication,E_AI_TSR,Reconocimiento de voz,18.13,
HU,2024,J,Information and communication,E_AI_TSR,Reconocimiento de voz,14.74,
IE,2024,J,Information and communication,E_AI_TSR,Reconocimiento de voz,17.05,
IT,2024,J,Information and communication,E_AI_TSR,Reconocimiento de voz,13.41,
LT,2024,J,Information and communication,E_AI_TSR,Reconocimiento de voz,14.68,
LU,2024,J,Information and communication,E_AI_TSR,Reconocimiento de voz,23.32,
LV,2024,J,Information and communication,E_AI_TSR,Reconocimiento de voz,12.03,
MT,2024,J,Information and communication,E_AI_TSR,Reconocimiento de voz,13.01,
NL,2024,J,Information and communication,E_AI_TSR,Reconocimiento de voz,21.0,
PL,2024,J,Information and communication,E_AI_TSR,Reconocimiento de voz,9.67,
PT,2024,J,Information and communication,E_AI_TSR,Reconocimiento de voz,22.69,
RO,2024,J,Information and communication,E_AI_TSR,Reconocimiento de voz,7.62,
SE,2024,J,Information and communication,E_AI_TSR,Reconocimiento de voz,20.12,
SI,2024,J,Information and communication,E_AI_TSR,Reconocimiento de voz,16.22,
SK,2024,J,Information and communication,E_AI_TSR,Reconocimiento de voz,13.2,
AT,2024,J,Information and communication,E_AI_TTM,Mineria de texto,39.54,
BE,2024,J,Information and communication,E_AI_TTM,Mineria de texto,45.8,
BG,2024,J,Information and communication,E_AI_TTM,Mineria de texto,23.65,
CY,2024,J,Information and communication,E_AI_TTM,Mineria de texto,20.85,
CZ,2024,J,Information and communication,E_AI_TTM,Mineria de texto,31.32,
DE,2024,J,Information and communication,E_AI_TTM,Mineria de texto,38.69,
DK,2024,J,Information and communication,E_AI_TTM,Mineria de texto,46.89,
EE,2024,J,Information and communication,E_AI_TTM,Mineria de texto,30.64,
EL,2024,J,Information and communication,E_AI_TTM,Mineria de texto,18.39,
ES,2024,J,Information and communication,E_AI_TTM,Mineria de texto,25.22,
EU27_2020,2024,J,Information and communication,E_AI_TTM,Mineria de texto,30.11,
FI,2024,J,Information and communication,E_AI_TTM,Mineria de texto,42.9,
FR,2024,J,Information and communication,E_AI_TTM,Mineria de texto,21.6,
HR,2024,J,Information and communication,E_AI_TTM,Mineria de texto,34.4,
HU,2024,J,Information and communication,E_AI_TTM,Mineria de texto,16.28,
IE,2024,J,Information and communication,E_AI_TTM,Mineria de texto,25.86,
IT,2024,J,Information and communication,E_AI_TTM,Mineria de texto,23.58,
LT,2024,J,Information and communication,E_AI_TTM,Mineria de texto,39.59,
LU,2024,J,Information and communication,E_AI_TTM,Mineria de texto,35.12,
LV,2024,J,Information and communication,E_AI_TTM,Mineria de texto,27.2,
MT,2024,J,Information and communication,E_AI_TTM,Mineria de texto,19.58,
NL,2024,J,Information and communication,E_AI_TTM,Mineria de texto,38.86,
PL,2024,J,Information and communication,E_AI_TTM,Mineria de texto,10.16,
PT,2024,J,Information and communication,E_AI_TTM,Mineria de texto,31.02,
RO,2024,J,Information and communication,E_AI_TTM,Mineria de texto,12.32,
SE,2024,J,Information and communication,E_AI_TTM,Mineria de texto,47.98,
SI,2024,J,Information and communication,E_AI_TTM,Mineria de texto,22.37,
SK,2024,J,Information and communication,E_AI_TTM,Mineria de texto,17.47,
AT,2024,L,Real estate activities,E_AI_TANY,Cualquier IA,24.54,
BE,2024,L,Real estate activities,E_AI_TANY,Cualquier IA,,u
BG,2024,L,Real estate activities,E_AI_TANY,Cualquier IA,,u
CY,2024,L,Real estate activities,E_AI_TANY,Cualquier IA,4.2,
CZ,2024,L,Real estate activities,E_AI_TANY,Cualquier IA,13.74,
DE,2024,L,Real estate activities,E_AI_TANY,Cualquier IA,20.98,
DK,2024,L,Real estate activities,E_AI_TANY,Cualquier IA,29.41,
EE,2024,L,Real estate activities,E_AI_TANY,Cualquier IA,9.71,
EL,2024,L,Real estate activities,E_AI_TANY,Cualquier IA,9.3,
ES,2024,L,Real estate activities,E_AI_TANY,Cualquier IA,11.67,
EU27_2020,2024,L,Real estate activities,E_AI_TANY,Cualquier IA,15.45,
FI,2024,L,Real estate activities,E_AI_TANY,Cualquier IA,32.85,
FR,2024,L,Real estate activities,E_AI_TANY,Cualquier IA,14.3,
HR,2024,L,Real estate activities,E_AI_TANY,Cualquier IA,11.65,
HU,2024,L,Real estate activities,E_AI_TANY,Cualquier IA,4.16,
IE,2024,L,Real estate activities,E_AI_TANY,Cualquier IA,18.15,
IT,2024,L,Real estate activities,E_AI_TANY,Cualquier IA,6.2,
LT,2024,L,Real estate activities,E_AI_TANY,Cualquier IA,5.58,
LU,2024,L,Real estate activities,E_AI_TANY,Cualquier IA,,@C
LV,2024,L,Real estate activities,E_AI_TANY,Cualquier IA,7.96,
MT,2024,L,Real estate activities,E_AI_TANY,Cualquier IA,12.48,
NL,2024,L,Real estate activities,E_AI_TANY,Cualquier IA,27.96,
PL,2024,L,Real estate activities,E_AI_TANY,Cualquier IA,4.02,
PT,2024,L,Real estate activities,E_AI_TANY,Cualquier IA,,u
RO,2024,L,Real estate activities,E_AI_TANY,Cualquier IA,3.81,
SE,2024,L,Real estate activities,E_AI_TANY,Cualquier IA,28.97,
SI,2024,L,Real estate activities,E_AI_TANY,Cualquier IA,8.17,
SK,2024,L,Real estate activities,E_AI_TANY,Cualquier IA,3.68,
AT,2024,L,Real estate activities,E_AI_TAR,Robots autonomos,,u
BE,2024,L,Real estate activities,E_AI_TAR,Robots autonomos,0.0,
BG,2024,L,Real estate activities,E_AI_TAR,Robots autonomos,0.0,
CY,2024,L,Real estate activities,E_AI_TAR,Robots autonomos,0.0,
CZ,2024,L,Real estate activities,E_AI_TAR,Robots autonomos,0.17,
DE,2024,L,Real estate activities,E_AI_TAR,Robots autonomos,0.61,
DK,2024,L,Real estate activities,E_AI_TAR,Robots autonomos,0.34,
EE,2024,L,Real estate activities,E_AI_TAR,Robots autonomos,0.0,
EL,2024,L,Real estate activities,E_AI_TAR,Robots autonomos,0.0,
ES,2024,L,Real estate activities,E_AI_TAR,Robots autonomos,0.06,
EU27_2020,2024,L,Real estate activities,E_AI_TAR,Robots autonomos,0.45,
FI,2024,L,Real estate activities,E_AI_TAR,Robots autonomos,2.19,
FR,2024,L,Real estate activities,E_AI_TAR,Robots autonomos,0.83,
HR,2024,L,Real estate activities,E_AI_TAR,Robots autonomos,0.0,
HU,2024,L,Real estate activities,E_AI_TAR,Robots autonomos,0.13,
IE,2024,L,Real estate activities,E_AI_TAR,Robots autonomos,0.0,
IT,2024,L,Real estate activities,E_AI_TAR,Robots autonomos,,@C
LT,2024,L,Real estate activities,E_AI_TAR,Robots autonomos,0.0,
LU,2024,L,Real estate activities,E_AI_TAR,Robots autonomos,,@C
LV,2024,L,Real estate activities,E_AI_TAR,Robots autonomos,0.0,
MT,2024,L,Real estate activities,E_AI_TAR,Robots autonomos,0.0,
NL,2024,L,Real estate activities,E_AI_TAR,Robots autonomos,0.5,
PL,2024,L,Real estate activities,E_AI_TAR,Robots autonomos,0.0,
PT,2024,L,Real estate activities,E_AI_TAR,Robots autonomos,0.31,
RO,2024,L,Real estate activities,E_AI_TAR,Robots autonomos,0.22,
SE,2024,L,Real estate activities,E_AI_TAR,Robots autonomos,1.24,
SI,2024,L,Real estate activities,E_AI_TAR,Robots autonomos,0.0,
SK,2024,L,Real estate activities,E_AI_TAR,Robots autonomos,1.14,
AT,2024,L,Real estate activities,E_AI_TIR,Vision por computador,1.72,
BE,2024,L,Real estate activities,E_AI_TIR,Vision por computador,2.05,
BG,2024,L,Real estate activities,E_AI_TIR,Vision por computador,,u
CY,2024,L,Real estate activities,E_AI_TIR,Vision por computador,0.0,
CZ,2024,L,Real estate activities,E_AI_TIR,Vision por computador,1.8,
DE,2024,L,Real estate activities,E_AI_TIR,Vision por computador,2.38,
DK,2024,L,Real estate activities,E_AI_TIR,Vision por computador,1.77,
EE,2024,L,Real estate activities,E_AI_TIR,Vision por computador,4.5,
EL,2024,L,Real estate activities,E_AI_TIR,Vision por computador,2.13,
ES,2024,L,Real estate activities,E_AI_TIR,Vision por computador,0.9,
EU27_2020,2024,L,Real estate activities,E_AI_TIR,Vision por computador,2.15,
FI,2024,L,Real estate activities,E_AI_TIR,Vision por computador,4.53,
FR,2024,L,Real estate activities,E_AI_TIR,Vision por computador,3.24,
HR,2024,L,Real estate activities,E_AI_TIR,Vision por computador,,@C
HU,2024,L,Real estate activities,E_AI_TIR,Vision por computador,0.27,
IE,2024,L,Real estate activities,E_AI_TIR,Vision por computador,4.57,
IT,2024,L,Real estate activities,E_AI_TIR,Vision por computador,0.74,
LT,2024,L,Real estate activities,E_AI_TIR,Vision por computador,3.26,
LU,2024,L,Real estate activities,E_AI_TIR,Vision por computador,,@C
LV,2024,L,Real estate activities,E_AI_TIR,Vision por computador,3.26,
MT,2024,L,Real estate activities,E_AI_TIR,Vision por computador,9.36,
NL,2024,L,Real estate activities,E_AI_TIR,Vision por computador,3.02,
PL,2024,L,Real estate activities,E_AI_TIR,Vision por computador,1.11,
PT,2024,L,Real estate activities,E_AI_TIR,Vision por computador,1.28,
RO,2024,L,Real estate activities,E_AI_TIR,Vision por computador,0.0,
SE,2024,L,Real estate activities,E_AI_TIR,Vision por computador,2.31,
SI,2024,L,Real estate activities,E_AI_TIR,Vision por computador,5.19,
SK,2024,L,Real estate activities,E_AI_TIR,Vision por computador,1.14,
AT,2024,L,Real estate activities,E_AI_TML,Machine learning,4.41,
BE,2024,L,Real estate activities,E_AI_TML,Machine learning,7.31,
BG,2024,L,Real estate activities,E_AI_TML,Machine learning,,u
CY,2024,L,Real estate activities,E_AI_TML,Machine learning,2.1,
CZ,2024,L,Real estate activities,E_AI_TML,Machine learning,3.65,
DE,2024,L,Real estate activities,E_AI_TML,Machine learning,3.42,
DK,2024,L,Real estate activities,E_AI_TML,Machine learning,6.96,
EE,2024,L,Real estate activities,E_AI_TML,Machine learning,0.0,
EL,2024,L,Real estate activities,E_AI_TML,Machine learning,3.59,
ES,2024,L,Real estate activities,E_AI_TML,Machine learning,1.87,
EU27_2020,2024,L,Real estate activities,E_AI_TML,Machine learning,2.93,
FI,2024,L,Real estate activities,E_AI_TML,Machine learning,4.89,
FR,2024,L,Real estate activities,E_AI_TML,Machine learning,2.2,
HR,2024,L,Real estate activities,E_AI_TML,Machine learning,5.51,
HU,2024,L,Real estate activities,E_AI_TML,Machine learning,0.13,
IE,2024,L,Real estate activities,E_AI_TML,Machine learning,4.57,
IT,2024,L,Real estate activities,E_AI_TML,Machine learning,2.02,
LT,2024,L,Real estate activities,E_AI_TML,Machine learning,1.4,
LU,2024,L,Real estate activities,E_AI_TML,Machine learning,,@C
LV,2024,L,Real estate activities,E_AI_TML,Machine learning,0.3,
MT,2024,L,Real estate activities,E_AI_TML,Machine learning,6.24,
NL,2024,L,Real estate activities,E_AI_TML,Machine learning,3.74,
PL,2024,L,Real estate activities,E_AI_TML,Machine learning,0.16,
PT,2024,L,Real estate activities,E_AI_TML,Machine learning,0.31,
RO,2024,L,Real estate activities,E_AI_TML,Machine learning,0.0,
SE,2024,L,Real estate activities,E_AI_TML,Machine learning,9.95,
SI,2024,L,Real estate activities,E_AI_TML,Machine learning,0.0,
SK,2024,L,Real estate activities,E_AI_TML,Machine learning,1.14,
AT,2024,L,Real estate activities,E_AI_TNLG,Generacion de lenguaje,7.1,
BE,2024,L,Real estate activities,E_AI_TNLG,Generacion de lenguaje,,u
BG,2024,L,Real estate activities,E_AI_TNLG,Generacion de lenguaje,,u
CY,2024,L,Real estate activities,E_AI_TNLG,Generacion de lenguaje,2.1,
CZ,2024,L,Real estate activities,E_AI_TNLG,Generacion de lenguaje,5.94,
DE,2024,L,Real estate activities,E_AI_TNLG,Generacion de lenguaje,6.49,
DK,2024,L,Real estate activities,E_AI_TNLG,Generacion de lenguaje,12.51,
EE,2024,L,Real estate activities,E_AI_TNLG,Generacion de lenguaje,1.11,
EL,2024,L,Real estate activities,E_AI_TNLG,Generacion de lenguaje,5.71,
ES,2024,L,Real estate activities,E_AI_TNLG,Generacion de lenguaje,4.45,
EU27_2020,2024,L,Real estate activities,E_AI_TNLG,Generacion de lenguaje,5.8,
FI,2024,L,Real estate activities,E_AI_TNLG,Generacion de lenguaje,16.95,
FR,2024,L,Real estate activities,E_AI_TNLG,Generacion de lenguaje,7.27,
HR,2024,L,Real estate activities,E_AI_TNLG,Generacion de lenguaje,6.14,
HU,2024,L,Real estate activities,E_AI_TNLG,Generacion de lenguaje,0.13,
IE,2024,L,Real estate activities,E_AI_TNLG,Generacion de lenguaje,9.87,
IT,2024,L,Real estate activities,E_AI_TNLG,Generacion de lenguaje,4.02,
LT,2024,L,Real estate activities,E_AI_TNLG,Generacion de lenguaje,3.72,
LU,2024,L,Real estate activities,E_AI_TNLG,Generacion de lenguaje,,@C
LV,2024,L,Real estate activities,E_AI_TNLG,Generacion de lenguaje,1.02,
MT,2024,L,Real estate activities,E_AI_TNLG,Generacion de lenguaje,3.12,
NL,2024,L,Real estate activities,E_AI_TNLG,Generacion de lenguaje,14.51,
PL,2024,L,Real estate activities,E_AI_TNLG,Generacion de lenguaje,1.4,
PT,2024,L,Real estate activities,E_AI_TNLG,Generacion de lenguaje,0.8,
RO,2024,L,Real estate activities,E_AI_TNLG,Generacion de lenguaje,0.21,
SE,2024,L,Real estate activities,E_AI_TNLG,Generacion de lenguaje,9.91,
SI,2024,L,Real estate activities,E_AI_TNLG,Generacion de lenguaje,4.71,
SK,2024,L,Real estate activities,E_AI_TNLG,Generacion de lenguaje,1.14,
AT,2024,L,Real estate activities,E_AI_TPA,Automatizacion de procesos,5.96,
BE,2024,L,Real estate activities,E_AI_TPA,Automatizacion de procesos,,u
BG,2024,L,Real estate activities,E_AI_TPA,Automatizacion de procesos,,u
CY,2024,L,Real estate activities,E_AI_TPA,Automatizacion de procesos,0.0,
CZ,2024,L,Real estate activities,E_AI_TPA,Automatizacion de procesos,2.61,
DE,2024,L,Real estate activities,E_AI_TPA,Automatizacion de procesos,5.84,
DK,2024,L,Real estate activities,E_AI_TPA,Automatizacion de procesos,10.39,
EE,2024,L,Real estate activities,E_AI_TPA,Automatizacion de procesos,4.1,
EL,2024,L,Real estate activities,E_AI_TPA,Automatizacion de procesos,0.0,
ES,2024,L,Real estate activities,E_AI_TPA,Automatizacion de procesos,4.01,
EU27_2020,2024,L,Real estate activities,E_AI_TPA,Automatizacion de procesos,4.52,
FI,2024,L,Real estate activities,E_AI_TPA,Automatizacion de procesos,12.1,
FR,2024,L,Real estate activities,E_AI_TPA,Automatizacion de procesos,4.42,
HR,2024,L,Real estate activities,E_AI_TPA,Automatizacion de procesos,5.51,
HU,2024,L,Real estate activities,E_AI_TPA,Automatizacion de procesos,2.55,
IE,2024,L,Real estate activities,E_AI_TPA,Automatizacion de procesos,9.02,
IT,2024,L,Real estate activities,E_AI_TPA,Automatizacion de procesos,2.11,
LT,2024,L,Real estate activities,E_AI_TPA,Automatizacion de procesos,1.86,
LU,2024,L,Real estate activities,E_AI_TPA,Automatizacion de procesos,,@C
LV,2024,L,Real estate activities,E_AI_TPA,Automatizacion de procesos,1.02,
MT,2024,L,Real estate activities,E_AI_TPA,Automatizacion de procesos,3.12,
NL,2024,L,Real estate activities,E_AI_TPA,Automatizacion de procesos,7.48,
PL,2024,L,Real estate activities,E_AI_TPA,Automatizacion de procesos,1.01,
PT,2024,L,Real estate activities,E_AI_TPA,Automatizacion de procesos,1.25,
RO,2024,L,Real estate activities,E_AI_TPA,Automatizacion de procesos,3.38,
SE,2024,L,Real estate activities,E_AI_TPA,Automatizacion de procesos,8.66,
SI,2024,L,Real estate activities,E_AI_TPA,Automatizacion de procesos,0.0,
SK,2024,L,Real estate activities,E_AI_TPA,Automatizacion de procesos,2.28,
AT,2024,L,Real estate activities,E_AI_TPVSG,Generacion de imagen/audio,,
BE,2024,L,Real estate activities,E_AI_TPVSG,Generacion de imagen/audio,,
BG,2024,L,Real estate activities,E_AI_TPVSG,Generacion de imagen/audio,,
CY,2024,L,Real estate activities,E_AI_TPVSG,Generacion de imagen/audio,,
CZ,2024,L,Real estate activities,E_AI_TPVSG,Generacion de imagen/audio,,
DE,2024,L,Real estate activities,E_AI_TPVSG,Generacion de imagen/audio,,
DK,2024,L,Real estate activities,E_AI_TPVSG,Generacion de imagen/audio,,
EE,2024,L,Real estate activities,E_AI_TPVSG,Generacion de imagen/audio,,
EL,2024,L,Real estate activities,E_AI_TPVSG,Generacion de imagen/audio,,
ES,2024,L,Real estate activities,E_AI_TPVSG,Generacion de imagen/audio,,
EU27_2020,2024,L,Real estate activities,E_AI_TPVSG,Generacion de imagen/audio,,
FI,2024,L,Real estate activities,E_AI_TPVSG,Generacion de imagen/audio,,
FR,2024,L,Real estate activities,E_AI_TPVSG,Generacion de imagen/audio,,
HR,2024,L,Real estate activities,E_AI_TPVSG,Generacion de imagen/audio,,
HU,2024,L,Real estate activities,E_AI_TPVSG,Generacion de imagen/audio,,
IE,2024,L,Real estate activities,E_AI_TPVSG,Generacion de imagen/audio,,
IT,2024,L,Real estate activities,E_AI_TPVSG,Generacion de imagen/audio,,
LT,2024,L,Real estate activities,E_AI_TPVSG,Generacion de imagen/audio,,
LU,2024,L,Real estate activities,E_AI_TPVSG,Generacion de imagen/audio,,
LV,2024,L,Real estate activities,E_AI_TPVSG,Generacion de imagen/audio,,
MT,2024,L,Real estate activities,E_AI_TPVSG,Generacion de imagen/audio,,
NL,2024,L,Real estate activities,E_AI_TPVSG,Generacion de imagen/audio,,
PL,2024,L,Real estate activities,E_AI_TPVSG,Generacion de imagen/audio,,
PT,2024,L,Real estate activities,E_AI_TPVSG,Generacion de imagen/audio,,
RO,2024,L,Real estate activities,E_AI_TPVSG,Generacion de imagen/audio,,
SE,2024,L,Real estate activities,E_AI_TPVSG,Generacion de imagen/audio,,
SI,2024,L,Real estate activities,E_AI_TPVSG,Generacion de imagen/audio,,
SK,2024,L,Real estate activities,E_AI_TPVSG,Generacion de imagen/audio,,
AT,2024,L,Real estate activities,E_AI_TSR,Reconocimiento de voz,11.43,
BE,2024,L,Real estate activities,E_AI_TSR,Reconocimiento de voz,,u
BG,2024,L,Real estate activities,E_AI_TSR,Reconocimiento de voz,0.0,
CY,2024,L,Real estate activities,E_AI_TSR,Reconocimiento de voz,0.0,
CZ,2024,L,Real estate activities,E_AI_TSR,Reconocimiento de voz,1.63,
DE,2024,L,Real estate activities,E_AI_TSR,Reconocimiento de voz,14.44,
DK,2024,L,Real estate activities,E_AI_TSR,Reconocimiento de voz,2.11,
EE,2024,L,Real estate activities,E_AI_TSR,Reconocimiento de voz,0.0,
EL,2024,L,Real estate activities,E_AI_TSR,Reconocimiento de voz,2.13,
ES,2024,L,Real estate activities,E_AI_TSR,Reconocimiento de voz,5.58,
EU27_2020,2024,L,Real estate activities,E_AI_TSR,Reconocimiento de voz,6.75,
FI,2024,L,Real estate activities,E_AI_TSR,Reconocimiento de voz,8.18,
FR,2024,L,Real estate activities,E_AI_TSR,Reconocimiento de voz,6.05,
HR,2024,L,Real estate activities,E_AI_TSR,Reconocimiento de voz,0.0,
HU,2024,L,Real estate activities,E_AI_TSR,Reconocimiento de voz,1.88,
IE,2024,L,Real estate activities,E_AI_TSR,Reconocimiento de voz,5.31,
IT,2024,L,Real estate activities,E_AI_TSR,Reconocimiento de voz,2.85,
LT,2024,L,Real estate activities,E_AI_TSR,Reconocimiento de voz,2.79,
LU,2024,L,Real estate activities,E_AI_TSR,Reconocimiento de voz,,@C
LV,2024,L,Real estate activities,E_AI_TSR,Reconocimiento de voz,0.0,
MT,2024,L,Real estate activities,E_AI_TSR,Reconocimiento de voz,3.12,
NL,2024,L,Real estate activities,E_AI_TSR,Reconocimiento de voz,6.52,
PL,2024,L,Real estate activities,E_AI_TSR,Reconocimiento de voz,0.91,
PT,2024,L,Real estate activities,E_AI_TSR,Reconocimiento de voz,0.47,
RO,2024,L,Real estate activities,E_AI_TSR,Reconocimiento de voz,3.38,
SE,2024,L,Real estate activities,E_AI_TSR,Reconocimiento de voz,3.17,
SI,2024,L,Real estate activities,E_AI_TSR,Reconocimiento de voz,0.0,
SK,2024,L,Real estate activities,E_AI_TSR,Reconocimiento de voz,1.4,
AT,2024,L,Real estate activities,E_AI_TTM,Mineria de texto,15.8,
BE,2024,L,Real estate activities,E_AI_TTM,Mineria de texto,,u
BG,2024,L,Real estate activities,E_AI_TTM,Mineria de texto,,u
CY,2024,L,Real estate activities,E_AI_TTM,Mineria de texto,0.0,
CZ,2024,L,Real estate activities,E_AI_TTM,Mineria de texto,6.9,
DE,2024,L,Real estate activities,E_AI_TTM,Mineria de texto,8.67,
DK,2024,L,Real estate activities,E_AI_TTM,Mineria de texto,22.16,
EE,2024,L,Real estate activities,E_AI_TTM,Mineria de texto,1.11,
EL,2024,L,Real estate activities,E_AI_TTM,Mineria de texto,2.13,
ES,2024,L,Real estate activities,E_AI_TTM,Mineria de texto,4.47,
EU27_2020,2024,L,Real estate activities,E_AI_TTM,Mineria de texto,7.2,
FI,2024,L,Real estate activities,E_AI_TTM,Mineria de texto,17.99,
FR,2024,L,Real estate activities,E_AI_TTM,Mineria de texto,5.78,
HR,2024,L,Real estate activities,E_AI_TTM,Mineria de texto,,u
HU,2024,L,Real estate activities,E_AI_TTM,Mineria de texto,1.74,
IE,2024,L,Real estate activities,E_AI_TTM,Mineria de texto,9.87,
IT,2024,L,Real estate activities,E_AI_TTM,Mineria de texto,4.25,
LT,2024,L,Real estate activities,E_AI_TTM,Mineria de texto,4.65,
LU,2024,L,Real estate activities,E_AI_TTM,Mineria de texto,,@C
LV,2024,L,Real estate activities,E_AI_TTM,Mineria de texto,3.68,
MT,2024,L,Real estate activities,E_AI_TTM,Mineria de texto,3.12,
NL,2024,L,Real estate activities,E_AI_TTM,Mineria de texto,15.04,
PL,2024,L,Real estate activities,E_AI_TTM,Mineria de texto,1.78,
PT,2024,L,Real estate activities,E_AI_TTM,Mineria de texto,,u
RO,2024,L,Real estate activities,E_AI_TTM,Mineria de texto,0.21,
SE,2024,L,Real estate activities,E_AI_TTM,Mineria de texto,15.76,
SI,2024,L,Real estate activities,E_AI_TTM,Mineria de texto,0.0,
SK,2024,L,Real estate activities,E_AI_TTM,Mineria de texto,2.28,
AT,2024,M,"Professional, scientific and technical activities",E_AI_TANY,Cualquier IA,39.59,
BE,2024,M,"Professional, scientific and technical activities",E_AI_TANY,Cualquier IA,42.92,
BG,2024,M,"Professional, scientific and technical activities",E_AI_TANY,Cualquier IA,14.17,
CY,2024,M,"Professional, scientific and technical activities",E_AI_TANY,Cualquier IA,14.84,
CZ,2024,M,"Professional, scientific and technical activities",E_AI_TANY,Cualquier IA,22.09,
DE,2024,M,"Professional, scientific and technical activities",E_AI_TANY,Cualquier IA,42.29,
DK,2024,M,"Professional, scientific and technical activities",E_AI_TANY,Cualquier IA,44.9,
EE,2024,M,"Professional, scientific and technical activities",E_AI_TANY,Cualquier IA,36.43,
EL,2024,M,"Professional, scientific and technical activities",E_AI_TANY,Cualquier IA,21.02,
ES,2024,M,"Professional, scientific and technical activities",E_AI_TANY,Cualquier IA,26.07,
EU27_2020,2024,M,"Professional, scientific and technical activities",E_AI_TANY,Cualquier IA,30.53,
FI,2024,M,"Professional, scientific and technical activities",E_AI_TANY,Cualquier IA,48.46,
FR,2024,M,"Professional, scientific and technical activities",E_AI_TANY,Cualquier IA,17.47,
HR,2024,M,"Professional, scientific and technical activities",E_AI_TANY,Cualquier IA,17.22,
HU,2024,M,"Professional, scientific and technical activities",E_AI_TANY,Cualquier IA,17.3,
IE,2024,M,"Professional, scientific and technical activities",E_AI_TANY,Cualquier IA,27.25,
IT,2024,M,"Professional, scientific and technical activities",E_AI_TANY,Cualquier IA,19.56,
LT,2024,M,"Professional, scientific and technical activities",E_AI_TANY,Cualquier IA,16.15,
LU,2024,M,"Professional, scientific and technical activities",E_AI_TANY,Cualquier IA,37.49,
LV,2024,M,"Professional, scientific and technical activities",E_AI_TANY,Cualquier IA,23.46,
MT,2024,M,"Professional, scientific and technical activities",E_AI_TANY,Cualquier IA,25.24,
NL,2024,M,"Professional, scientific and technical activities",E_AI_TANY,Cualquier IA,39.78,
PL,2024,M,"Professional, scientific and technical activities",E_AI_TANY,Cualquier IA,14.45,
PT,2024,M,"Professional, scientific and technical activities",E_AI_TANY,Cualquier IA,,u
RO,2024,M,"Professional, scientific and technical activities",E_AI_TANY,Cualquier IA,9.06,
SE,2024,M,"Professional, scientific and technical activities",E_AI_TANY,Cualquier IA,53.71,
SI,2024,M,"Professional, scientific and technical activities",E_AI_TANY,Cualquier IA,30.37,
SK,2024,M,"Professional, scientific and technical activities",E_AI_TANY,Cualquier IA,17.12,
AT,2024,M,"Professional, scientific and technical activities",E_AI_TAR,Robots autonomos,1.38,
BE,2024,M,"Professional, scientific and technical activities",E_AI_TAR,Robots autonomos,4.08,
BG,2024,M,"Professional, scientific and technical activities",E_AI_TAR,Robots autonomos,,u
CY,2024,M,"Professional, scientific and technical activities",E_AI_TAR,Robots autonomos,0.36,
CZ,2024,M,"Professional, scientific and technical activities",E_AI_TAR,Robots autonomos,1.2,
DE,2024,M,"Professional, scientific and technical activities",E_AI_TAR,Robots autonomos,1.86,
DK,2024,M,"Professional, scientific and technical activities",E_AI_TAR,Robots autonomos,4.42,
EE,2024,M,"Professional, scientific and technical activities",E_AI_TAR,Robots autonomos,3.41,
EL,2024,M,"Professional, scientific and technical activities",E_AI_TAR,Robots autonomos,1.72,
ES,2024,M,"Professional, scientific and technical activities",E_AI_TAR,Robots autonomos,2.12,
EU27_2020,2024,M,"Professional, scientific and technical activities",E_AI_TAR,Robots autonomos,1.67,
FI,2024,M,"Professional, scientific and technical activities",E_AI_TAR,Robots autonomos,5.29,
FR,2024,M,"Professional, scientific and technical activities",E_AI_TAR,Robots autonomos,0.87,
HR,2024,M,"Professional, scientific and technical activities",E_AI_TAR,Robots autonomos,,@C
HU,2024,M,"Professional, scientific and technical activities",E_AI_TAR,Robots autonomos,0.8,
IE,2024,M,"Professional, scientific and technical activities",E_AI_TAR,Robots autonomos,0.71,
IT,2024,M,"Professional, scientific and technical activities",E_AI_TAR,Robots autonomos,0.81,
LT,2024,M,"Professional, scientific and technical activities",E_AI_TAR,Robots autonomos,1.28,
LU,2024,M,"Professional, scientific and technical activities",E_AI_TAR,Robots autonomos,2.75,
LV,2024,M,"Professional, scientific and technical activities",E_AI_TAR,Robots autonomos,1.96,
MT,2024,M,"Professional, scientific and technical activities",E_AI_TAR,Robots autonomos,1.46,
NL,2024,M,"Professional, scientific and technical activities",E_AI_TAR,Robots autonomos,3.39,
PL,2024,M,"Professional, scientific and technical activities",E_AI_TAR,Robots autonomos,0.72,
PT,2024,M,"Professional, scientific and technical activities",E_AI_TAR,Robots autonomos,1.22,
RO,2024,M,"Professional, scientific and technical activities",E_AI_TAR,Robots autonomos,1.73,
SE,2024,M,"Professional, scientific and technical activities",E_AI_TAR,Robots autonomos,1.03,
SI,2024,M,"Professional, scientific and technical activities",E_AI_TAR,Robots autonomos,1.69,
SK,2024,M,"Professional, scientific and technical activities",E_AI_TAR,Robots autonomos,0.44,
AT,2024,M,"Professional, scientific and technical activities",E_AI_TIR,Vision por computador,5.5,
BE,2024,M,"Professional, scientific and technical activities",E_AI_TIR,Vision por computador,12.15,
BG,2024,M,"Professional, scientific and technical activities",E_AI_TIR,Vision por computador,5.03,
CY,2024,M,"Professional, scientific and technical activities",E_AI_TIR,Vision por computador,2.89,
CZ,2024,M,"Professional, scientific and technical activities",E_AI_TIR,Vision por computador,2.96,
DE,2024,M,"Professional, scientific and technical activities",E_AI_TIR,Vision por computador,9.61,
DK,2024,M,"Professional, scientific and technical activities",E_AI_TIR,Vision por computador,8.57,
EE,2024,M,"Professional, scientific and technical activities",E_AI_TIR,Vision por computador,11.01,
EL,2024,M,"Professional, scientific and technical activities",E_AI_TIR,Vision por computador,4.31,
ES,2024,M,"Professional, scientific and technical activities",E_AI_TIR,Vision por computador,8.16,
EU27_2020,2024,M,"Professional, scientific and technical activities",E_AI_TIR,Vision por computador,7.35,
FI,2024,M,"Professional, scientific and technical activities",E_AI_TIR,Vision por computador,12.88,
FR,2024,M,"Professional, scientific and technical activities",E_AI_TIR,Vision por computador,5.31,
HR,2024,M,"Professional, scientific and technical activities",E_AI_TIR,Vision por computador,4.7,
HU,2024,M,"Professional, scientific and technical activities",E_AI_TIR,Vision por computador,7.43,
IE,2024,M,"Professional, scientific and technical activities",E_AI_TIR,Vision por computador,3.66,
IT,2024,M,"Professional, scientific and technical activities",E_AI_TIR,Vision por computador,5.11,
LT,2024,M,"Professional, scientific and technical activities",E_AI_TIR,Vision por computador,3.21,
LU,2024,M,"Professional, scientific and technical activities",E_AI_TIR,Vision por computador,7.27,
LV,2024,M,"Professional, scientific and technical activities",E_AI_TIR,Vision por computador,5.83,
MT,2024,M,"Professional, scientific and technical activities",E_AI_TIR,Vision por computador,5.27,
NL,2024,M,"Professional, scientific and technical activities",E_AI_TIR,Vision por computador,8.28,
PL,2024,M,"Professional, scientific and technical activities",E_AI_TIR,Vision por computador,3.77,
PT,2024,M,"Professional, scientific and technical activities",E_AI_TIR,Vision por computador,5.68,
RO,2024,M,"Professional, scientific and technical activities",E_AI_TIR,Vision por computador,2.38,
SE,2024,M,"Professional, scientific and technical activities",E_AI_TIR,Vision por computador,11.24,
SI,2024,M,"Professional, scientific and technical activities",E_AI_TIR,Vision por computador,17.42,
SK,2024,M,"Professional, scientific and technical activities",E_AI_TIR,Vision por computador,3.57,
AT,2024,M,"Professional, scientific and technical activities",E_AI_TML,Machine learning,16.7,
BE,2024,M,"Professional, scientific and technical activities",E_AI_TML,Machine learning,15.57,
BG,2024,M,"Professional, scientific and technical activities",E_AI_TML,Machine learning,6.77,
CY,2024,M,"Professional, scientific and technical activities",E_AI_TML,Machine learning,10.07,
CZ,2024,M,"Professional, scientific and technical activities",E_AI_TML,Machine learning,10.65,
DE,2024,M,"Professional, scientific and technical activities",E_AI_TML,Machine learning,14.85,
DK,2024,M,"Professional, scientific and technical activities",E_AI_TML,Machine learning,21.95,
EE,2024,M,"Professional, scientific and technical activities",E_AI_TML,Machine learning,11.26,
EL,2024,M,"Professional, scientific and technical activities",E_AI_TML,Machine learning,9.59,
ES,2024,M,"Professional, scientific and technical activities",E_AI_TML,Machine learning,11.34,
EU27_2020,2024,M,"Professional, scientific and technical activities",E_AI_TML,Machine learning,11.35,
FI,2024,M,"Professional, scientific and technical activities",E_AI_TML,Machine learning,19.24,
FR,2024,M,"Professional, scientific and technical activities",E_AI_TML,Machine learning,7.59,
HR,2024,M,"Professional, scientific and technical activities",E_AI_TML,Machine learning,5.61,
HU,2024,M,"Professional, scientific and technical activities",E_AI_TML,Machine learning,5.99,
IE,2024,M,"Professional, scientific and technical activities",E_AI_TML,Machine learning,10.17,
IT,2024,M,"Professional, scientific and technical activities",E_AI_TML,Machine learning,7.45,
LT,2024,M,"Professional, scientific and technical activities",E_AI_TML,Machine learning,7.31,
LU,2024,M,"Professional, scientific and technical activities",E_AI_TML,Machine learning,10.31,
LV,2024,M,"Professional, scientific and technical activities",E_AI_TML,Machine learning,4.52,
MT,2024,M,"Professional, scientific and technical activities",E_AI_TML,Machine learning,9.39,
NL,2024,M,"Professional, scientific and technical activities",E_AI_TML,Machine learning,12.45,
PL,2024,M,"Professional, scientific and technical activities",E_AI_TML,Machine learning,3.78,
PT,2024,M,"Professional, scientific and technical activities",E_AI_TML,Machine learning,8.15,
RO,2024,M,"Professional, scientific and technical activities",E_AI_TML,Machine learning,4.72,
SE,2024,M,"Professional, scientific and technical activities",E_AI_TML,Machine learning,16.89,
SI,2024,M,"Professional, scientific and technical activities",E_AI_TML,Machine learning,6.95,
SK,2024,M,"Professional, scientific and technical activities",E_AI_TML,Machine learning,5.72,
AT,2024,M,"Professional, scientific and technical activities",E_AI_TNLG,Generacion de lenguaje,13.94,
BE,2024,M,"Professional, scientific and technical activities",E_AI_TNLG,Generacion de lenguaje,19.45,
BG,2024,M,"Professional, scientific and technical activities",E_AI_TNLG,Generacion de lenguaje,5.87,
CY,2024,M,"Professional, scientific and technical activities",E_AI_TNLG,Generacion de lenguaje,4.93,
CZ,2024,M,"Professional, scientific and technical activities",E_AI_TNLG,Generacion de lenguaje,10.71,
DE,2024,M,"Professional, scientific and technical activities",E_AI_TNLG,Generacion de lenguaje,12.28,
DK,2024,M,"Professional, scientific and technical activities",E_AI_TNLG,Generacion de lenguaje,34.06,
EE,2024,M,"Professional, scientific and technical activities",E_AI_TNLG,Generacion de lenguaje,17.15,
EL,2024,M,"Professional, scientific and technical activities",E_AI_TNLG,Generacion de lenguaje,7.23,
ES,2024,M,"Professional, scientific and technical activities",E_AI_TNLG,Generacion de lenguaje,11.92,
EU27_2020,2024,M,"Professional, scientific and technical activities",E_AI_TNLG,Generacion de lenguaje,11.51,
FI,2024,M,"Professional, scientific and technical activities",E_AI_TNLG,Generacion de lenguaje,30.02,
FR,2024,M,"Professional, scientific and technical activities",E_AI_TNLG,Generacion de lenguaje,3.9,
HR,2024,M,"Professional, scientific and technical activities",E_AI_TNLG,Generacion de lenguaje,8.28,
HU,2024,M,"Professional, scientific and technical activities",E_AI_TNLG,Generacion de lenguaje,4.2,
IE,2024,M,"Professional, scientific and technical activities",E_AI_TNLG,Generacion de lenguaje,13.61,
IT,2024,M,"Professional, scientific and technical activities",E_AI_TNLG,Generacion de lenguaje,9.44,
LT,2024,M,"Professional, scientific and technical activities",E_AI_TNLG,Generacion de lenguaje,5.9,
LU,2024,M,"Professional, scientific and technical activities",E_AI_TNLG,Generacion de lenguaje,14.04,
LV,2024,M,"Professional, scientific and technical activities",E_AI_TNLG,Generacion de lenguaje,5.19,
MT,2024,M,"Professional, scientific and technical activities",E_AI_TNLG,Generacion de lenguaje,4.58,
NL,2024,M,"Professional, scientific and technical activities",E_AI_TNLG,Generacion de lenguaje,22.01,
PL,2024,M,"Professional, scientific and technical activities",E_AI_TNLG,Generacion de lenguaje,5.45,
PT,2024,M,"Professional, scientific and technical activities",E_AI_TNLG,Generacion de lenguaje,8.32,
RO,2024,M,"Professional, scientific and technical activities",E_AI_TNLG,Generacion de lenguaje,3.73,
SE,2024,M,"Professional, scientific and technical activities",E_AI_TNLG,Generacion de lenguaje,29.61,
SI,2024,M,"Professional, scientific and technical activities",E_AI_TNLG,Generacion de lenguaje,22.32,
SK,2024,M,"Professional, scientific and technical activities",E_AI_TNLG,Generacion de lenguaje,7.35,
AT,2024,M,"Professional, scientific and technical activities",E_AI_TPA,Automatizacion de procesos,11.19,
BE,2024,M,"Professional, scientific and technical activities",E_AI_TPA,Automatizacion de procesos,20.08,
BG,2024,M,"Professional, scientific and technical activities",E_AI_TPA,Automatizacion de procesos,7.27,
CY,2024,M,"Professional, scientific and technical activities",E_AI_TPA,Automatizacion de procesos,2.87,
CZ,2024,M,"Professional, scientific and technical activities",E_AI_TPA,Automatizacion de procesos,8.06,
DE,2024,M,"Professional, scientific and technical activities",E_AI_TPA,Automatizacion de procesos,11.67,
DK,2024,M,"Professional, scientific and technical activities",E_AI_TPA,Automatizacion de procesos,18.41,
EE,2024,M,"Professional, scientific and technical activities",E_AI_TPA,Automatizacion de procesos,5.77,
EL,2024,M,"Professional, scientific and technical activities",E_AI_TPA,Automatizacion de procesos,9.71,
ES,2024,M,"Professional, scientific and technical activities",E_AI_TPA,Automatizacion de procesos,11.13,
EU27_2020,2024,M,"Professional, scientific and technical activities",E_AI_TPA,Automatizacion de procesos,10.3,
FI,2024,M,"Professional, scientific and technical activities",E_AI_TPA,Automatizacion de procesos,21.24,
FR,2024,M,"Professional, scientific and technical activities",E_AI_TPA,Automatizacion de procesos,7.17,
HR,2024,M,"Professional, scientific and technical activities",E_AI_TPA,Automatizacion de procesos,4.99,
HU,2024,M,"Professional, scientific and technical activities",E_AI_TPA,Automatizacion de procesos,7.28,
IE,2024,M,"Professional, scientific and technical activities",E_AI_TPA,Automatizacion de procesos,12.11,
IT,2024,M,"Professional, scientific and technical activities",E_AI_TPA,Automatizacion de procesos,5.95,
LT,2024,M,"Professional, scientific and technical activities",E_AI_TPA,Automatizacion de procesos,11.15,
LU,2024,M,"Professional, scientific and technical activities",E_AI_TPA,Automatizacion de procesos,10.82,
LV,2024,M,"Professional, scientific and technical activities",E_AI_TPA,Automatizacion de procesos,7.95,
MT,2024,M,"Professional, scientific and technical activities",E_AI_TPA,Automatizacion de procesos,8.42,
NL,2024,M,"Professional, scientific and technical activities",E_AI_TPA,Automatizacion de procesos,10.82,
PL,2024,M,"Professional, scientific and technical activities",E_AI_TPA,Automatizacion de procesos,7.3,
PT,2024,M,"Professional, scientific and technical activities",E_AI_TPA,Automatizacion de procesos,12.4,
RO,2024,M,"Professional, scientific and technical activities",E_AI_TPA,Automatizacion de procesos,3.78,
SE,2024,M,"Professional, scientific and technical activities",E_AI_TPA,Automatizacion de procesos,18.79,
SI,2024,M,"Professional, scientific and technical activities",E_AI_TPA,Automatizacion de procesos,4.11,
SK,2024,M,"Professional, scientific and technical activities",E_AI_TPA,Automatizacion de procesos,9.47,
AT,2024,M,"Professional, scientific and technical activities",E_AI_TPVSG,Generacion de imagen/audio,,
BE,2024,M,"Professional, scientific and technical activities",E_AI_TPVSG,Generacion de imagen/audio,,
BG,2024,M,"Professional, scientific and technical activities",E_AI_TPVSG,Generacion de imagen/audio,,
CY,2024,M,"Professional, scientific and technical activities",E_AI_TPVSG,Generacion de imagen/audio,,
CZ,2024,M,"Professional, scientific and technical activities",E_AI_TPVSG,Generacion de imagen/audio,,
DE,2024,M,"Professional, scientific and technical activities",E_AI_TPVSG,Generacion de imagen/audio,,
DK,2024,M,"Professional, scientific and technical activities",E_AI_TPVSG,Generacion de imagen/audio,,
EE,2024,M,"Professional, scientific and technical activities",E_AI_TPVSG,Generacion de imagen/audio,,
EL,2024,M,"Professional, scientific and technical activities",E_AI_TPVSG,Generacion de imagen/audio,,
ES,2024,M,"Professional, scientific and technical activities",E_AI_TPVSG,Generacion de imagen/audio,,
EU27_2020,2024,M,"Professional, scientific and technical activities",E_AI_TPVSG,Generacion de imagen/audio,,
FI,2024,M,"Professional, scientific and technical activities",E_AI_TPVSG,Generacion de imagen/audio,,
FR,2024,M,"Professional, scientific and technical activities",E_AI_TPVSG,Generacion de imagen/audio,,
HR,2024,M,"Professional, scientific and technical activities",E_AI_TPVSG,Generacion de imagen/audio,,
HU,2024,M,"Professional, scientific and technical activities",E_AI_TPVSG,Generacion de imagen/audio,,
IE,2024,M,"Professional, scientific and technical activities",E_AI_TPVSG,Generacion de imagen/audio,,
IT,2024,M,"Professional, scientific and technical activities",E_AI_TPVSG,Generacion de imagen/audio,,
LT,2024,M,"Professional, scientific and technical activities",E_AI_TPVSG,Generacion de imagen/audio,,
LU,2024,M,"Professional, scientific and technical activities",E_AI_TPVSG,Generacion de imagen/audio,,
LV,2024,M,"Professional, scientific and technical activities",E_AI_TPVSG,Generacion de imagen/audio,,
MT,2024,M,"Professional, scientific and technical activities",E_AI_TPVSG,Generacion de imagen/audio,,
NL,2024,M,"Professional, scientific and technical activities",E_AI_TPVSG,Generacion de imagen/audio,,
PL,2024,M,"Professional, scientific and technical activities",E_AI_TPVSG,Generacion de imagen/audio,,
PT,2024,M,"Professional, scientific and technical activities",E_AI_TPVSG,Generacion de imagen/audio,,
RO,2024,M,"Professional, scientific and technical activities",E_AI_TPVSG,Generacion de imagen/audio,,
SE,2024,M,"Professional, scientific and technical activities",E_AI_TPVSG,Generacion de imagen/audio,,
SI,2024,M,"Professional, scientific and technical activities",E_AI_TPVSG,Generacion de imagen/audio,,
SK,2024,M,"Professional, scientific and technical activities",E_AI_TPVSG,Generacion de imagen/audio,,
AT,2024,M,"Professional, scientific and technical activities",E_AI_TSR,Reconocimiento de voz,12.52,
BE,2024,M,"Professional, scientific and technical activities",E_AI_TSR,Reconocimiento de voz,15.17,
BG,2024,M,"Professional, scientific and technical activities",E_AI_TSR,Reconocimiento de voz,5.95,
CY,2024,M,"Professional, scientific and technical activities",E_AI_TSR,Reconocimiento de voz,4.27,
CZ,2024,M,"Professional, scientific and technical activities",E_AI_TSR,Reconocimiento de voz,3.51,
DE,2024,M,"Professional, scientific and technical activities",E_AI_TSR,Reconocimiento de voz,22.57,
DK,2024,M,"Professional, scientific and technical activities",E_AI_TSR,Reconocimiento de voz,16.14,
EE,2024,M,"Professional, scientific and technical activities",E_AI_TSR,Reconocimiento de voz,9.6,
EL,2024,M,"Professional, scientific and technical activities",E_AI_TSR,Reconocimiento de voz,7.65,
ES,2024,M,"Professional, scientific and technical activities",E_AI_TSR,Reconocimiento de voz,9.71,
EU27_2020,2024,M,"Professional, scientific and technical activities",E_AI_TSR,Reconocimiento de voz,12.49,
FI,2024,M,"Professional, scientific and technical activities",E_AI_TSR,Reconocimiento de voz,18.01,
FR,2024,M,"Professional, scientific and technical activities",E_AI_TSR,Reconocimiento de voz,3.82,
HR,2024,M,"Professional, scientific and technical activities",E_AI_TSR,Reconocimiento de voz,5.3,
HU,2024,M,"Professional, scientific and technical activities",E_AI_TSR,Reconocimiento de voz,6.59,
IE,2024,M,"Professional, scientific and technical activities",E_AI_TSR,Reconocimiento de voz,9.12,
IT,2024,M,"Professional, scientific and technical activities",E_AI_TSR,Reconocimiento de voz,8.18,
LT,2024,M,"Professional, scientific and technical activities",E_AI_TSR,Reconocimiento de voz,7.31,
LU,2024,M,"Professional, scientific and technical activities",E_AI_TSR,Reconocimiento de voz,13.93,
LV,2024,M,"Professional, scientific and technical activities",E_AI_TSR,Reconocimiento de voz,7.04,
MT,2024,M,"Professional, scientific and technical activities",E_AI_TSR,Reconocimiento de voz,5.8,
NL,2024,M,"Professional, scientific and technical activities",E_AI_TSR,Reconocimiento de voz,13.45,
PL,2024,M,"Professional, scientific and technical activities",E_AI_TSR,Reconocimiento de voz,4.25,
PT,2024,M,"Professional, scientific and technical activities",E_AI_TSR,Reconocimiento de voz,2.37,
RO,2024,M,"Professional, scientific and technical activities",E_AI_TSR,Reconocimiento de voz,2.53,
SE,2024,M,"Professional, scientific and technical activities",E_AI_TSR,Reconocimiento de voz,16.03,
SI,2024,M,"Professional, scientific and technical activities",E_AI_TSR,Reconocimiento de voz,4.12,
SK,2024,M,"Professional, scientific and technical activities",E_AI_TSR,Reconocimiento de voz,7.91,
AT,2024,M,"Professional, scientific and technical activities",E_AI_TTM,Mineria de texto,26.87,
BE,2024,M,"Professional, scientific and technical activities",E_AI_TTM,Mineria de texto,28.95,
BG,2024,M,"Professional, scientific and technical activities",E_AI_TTM,Mineria de texto,10.49,
CY,2024,M,"Professional, scientific and technical activities",E_AI_TTM,Mineria de texto,5.05,
CZ,2024,M,"Professional, scientific and technical activities",E_AI_TTM,Mineria de texto,11.44,
DE,2024,M,"Professional, scientific and technical activities",E_AI_TTM,Mineria de texto,18.01,
DK,2024,M,"Professional, scientific and technical activities",E_AI_TTM,Mineria de texto,28.18,
EE,2024,M,"Professional, scientific and technical activities",E_AI_TTM,Mineria de texto,20.02,
EL,2024,M,"Professional, scientific and technical activities",E_AI_TTM,Mineria de texto,13.13,
ES,2024,M,"Professional, scientific and technical activities",E_AI_TTM,Mineria de texto,13.91,
EU27_2020,2024,M,"Professional, scientific and technical activities",E_AI_TTM,Mineria de texto,15.61,
FI,2024,M,"Professional, scientific and technical activities",E_AI_TTM,Mineria de texto,29.5,
FR,2024,M,"Professional, scientific and technical activities",E_AI_TTM,Mineria de texto,8.55,
HR,2024,M,"Professional, scientific and technical activities",E_AI_TTM,Mineria de texto,13.3,
HU,2024,M,"Professional, scientific and technical activities",E_AI_TTM,Mineria de texto,9.62,
IE,2024,M,"Professional, scientific and technical activities",E_AI_TTM,Mineria de texto,13.19,
IT,2024,M,"Professional, scientific and technical activities",E_AI_TTM,Mineria de texto,13.14,
LT,2024,M,"Professional, scientific and technical activities",E_AI_TTM,Mineria de texto,8.08,
LU,2024,M,"Professional, scientific and technical activities",E_AI_TTM,Mineria de texto,26.7,
LV,2024,M,"Professional, scientific and technical activities",E_AI_TTM,Mineria de texto,15.95,
MT,2024,M,"Professional, scientific and technical activities",E_AI_TTM,Mineria de texto,11.35,
NL,2024,M,"Professional, scientific and technical activities",E_AI_TTM,Mineria de texto,23.78,
PL,2024,M,"Professional, scientific and technical activities",E_AI_TTM,Mineria de texto,4.35,
PT,2024,M,"Professional, scientific and technical activities",E_AI_TTM,Mineria de texto,12.98,
RO,2024,M,"Professional, scientific and technical activities",E_AI_TTM,Mineria de texto,6.95,
SE,2024,M,"Professional, scientific and technical activities",E_AI_TTM,Mineria de texto,33.14,
SI,2024,M,"Professional, scientific and technical activities",E_AI_TTM,Mineria de texto,8.2,
SK,2024,M,"Professional, scientific and technical activities",E_AI_TTM,Mineria de texto,8.59,
AT,2024,N,Administrative and support service activities,E_AI_TANY,Cualquier IA,19.57,
BE,2024,N,Administrative and support service activities,E_AI_TANY,Cualquier IA,20.99,
BG,2024,N,Administrative and support service activities,E_AI_TANY,Cualquier IA,3.9,
CY,2024,N,Administrative and support service activities,E_AI_TANY,Cualquier IA,9.37,
CZ,2024,N,Administrative and support service activities,E_AI_TANY,Cualquier IA,9.45,
DE,2024,N,Administrative and support service activities,E_AI_TANY,Cualquier IA,18.91,
DK,2024,N,Administrative and support service activities,E_AI_TANY,Cualquier IA,27.84,
EE,2024,N,Administrative and support service activities,E_AI_TANY,Cualquier IA,20.33,
EL,2024,N,Administrative and support service activities,E_AI_TANY,Cualquier IA,14.4,
ES,2024,N,Administrative and support service activities,E_AI_TANY,Cualquier IA,8.82,
EU27_2020,2024,N,Administrative and support service activities,E_AI_TANY,Cualquier IA,14.33,
FI,2024,N,Administrative and support service activities,E_AI_TANY,Cualquier IA,24.78,
FR,2024,N,Administrative and support service activities,E_AI_TANY,Cualquier IA,11.25,
HR,2024,N,Administrative and support service activities,E_AI_TANY,Cualquier IA,21.63,
HU,2024,N,Administrative and support service activities,E_AI_TANY,Cualquier IA,5.63,
IE,2024,N,Administrative and support service activities,E_AI_TANY,Cualquier IA,24.8,
IT,2024,N,Administrative and support service activities,E_AI_TANY,Cualquier IA,7.72,
LT,2024,N,Administrative and support service activities,E_AI_TANY,Cualquier IA,10.06,
LU,2024,N,Administrative and support service activities,E_AI_TANY,Cualquier IA,25.64,
LV,2024,N,Administrative and support service activities,E_AI_TANY,Cualquier IA,8.42,
MT,2024,N,Administrative and support service activities,E_AI_TANY,Cualquier IA,17.05,
NL,2024,N,Administrative and support service activities,E_AI_TANY,Cualquier IA,22.57,
PL,2024,N,Administrative and support service activities,E_AI_TANY,Cualquier IA,7.72,
PT,2024,N,Administrative and support service activities,E_AI_TANY,Cualquier IA,12.91,
RO,2024,N,Administrative and support service activities,E_AI_TANY,Cualquier IA,5.3,
SE,2024,N,Administrative and support service activities,E_AI_TANY,Cualquier IA,21.63,
SI,2024,N,Administrative and support service activities,E_AI_TANY,Cualquier IA,7.65,
SK,2024,N,Administrative and support service activities,E_AI_TANY,Cualquier IA,18.37,
AT,2024,N,Administrative and support service activities,E_AI_TAR,Robots autonomos,1.0,
BE,2024,N,Administrative and support service activities,E_AI_TAR,Robots autonomos,0.8,
BG,2024,N,Administrative and support service activities,E_AI_TAR,Robots autonomos,0.0,
CY,2024,N,Administrative and support service activities,E_AI_TAR,Robots autonomos,0.0,
CZ,2024,N,Administrative and support service activities,E_AI_TAR,Robots autonomos,0.51,
DE,2024,N,Administrative and support service activities,E_AI_TAR,Robots autonomos,1.05,
DK,2024,N,Administrative and support service activities,E_AI_TAR,Robots autonomos,1.64,
EE,2024,N,Administrative and support service activities,E_AI_TAR,Robots autonomos,0.27,
EL,2024,N,Administrative and support service activities,E_AI_TAR,Robots autonomos,0.12,
ES,2024,N,Administrative and support service activities,E_AI_TAR,Robots autonomos,0.69,
EU27_2020,2024,N,Administrative and support service activities,E_AI_TAR,Robots autonomos,0.69,
FI,2024,N,Administrative and support service activities,E_AI_TAR,Robots autonomos,1.75,
FR,2024,N,Administrative and support service activities,E_AI_TAR,Robots autonomos,0.05,
HR,2024,N,Administrative and support service activities,E_AI_TAR,Robots autonomos,0.0,
HU,2024,N,Administrative and support service activities,E_AI_TAR,Robots autonomos,0.84,
IE,2024,N,Administrative and support service activities,E_AI_TAR,Robots autonomos,0.21,
IT,2024,N,Administrative and support service activities,E_AI_TAR,Robots autonomos,0.26,
LT,2024,N,Administrative and support service activities,E_AI_TAR,Robots autonomos,0.62,
LU,2024,N,Administrative and support service activities,E_AI_TAR,Robots autonomos,1.45,
LV,2024,N,Administrative and support service activities,E_AI_TAR,Robots autonomos,0.36,
MT,2024,N,Administrative and support service activities,E_AI_TAR,Robots autonomos,1.53,
NL,2024,N,Administrative and support service activities,E_AI_TAR,Robots autonomos,1.48,
PL,2024,N,Administrative and support service activities,E_AI_TAR,Robots autonomos,0.29,
PT,2024,N,Administrative and support service activities,E_AI_TAR,Robots autonomos,0.63,
RO,2024,N,Administrative and support service activities,E_AI_TAR,Robots autonomos,0.08,
SE,2024,N,Administrative and support service activities,E_AI_TAR,Robots autonomos,1.35,
SI,2024,N,Administrative and support service activities,E_AI_TAR,Robots autonomos,0.28,
SK,2024,N,Administrative and support service activities,E_AI_TAR,Robots autonomos,1.28,
AT,2024,N,Administrative and support service activities,E_AI_TIR,Vision por computador,3.51,
BE,2024,N,Administrative and support service activities,E_AI_TIR,Vision por computador,2.11,
BG,2024,N,Administrative and support service activities,E_AI_TIR,Vision por computador,1.38,
CY,2024,N,Administrative and support service activities,E_AI_TIR,Vision por computador,1.3,
CZ,2024,N,Administrative and support service activities,E_AI_TIR,Vision por computador,0.93,
DE,2024,N,Administrative and support service activities,E_AI_TIR,Vision por computador,5.39,
DK,2024,N,Administrative and support service activities,E_AI_TIR,Vision por computador,3.57,
EE,2024,N,Administrative and support service activities,E_AI_TIR,Vision por computador,2.44,
EL,2024,N,Administrative and support service activities,E_AI_TIR,Vision por computador,4.35,
ES,2024,N,Administrative and support service activities,E_AI_TIR,Vision por computador,1.45,
EU27_2020,2024,N,Administrative and support service activities,E_AI_TIR,Vision por computador,2.96,
FI,2024,N,Administrative and support service activities,E_AI_TIR,Vision por computador,2.03,
FR,2024,N,Administrative and support service activities,E_AI_TIR,Vision por computador,1.07,
HR,2024,N,Administrative and support service activities,E_AI_TIR,Vision por computador,5.68,
HU,2024,N,Administrative and support service activities,E_AI_TIR,Vision por computador,1.58,
IE,2024,N,Administrative and support service activities,E_AI_TIR,Vision por computador,6.73,
IT,2024,N,Administrative and support service activities,E_AI_TIR,Vision por computador,1.5,
LT,2024,N,Administrative and support service activities,E_AI_TIR,Vision por computador,2.17,
LU,2024,N,Administrative and support service activities,E_AI_TIR,Vision por computador,4.13,
LV,2024,N,Administrative and support service activities,E_AI_TIR,Vision por computador,3.17,
MT,2024,N,Administrative and support service activities,E_AI_TIR,Vision por computador,5.38,
NL,2024,N,Administrative and support service activities,E_AI_TIR,Vision por computador,3.33,
PL,2024,N,Administrative and support service activities,E_AI_TIR,Vision por computador,2.46,
PT,2024,N,Administrative and support service activities,E_AI_TIR,Vision por computador,1.79,
RO,2024,N,Administrative and support service activities,E_AI_TIR,Vision por computador,1.49,
SE,2024,N,Administrative and support service activities,E_AI_TIR,Vision por computador,2.44,
SI,2024,N,Administrative and support service activities,E_AI_TIR,Vision por computador,1.2,
SK,2024,N,Administrative and support service activities,E_AI_TIR,Vision por computador,3.55,
AT,2024,N,Administrative and support service activities,E_AI_TML,Machine learning,5.35,
BE,2024,N,Administrative and support service activities,E_AI_TML,Machine learning,5.23,
BG,2024,N,Administrative and support service activities,E_AI_TML,Machine learning,,u
CY,2024,N,Administrative and support service activities,E_AI_TML,Machine learning,6.97,
CZ,2024,N,Administrative and support service activities,E_AI_TML,Machine learning,3.99,
DE,2024,N,Administrative and support service activities,E_AI_TML,Machine learning,3.73,
DK,2024,N,Administrative and support service activities,E_AI_TML,Machine learning,7.91,
EE,2024,N,Administrative and support service activities,E_AI_TML,Machine learning,4.08,
EL,2024,N,Administrative and support service activities,E_AI_TML,Machine learning,3.31,
ES,2024,N,Administrative and support service activities,E_AI_TML,Machine learning,2.85,
EU27_2020,2024,N,Administrative and support service activities,E_AI_TML,Machine learning,3.96,
FI,2024,N,Administrative and support service activities,E_AI_TML,Machine learning,11.09,
FR,2024,N,Administrative and support service activities,E_AI_TML,Machine learning,5.2,
HR,2024,N,Administrative and support service activities,E_AI_TML,Machine learning,5.84,
HU,2024,N,Administrative and support service activities,E_AI_TML,Machine learning,0.9,
IE,2024,N,Administrative and support service activities,E_AI_TML,Machine learning,13.28,
IT,2024,N,Administrative and support service activities,E_AI_TML,Machine learning,2.78,
LT,2024,N,Administrative and support service activities,E_AI_TML,Machine learning,2.17,
LU,2024,N,Administrative and support service activities,E_AI_TML,Machine learning,5.8,
LV,2024,N,Administrative and support service activities,E_AI_TML,Machine learning,4.53,
MT,2024,N,Administrative and support service activities,E_AI_TML,Machine learning,5.66,
NL,2024,N,Administrative and support service activities,E_AI_TML,Machine learning,4.21,
PL,2024,N,Administrative and support service activities,E_AI_TML,Machine learning,2.08,
PT,2024,N,Administrative and support service activities,E_AI_TML,Machine learning,3.65,
RO,2024,N,Administrative and support service activities,E_AI_TML,Machine learning,1.16,
SE,2024,N,Administrative and support service activities,E_AI_TML,Machine learning,4.5,
SI,2024,N,Administrative and support service activities,E_AI_TML,Machine learning,0.64,
SK,2024,N,Administrative and support service activities,E_AI_TML,Machine learning,4.84,
AT,2024,N,Administrative and support service activities,E_AI_TNLG,Generacion de lenguaje,7.71,
BE,2024,N,Administrative and support service activities,E_AI_TNLG,Generacion de lenguaje,6.55,
BG,2024,N,Administrative and support service activities,E_AI_TNLG,Generacion de lenguaje,,u
CY,2024,N,Administrative and support service activities,E_AI_TNLG,Generacion de lenguaje,3.89,
CZ,2024,N,Administrative and support service activities,E_AI_TNLG,Generacion de lenguaje,4.16,
DE,2024,N,Administrative and support service activities,E_AI_TNLG,Generacion de lenguaje,4.67,
DK,2024,N,Administrative and support service activities,E_AI_TNLG,Generacion de lenguaje,17.69,
EE,2024,N,Administrative and support service activities,E_AI_TNLG,Generacion de lenguaje,5.33,
EL,2024,N,Administrative and support service activities,E_AI_TNLG,Generacion de lenguaje,6.9,
ES,2024,N,Administrative and support service activities,E_AI_TNLG,Generacion de lenguaje,3.75,
EU27_2020,2024,N,Administrative and support service activities,E_AI_TNLG,Generacion de lenguaje,4.96,
FI,2024,N,Administrative and support service activities,E_AI_TNLG,Generacion de lenguaje,9.8,
FR,2024,N,Administrative and support service activities,E_AI_TNLG,Generacion de lenguaje,3.24,
HR,2024,N,Administrative and support service activities,E_AI_TNLG,Generacion de lenguaje,3.8,
HU,2024,N,Administrative and support service activities,E_AI_TNLG,Generacion de lenguaje,2.13,
IE,2024,N,Administrative and support service activities,E_AI_TNLG,Generacion de lenguaje,10.78,
IT,2024,N,Administrative and support service activities,E_AI_TNLG,Generacion de lenguaje,3.95,
LT,2024,N,Administrative and support service activities,E_AI_TNLG,Generacion de lenguaje,2.94,
LU,2024,N,Administrative and support service activities,E_AI_TNLG,Generacion de lenguaje,10.4,
LV,2024,N,Administrative and support service activities,E_AI_TNLG,Generacion de lenguaje,2.11,
MT,2024,N,Administrative and support service activities,E_AI_TNLG,Generacion de lenguaje,2.46,
NL,2024,N,Administrative and support service activities,E_AI_TNLG,Generacion de lenguaje,10.73,
PL,2024,N,Administrative and support service activities,E_AI_TNLG,Generacion de lenguaje,3.44,
PT,2024,N,Administrative and support service activities,E_AI_TNLG,Generacion de lenguaje,1.88,
RO,2024,N,Administrative and support service activities,E_AI_TNLG,Generacion de lenguaje,2.62,
SE,2024,N,Administrative and support service activities,E_AI_TNLG,Generacion de lenguaje,10.74,
SI,2024,N,Administrative and support service activities,E_AI_TNLG,Generacion de lenguaje,6.17,
SK,2024,N,Administrative and support service activities,E_AI_TNLG,Generacion de lenguaje,5.03,
AT,2024,N,Administrative and support service activities,E_AI_TPA,Automatizacion de procesos,3.44,
BE,2024,N,Administrative and support service activities,E_AI_TPA,Automatizacion de procesos,5.21,
BG,2024,N,Administrative and support service activities,E_AI_TPA,Automatizacion de procesos,1.98,
CY,2024,N,Administrative and support service activities,E_AI_TPA,Automatizacion de procesos,2.73,
CZ,2024,N,Administrative and support service activities,E_AI_TPA,Automatizacion de procesos,2.36,
DE,2024,N,Administrative and support service activities,E_AI_TPA,Automatizacion de procesos,5.53,
DK,2024,N,Administrative and support service activities,E_AI_TPA,Automatizacion de procesos,10.41,
EE,2024,N,Administrative and support service activities,E_AI_TPA,Automatizacion de procesos,6.27,
EL,2024,N,Administrative and support service activities,E_AI_TPA,Automatizacion de procesos,1.98,
ES,2024,N,Administrative and support service activities,E_AI_TPA,Automatizacion de procesos,2.97,
EU27_2020,2024,N,Administrative and support service activities,E_AI_TPA,Automatizacion de procesos,4.26,
FI,2024,N,Administrative and support service activities,E_AI_TPA,Automatizacion de procesos,14.43,
FR,2024,N,Administrative and support service activities,E_AI_TPA,Automatizacion de procesos,3.05,
HR,2024,N,Administrative and support service activities,E_AI_TPA,Automatizacion de procesos,3.67,
HU,2024,N,Administrative and support service activities,E_AI_TPA,Automatizacion de procesos,1.66,
IE,2024,N,Administrative and support service activities,E_AI_TPA,Automatizacion de procesos,12.29,
IT,2024,N,Administrative and support service activities,E_AI_TPA,Automatizacion de procesos,1.31,
LT,2024,N,Administrative and support service activities,E_AI_TPA,Automatizacion de procesos,6.04,
LU,2024,N,Administrative and support service activities,E_AI_TPA,Automatizacion de procesos,6.44,
LV,2024,N,Administrative and support service activities,E_AI_TPA,Automatizacion de procesos,2.67,
MT,2024,N,Administrative and support service activities,E_AI_TPA,Automatizacion de procesos,5.98,
NL,2024,N,Administrative and support service activities,E_AI_TPA,Automatizacion de procesos,5.73,
PL,2024,N,Administrative and support service activities,E_AI_TPA,Automatizacion de procesos,3.77,
PT,2024,N,Administrative and support service activities,E_AI_TPA,Automatizacion de procesos,5.69,
RO,2024,N,Administrative and support service activities,E_AI_TPA,Automatizacion de procesos,1.41,
SE,2024,N,Administrative and support service activities,E_AI_TPA,Automatizacion de procesos,7.87,
SI,2024,N,Administrative and support service activities,E_AI_TPA,Automatizacion de procesos,0.64,
SK,2024,N,Administrative and support service activities,E_AI_TPA,Automatizacion de procesos,2.65,
AT,2024,N,Administrative and support service activities,E_AI_TPVSG,Generacion de imagen/audio,,
BE,2024,N,Administrative and support service activities,E_AI_TPVSG,Generacion de imagen/audio,,
BG,2024,N,Administrative and support service activities,E_AI_TPVSG,Generacion de imagen/audio,,
CY,2024,N,Administrative and support service activities,E_AI_TPVSG,Generacion de imagen/audio,,
CZ,2024,N,Administrative and support service activities,E_AI_TPVSG,Generacion de imagen/audio,,
DE,2024,N,Administrative and support service activities,E_AI_TPVSG,Generacion de imagen/audio,,
DK,2024,N,Administrative and support service activities,E_AI_TPVSG,Generacion de imagen/audio,,
EE,2024,N,Administrative and support service activities,E_AI_TPVSG,Generacion de imagen/audio,,
EL,2024,N,Administrative and support service activities,E_AI_TPVSG,Generacion de imagen/audio,,
ES,2024,N,Administrative and support service activities,E_AI_TPVSG,Generacion de imagen/audio,,
EU27_2020,2024,N,Administrative and support service activities,E_AI_TPVSG,Generacion de imagen/audio,,
FI,2024,N,Administrative and support service activities,E_AI_TPVSG,Generacion de imagen/audio,,
FR,2024,N,Administrative and support service activities,E_AI_TPVSG,Generacion de imagen/audio,,
HR,2024,N,Administrative and support service activities,E_AI_TPVSG,Generacion de imagen/audio,,
HU,2024,N,Administrative and support service activities,E_AI_TPVSG,Generacion de imagen/audio,,
IE,2024,N,Administrative and support service activities,E_AI_TPVSG,Generacion de imagen/audio,,
IT,2024,N,Administrative and support service activities,E_AI_TPVSG,Generacion de imagen/audio,,
LT,2024,N,Administrative and support service activities,E_AI_TPVSG,Generacion de imagen/audio,,
LU,2024,N,Administrative and support service activities,E_AI_TPVSG,Generacion de imagen/audio,,
LV,2024,N,Administrative and support service activities,E_AI_TPVSG,Generacion de imagen/audio,,
MT,2024,N,Administrative and support service activities,E_AI_TPVSG,Generacion de imagen/audio,,
NL,2024,N,Administrative and support service activities,E_AI_TPVSG,Generacion de imagen/audio,,
PL,2024,N,Administrative and support service activities,E_AI_TPVSG,Generacion de imagen/audio,,
PT,2024,N,Administrative and support service activities,E_AI_TPVSG,Generacion de imagen/audio,,
RO,2024,N,Administrative and support service activities,E_AI_TPVSG,Generacion de imagen/audio,,
SE,2024,N,Administrative and support service activities,E_AI_TPVSG,Generacion de imagen/audio,,
SI,2024,N,Administrative and support service activities,E_AI_TPVSG,Generacion de imagen/audio,,
SK,2024,N,Administrative and support service activities,E_AI_TPVSG,Generacion de imagen/audio,,
AT,2024,N,Administrative and support service activities,E_AI_TSR,Reconocimiento de voz,5.39,
BE,2024,N,Administrative and support service activities,E_AI_TSR,Reconocimiento de voz,4.27,
BG,2024,N,Administrative and support service activities,E_AI_TSR,Reconocimiento de voz,,u
CY,2024,N,Administrative and support service activities,E_AI_TSR,Reconocimiento de voz,2.83,
CZ,2024,N,Administrative and support service activities,E_AI_TSR,Reconocimiento de voz,1.32,
DE,2024,N,Administrative and support service activities,E_AI_TSR,Reconocimiento de voz,9.28,
DK,2024,N,Administrative and support service activities,E_AI_TSR,Reconocimiento de voz,9.14,
EE,2024,N,Administrative and support service activities,E_AI_TSR,Reconocimiento de voz,0.94,
EL,2024,N,Administrative and support service activities,E_AI_TSR,Reconocimiento de voz,2.24,
ES,2024,N,Administrative and support service activities,E_AI_TSR,Reconocimiento de voz,2.37,
EU27_2020,2024,N,Administrative and support service activities,E_AI_TSR,Reconocimiento de voz,4.91,
FI,2024,N,Administrative and support service activities,E_AI_TSR,Reconocimiento de voz,6.41,
FR,2024,N,Administrative and support service activities,E_AI_TSR,Reconocimiento de voz,2.0,
HR,2024,N,Administrative and support service activities,E_AI_TSR,Reconocimiento de voz,9.96,
HU,2024,N,Administrative and support service activities,E_AI_TSR,Reconocimiento de voz,2.32,
IE,2024,N,Administrative and support service activities,E_AI_TSR,Reconocimiento de voz,6.66,
IT,2024,N,Administrative and support service activities,E_AI_TSR,Reconocimiento de voz,3.23,
LT,2024,N,Administrative and support service activities,E_AI_TSR,Reconocimiento de voz,1.55,
LU,2024,N,Administrative and support service activities,E_AI_TSR,Reconocimiento de voz,6.91,
LV,2024,N,Administrative and support service activities,E_AI_TSR,Reconocimiento de voz,1.88,
MT,2024,N,Administrative and support service activities,E_AI_TSR,Reconocimiento de voz,4.07,
NL,2024,N,Administrative and support service activities,E_AI_TSR,Reconocimiento de voz,5.31,
PL,2024,N,Administrative and support service activities,E_AI_TSR,Reconocimiento de voz,2.28,
PT,2024,N,Administrative and support service activities,E_AI_TSR,Reconocimiento de voz,4.86,
RO,2024,N,Administrative and support service activities,E_AI_TSR,Reconocimiento de voz,1.28,
SE,2024,N,Administrative and support service activities,E_AI_TSR,Reconocimiento de voz,3.95,
SI,2024,N,Administrative and support service activities,E_AI_TSR,Reconocimiento de voz,2.74,
SK,2024,N,Administrative and support service activities,E_AI_TSR,Reconocimiento de voz,7.12,
AT,2024,N,Administrative and support service activities,E_AI_TTM,Mineria de texto,13.57,
BE,2024,N,Administrative and support service activities,E_AI_TTM,Mineria de texto,17.81,
BG,2024,N,Administrative and support service activities,E_AI_TTM,Mineria de texto,1.04,
CY,2024,N,Administrative and support service activities,E_AI_TTM,Mineria de texto,3.18,
CZ,2024,N,Administrative and support service activities,E_AI_TTM,Mineria de texto,6.35,
DE,2024,N,Administrative and support service activities,E_AI_TTM,Mineria de texto,9.46,
DK,2024,N,Administrative and support service activities,E_AI_TTM,Mineria de texto,17.94,
EE,2024,N,Administrative and support service activities,E_AI_TTM,Mineria de texto,15.14,
EL,2024,N,Administrative and support service activities,E_AI_TTM,Mineria de texto,3.14,
ES,2024,N,Administrative and support service activities,E_AI_TTM,Mineria de texto,5.38,
EU27_2020,2024,N,Administrative and support service activities,E_AI_TTM,Mineria de texto,8.06,
FI,2024,N,Administrative and support service activities,E_AI_TTM,Mineria de texto,15.05,
FR,2024,N,Administrative and support service activities,E_AI_TTM,Mineria de texto,6.23,
HR,2024,N,Administrative and support service activities,E_AI_TTM,Mineria de texto,15.03,
HU,2024,N,Administrative and support service activities,E_AI_TTM,Mineria de texto,3.2,
IE,2024,N,Administrative and support service activities,E_AI_TTM,Mineria de texto,11.07,
IT,2024,N,Administrative and support service activities,E_AI_TTM,Mineria de texto,4.55,
LT,2024,N,Administrative and support service activities,E_AI_TTM,Mineria de texto,5.11,
LU,2024,N,Administrative and support service activities,E_AI_TTM,Mineria de texto,19.48,
LV,2024,N,Administrative and support service activities,E_AI_TTM,Mineria de texto,6.57,
MT,2024,N,Administrative and support service activities,E_AI_TTM,Mineria de texto,8.8,
NL,2024,N,Administrative and support service activities,E_AI_TTM,Mineria de texto,15.48,
PL,2024,N,Administrative and support service activities,E_AI_TTM,Mineria de texto,1.62,
PT,2024,N,Administrative and support service activities,E_AI_TTM,Mineria de texto,6.57,
RO,2024,N,Administrative and support service activities,E_AI_TTM,Mineria de texto,2.92,
SE,2024,N,Administrative and support service activities,E_AI_TTM,Mineria de texto,16.3,
SI,2024,N,Administrative and support service activities,E_AI_TTM,Mineria de texto,2.48,
SK,2024,N,Administrative and support service activities,E_AI_TTM,Mineria de texto,10.4,
AT,2025,C,Manufacturing,E_AI_TANY,Cualquier IA,32.54,
BE,2025,C,Manufacturing,E_AI_TANY,Cualquier IA,39.8,
BG,2025,C,Manufacturing,E_AI_TANY,Cualquier IA,5.25,
CY,2025,C,Manufacturing,E_AI_TANY,Cualquier IA,4.26,
CZ,2025,C,Manufacturing,E_AI_TANY,Cualquier IA,16.73,
DE,2025,C,Manufacturing,E_AI_TANY,Cualquier IA,24.38,
DK,2025,C,Manufacturing,E_AI_TANY,Cualquier IA,38.55,
EE,2025,C,Manufacturing,E_AI_TANY,Cualquier IA,22.66,
EL,2025,C,Manufacturing,E_AI_TANY,Cualquier IA,7.77,
ES,2025,C,Manufacturing,E_AI_TANY,Cualquier IA,17.14,
EU27_2020,2025,C,Manufacturing,E_AI_TANY,Cualquier IA,17.27,
FI,2025,C,Manufacturing,E_AI_TANY,Cualquier IA,,u
FR,2025,C,Manufacturing,E_AI_TANY,Cualquier IA,16.93,
HR,2025,C,Manufacturing,E_AI_TANY,Cualquier IA,12.9,
HU,2025,C,Manufacturing,E_AI_TANY,Cualquier IA,7.78,
IE,2025,C,Manufacturing,E_AI_TANY,Cualquier IA,17.66,
IT,2025,C,Manufacturing,E_AI_TANY,Cualquier IA,14.73,
LT,2025,C,Manufacturing,E_AI_TANY,Cualquier IA,19.17,
LU,2025,C,Manufacturing,E_AI_TANY,Cualquier IA,37.58,
LV,2025,C,Manufacturing,E_AI_TANY,Cualquier IA,12.35,
MT,2025,C,Manufacturing,E_AI_TANY,Cualquier IA,17.57,
NL,2025,C,Manufacturing,E_AI_TANY,Cualquier IA,28.56,
PL,2025,C,Manufacturing,E_AI_TANY,Cualquier IA,7.7,
PT,2025,C,Manufacturing,E_AI_TANY,Cualquier IA,9.94,
RO,2025,C,Manufacturing,E_AI_TANY,Cualquier IA,3.24,
SE,2025,C,Manufacturing,E_AI_TANY,Cualquier IA,32.86,
SI,2025,C,Manufacturing,E_AI_TANY,Cualquier IA,22.68,
SK,2025,C,Manufacturing,E_AI_TANY,Cualquier IA,15.83,
AT,2025,C,Manufacturing,E_AI_TAR,Robots autonomos,1.97,
BE,2025,C,Manufacturing,E_AI_TAR,Robots autonomos,4.01,
BG,2025,C,Manufacturing,E_AI_TAR,Robots autonomos,0.61,
CY,2025,C,Manufacturing,E_AI_TAR,Robots autonomos,0.67,
CZ,2025,C,Manufacturing,E_AI_TAR,Robots autonomos,1.75,
DE,2025,C,Manufacturing,E_AI_TAR,Robots autonomos,1.83,
DK,2025,C,Manufacturing,E_AI_TAR,Robots autonomos,4.77,
EE,2025,C,Manufacturing,E_AI_TAR,Robots autonomos,1.34,
EL,2025,C,Manufacturing,E_AI_TAR,Robots autonomos,0.39,
ES,2025,C,Manufacturing,E_AI_TAR,Robots autonomos,2.47,
EU27_2020,2025,C,Manufacturing,E_AI_TAR,Robots autonomos,1.62,
FI,2025,C,Manufacturing,E_AI_TAR,Robots autonomos,,u
FR,2025,C,Manufacturing,E_AI_TAR,Robots autonomos,1.99,
HR,2025,C,Manufacturing,E_AI_TAR,Robots autonomos,1.43,
HU,2025,C,Manufacturing,E_AI_TAR,Robots autonomos,0.84,
IE,2025,C,Manufacturing,E_AI_TAR,Robots autonomos,2.13,
IT,2025,C,Manufacturing,E_AI_TAR,Robots autonomos,0.79,
LT,2025,C,Manufacturing,E_AI_TAR,Robots autonomos,2.26,
LU,2025,C,Manufacturing,E_AI_TAR,Robots autonomos,5.11,
LV,2025,C,Manufacturing,E_AI_TAR,Robots autonomos,2.27,
MT,2025,C,Manufacturing,E_AI_TAR,Robots autonomos,3.07,
NL,2025,C,Manufacturing,E_AI_TAR,Robots autonomos,3.39,
PL,2025,C,Manufacturing,E_AI_TAR,Robots autonomos,1.01,
PT,2025,C,Manufacturing,E_AI_TAR,Robots autonomos,2.12,
RO,2025,C,Manufacturing,E_AI_TAR,Robots autonomos,0.4,
SE,2025,C,Manufacturing,E_AI_TAR,Robots autonomos,2.65,
SI,2025,C,Manufacturing,E_AI_TAR,Robots autonomos,2.24,
SK,2025,C,Manufacturing,E_AI_TAR,Robots autonomos,1.17,
AT,2025,C,Manufacturing,E_AI_TIR,Vision por computador,3.95,
BE,2025,C,Manufacturing,E_AI_TIR,Vision por computador,6.55,
BG,2025,C,Manufacturing,E_AI_TIR,Vision por computador,1.11,
CY,2025,C,Manufacturing,E_AI_TIR,Vision por computador,1.2,
CZ,2025,C,Manufacturing,E_AI_TIR,Vision por computador,2.08,
DE,2025,C,Manufacturing,E_AI_TIR,Vision por computador,4.29,
DK,2025,C,Manufacturing,E_AI_TIR,Vision por computador,6.55,
EE,2025,C,Manufacturing,E_AI_TIR,Vision por computador,2.52,
EL,2025,C,Manufacturing,E_AI_TIR,Vision por computador,1.54,
ES,2025,C,Manufacturing,E_AI_TIR,Vision por computador,4.07,
EU27_2020,2025,C,Manufacturing,E_AI_TIR,Vision por computador,3.14,
FI,2025,C,Manufacturing,E_AI_TIR,Vision por computador,,u
FR,2025,C,Manufacturing,E_AI_TIR,Vision por computador,2.86,
HR,2025,C,Manufacturing,E_AI_TIR,Vision por computador,2.57,
HU,2025,C,Manufacturing,E_AI_TIR,Vision por computador,2.36,
IE,2025,C,Manufacturing,E_AI_TIR,Vision por computador,2.99,
IT,2025,C,Manufacturing,E_AI_TIR,Vision por computador,2.13,
LT,2025,C,Manufacturing,E_AI_TIR,Vision por computador,3.64,
LU,2025,C,Manufacturing,E_AI_TIR,Vision por computador,4.18,
LV,2025,C,Manufacturing,E_AI_TIR,Vision por computador,4.81,
MT,2025,C,Manufacturing,E_AI_TIR,Vision por computador,8.46,
NL,2025,C,Manufacturing,E_AI_TIR,Vision por computador,4.24,
PL,2025,C,Manufacturing,E_AI_TIR,Vision por computador,2.07,
PT,2025,C,Manufacturing,E_AI_TIR,Vision por computador,2.73,
RO,2025,C,Manufacturing,E_AI_TIR,Vision por computador,1.15,
SE,2025,C,Manufacturing,E_AI_TIR,Vision por computador,3.47,
SI,2025,C,Manufacturing,E_AI_TIR,Vision por computador,9.21,
SK,2025,C,Manufacturing,E_AI_TIR,Vision por computador,4.22,
AT,2025,C,Manufacturing,E_AI_TML,Machine learning,6.59,
BE,2025,C,Manufacturing,E_AI_TML,Machine learning,12.17,
BG,2025,C,Manufacturing,E_AI_TML,Machine learning,0.95,
CY,2025,C,Manufacturing,E_AI_TML,Machine learning,1.52,
CZ,2025,C,Manufacturing,E_AI_TML,Machine learning,5.68,
DE,2025,C,Manufacturing,E_AI_TML,Machine learning,4.78,
DK,2025,C,Manufacturing,E_AI_TML,Machine learning,8.16,
EE,2025,C,Manufacturing,E_AI_TML,Machine learning,1.86,
EL,2025,C,Manufacturing,E_AI_TML,Machine learning,2.27,
ES,2025,C,Manufacturing,E_AI_TML,Machine learning,4.1,
EU27_2020,2025,C,Manufacturing,E_AI_TML,Machine learning,3.66,
FI,2025,C,Manufacturing,E_AI_TML,Machine learning,,u
FR,2025,C,Manufacturing,E_AI_TML,Machine learning,3.67,
HR,2025,C,Manufacturing,E_AI_TML,Machine learning,1.66,
HU,2025,C,Manufacturing,E_AI_TML,Machine learning,1.35,
IE,2025,C,Manufacturing,E_AI_TML,Machine learning,4.38,
IT,2025,C,Manufacturing,E_AI_TML,Machine learning,2.71,
LT,2025,C,Manufacturing,E_AI_TML,Machine learning,3.1,
LU,2025,C,Manufacturing,E_AI_TML,Machine learning,5.45,
LV,2025,C,Manufacturing,E_AI_TML,Machine learning,2.46,
MT,2025,C,Manufacturing,E_AI_TML,Machine learning,3.18,
NL,2025,C,Manufacturing,E_AI_TML,Machine learning,7.35,
PL,2025,C,Manufacturing,E_AI_TML,Machine learning,1.65,
PT,2025,C,Manufacturing,E_AI_TML,Machine learning,2.22,
RO,2025,C,Manufacturing,E_AI_TML,Machine learning,0.79,
SE,2025,C,Manufacturing,E_AI_TML,Machine learning,5.04,
SI,2025,C,Manufacturing,E_AI_TML,Machine learning,4.08,
SK,2025,C,Manufacturing,E_AI_TML,Machine learning,2.18,
AT,2025,C,Manufacturing,E_AI_TNLG,Generacion de lenguaje,16.68,
BE,2025,C,Manufacturing,E_AI_TNLG,Generacion de lenguaje,17.72,
BG,2025,C,Manufacturing,E_AI_TNLG,Generacion de lenguaje,1.07,
CY,2025,C,Manufacturing,E_AI_TNLG,Generacion de lenguaje,1.54,
CZ,2025,C,Manufacturing,E_AI_TNLG,Generacion de lenguaje,10.03,
DE,2025,C,Manufacturing,E_AI_TNLG,Generacion de lenguaje,8.48,
DK,2025,C,Manufacturing,E_AI_TNLG,Generacion de lenguaje,26.24,
EE,2025,C,Manufacturing,E_AI_TNLG,Generacion de lenguaje,13.74,
EL,2025,C,Manufacturing,E_AI_TNLG,Generacion de lenguaje,2.54,
ES,2025,C,Manufacturing,E_AI_TNLG,Generacion de lenguaje,6.46,
EU27_2020,2025,C,Manufacturing,E_AI_TNLG,Generacion de lenguaje,7.09,
FI,2025,C,Manufacturing,E_AI_TNLG,Generacion de lenguaje,,u
FR,2025,C,Manufacturing,E_AI_TNLG,Generacion de lenguaje,8.02,
HR,2025,C,Manufacturing,E_AI_TNLG,Generacion de lenguaje,3.61,
HU,2025,C,Manufacturing,E_AI_TNLG,Generacion de lenguaje,2.35,
IE,2025,C,Manufacturing,E_AI_TNLG,Generacion de lenguaje,8.25,
IT,2025,C,Manufacturing,E_AI_TNLG,Generacion de lenguaje,5.26,
LT,2025,C,Manufacturing,E_AI_TNLG,Generacion de lenguaje,4.92,
LU,2025,C,Manufacturing,E_AI_TNLG,Generacion de lenguaje,15.06,
LV,2025,C,Manufacturing,E_AI_TNLG,Generacion de lenguaje,3.97,
MT,2025,C,Manufacturing,E_AI_TNLG,Generacion de lenguaje,3.01,
NL,2025,C,Manufacturing,E_AI_TNLG,Generacion de lenguaje,13.65,
PL,2025,C,Manufacturing,E_AI_TNLG,Generacion de lenguaje,4.47,
PT,2025,C,Manufacturing,E_AI_TNLG,Generacion de lenguaje,2.99,
RO,2025,C,Manufacturing,E_AI_TNLG,Generacion de lenguaje,1.65,
SE,2025,C,Manufacturing,E_AI_TNLG,Generacion de lenguaje,17.34,
SI,2025,C,Manufacturing,E_AI_TNLG,Generacion de lenguaje,4.56,
SK,2025,C,Manufacturing,E_AI_TNLG,Generacion de lenguaje,7.26,
AT,2025,C,Manufacturing,E_AI_TPA,Automatizacion de procesos,6.67,
BE,2025,C,Manufacturing,E_AI_TPA,Automatizacion de procesos,9.99,
BG,2025,C,Manufacturing,E_AI_TPA,Automatizacion de procesos,2.15,
CY,2025,C,Manufacturing,E_AI_TPA,Automatizacion de procesos,1.21,
CZ,2025,C,Manufacturing,E_AI_TPA,Automatizacion de procesos,4.48,
DE,2025,C,Manufacturing,E_AI_TPA,Automatizacion de procesos,5.34,
DK,2025,C,Manufacturing,E_AI_TPA,Automatizacion de procesos,11.91,
EE,2025,C,Manufacturing,E_AI_TPA,Automatizacion de procesos,2.64,
EL,2025,C,Manufacturing,E_AI_TPA,Automatizacion de procesos,1.55,
ES,2025,C,Manufacturing,E_AI_TPA,Automatizacion de procesos,4.59,
EU27_2020,2025,C,Manufacturing,E_AI_TPA,Automatizacion de procesos,3.93,
FI,2025,C,Manufacturing,E_AI_TPA,Automatizacion de procesos,,u
FR,2025,C,Manufacturing,E_AI_TPA,Automatizacion de procesos,4.45,
HR,2025,C,Manufacturing,E_AI_TPA,Automatizacion de procesos,3.3,
HU,2025,C,Manufacturing,E_AI_TPA,Automatizacion de procesos,2.67,
IE,2025,C,Manufacturing,E_AI_TPA,Automatizacion de procesos,6.81,
IT,2025,C,Manufacturing,E_AI_TPA,Automatizacion de procesos,2.06,
LT,2025,C,Manufacturing,E_AI_TPA,Automatizacion de procesos,7.14,
LU,2025,C,Manufacturing,E_AI_TPA,Automatizacion de procesos,8.4,
LV,2025,C,Manufacturing,E_AI_TPA,Automatizacion de procesos,3.26,
MT,2025,C,Manufacturing,E_AI_TPA,Automatizacion de procesos,6.03,
NL,2025,C,Manufacturing,E_AI_TPA,Automatizacion de procesos,5.72,
PL,2025,C,Manufacturing,E_AI_TPA,Automatizacion de procesos,2.28,
PT,2025,C,Manufacturing,E_AI_TPA,Automatizacion de procesos,2.81,
RO,2025,C,Manufacturing,E_AI_TPA,Automatizacion de procesos,1.19,
SE,2025,C,Manufacturing,E_AI_TPA,Automatizacion de procesos,6.07,
SI,2025,C,Manufacturing,E_AI_TPA,Automatizacion de procesos,3.61,
SK,2025,C,Manufacturing,E_AI_TPA,Automatizacion de procesos,3.26,
AT,2025,C,Manufacturing,E_AI_TPVSG,Generacion de imagen/audio,13.39,
BE,2025,C,Manufacturing,E_AI_TPVSG,Generacion de imagen/audio,21.47,
BG,2025,C,Manufacturing,E_AI_TPVSG,Generacion de imagen/audio,2.16,
CY,2025,C,Manufacturing,E_AI_TPVSG,Generacion de imagen/audio,1.19,
CZ,2025,C,Manufacturing,E_AI_TPVSG,Generacion de imagen/audio,8.33,
DE,2025,C,Manufacturing,E_AI_TPVSG,Generacion de imagen/audio,11.96,
DK,2025,C,Manufacturing,E_AI_TPVSG,Generacion de imagen/audio,14.66,
EE,2025,C,Manufacturing,E_AI_TPVSG,Generacion de imagen/audio,5.4,
EL,2025,C,Manufacturing,E_AI_TPVSG,Generacion de imagen/audio,3.65,
ES,2025,C,Manufacturing,E_AI_TPVSG,Generacion de imagen/audio,8.95,
EU27_2020,2025,C,Manufacturing,E_AI_TPVSG,Generacion de imagen/audio,7.54,
FI,2025,C,Manufacturing,E_AI_TPVSG,Generacion de imagen/audio,,u
FR,2025,C,Manufacturing,E_AI_TPVSG,Generacion de imagen/audio,6.79,
HR,2025,C,Manufacturing,E_AI_TPVSG,Generacion de imagen/audio,6.19,
HU,2025,C,Manufacturing,E_AI_TPVSG,Generacion de imagen/audio,2.38,
IE,2025,C,Manufacturing,E_AI_TPVSG,Generacion de imagen/audio,5.33,
IT,2025,C,Manufacturing,E_AI_TPVSG,Generacion de imagen/audio,5.31,
LT,2025,C,Manufacturing,E_AI_TPVSG,Generacion de imagen/audio,10.13,
LU,2025,C,Manufacturing,E_AI_TPVSG,Generacion de imagen/audio,14.23,
LV,2025,C,Manufacturing,E_AI_TPVSG,Generacion de imagen/audio,5.08,
MT,2025,C,Manufacturing,E_AI_TPVSG,Generacion de imagen/audio,3.7,
NL,2025,C,Manufacturing,E_AI_TPVSG,Generacion de imagen/audio,10.8,
PL,2025,C,Manufacturing,E_AI_TPVSG,Generacion de imagen/audio,2.34,
PT,2025,C,Manufacturing,E_AI_TPVSG,Generacion de imagen/audio,4.71,
RO,2025,C,Manufacturing,E_AI_TPVSG,Generacion de imagen/audio,1.53,
SE,2025,C,Manufacturing,E_AI_TPVSG,Generacion de imagen/audio,14.58,
SI,2025,C,Manufacturing,E_AI_TPVSG,Generacion de imagen/audio,5.1,
SK,2025,C,Manufacturing,E_AI_TPVSG,Generacion de imagen/audio,8.05,
AT,2025,C,Manufacturing,E_AI_TSR,Reconocimiento de voz,8.82,
BE,2025,C,Manufacturing,E_AI_TSR,Reconocimiento de voz,10.65,
BG,2025,C,Manufacturing,E_AI_TSR,Reconocimiento de voz,0.92,
CY,2025,C,Manufacturing,E_AI_TSR,Reconocimiento de voz,0.87,
CZ,2025,C,Manufacturing,E_AI_TSR,Reconocimiento de voz,3.24,
DE,2025,C,Manufacturing,E_AI_TSR,Reconocimiento de voz,8.81,
DK,2025,C,Manufacturing,E_AI_TSR,Reconocimiento de voz,13.13,
EE,2025,C,Manufacturing,E_AI_TSR,Reconocimiento de voz,2.09,
EL,2025,C,Manufacturing,E_AI_TSR,Reconocimiento de voz,1.61,
ES,2025,C,Manufacturing,E_AI_TSR,Reconocimiento de voz,4.74,
EU27_2020,2025,C,Manufacturing,E_AI_TSR,Reconocimiento de voz,5.34,
FI,2025,C,Manufacturing,E_AI_TSR,Reconocimiento de voz,,u
FR,2025,C,Manufacturing,E_AI_TSR,Reconocimiento de voz,5.01,
HR,2025,C,Manufacturing,E_AI_TSR,Reconocimiento de voz,3.14,
HU,2025,C,Manufacturing,E_AI_TSR,Reconocimiento de voz,2.36,
IE,2025,C,Manufacturing,E_AI_TSR,Reconocimiento de voz,4.29,
IT,2025,C,Manufacturing,E_AI_TSR,Reconocimiento de voz,5.57,
LT,2025,C,Manufacturing,E_AI_TSR,Reconocimiento de voz,3.72,
LU,2025,C,Manufacturing,E_AI_TSR,Reconocimiento de voz,10.74,
LV,2025,C,Manufacturing,E_AI_TSR,Reconocimiento de voz,3.4,
MT,2025,C,Manufacturing,E_AI_TSR,Reconocimiento de voz,4.3,
NL,2025,C,Manufacturing,E_AI_TSR,Reconocimiento de voz,8.74,
PL,2025,C,Manufacturing,E_AI_TSR,Reconocimiento de voz,1.18,
PT,2025,C,Manufacturing,E_AI_TSR,Reconocimiento de voz,2.27,
RO,2025,C,Manufacturing,E_AI_TSR,Reconocimiento de voz,1.15,
SE,2025,C,Manufacturing,E_AI_TSR,Reconocimiento de voz,8.0,
SI,2025,C,Manufacturing,E_AI_TSR,Reconocimiento de voz,3.76,
SK,2025,C,Manufacturing,E_AI_TSR,Reconocimiento de voz,4.12,
AT,2025,C,Manufacturing,E_AI_TTM,Mineria de texto,22.52,
BE,2025,C,Manufacturing,E_AI_TTM,Mineria de texto,25.82,
BG,2025,C,Manufacturing,E_AI_TTM,Mineria de texto,2.19,
CY,2025,C,Manufacturing,E_AI_TTM,Mineria de texto,2.06,
CZ,2025,C,Manufacturing,E_AI_TTM,Mineria de texto,6.37,
DE,2025,C,Manufacturing,E_AI_TTM,Mineria de texto,11.89,
DK,2025,C,Manufacturing,E_AI_TTM,Mineria de texto,22.86,
EE,2025,C,Manufacturing,E_AI_TTM,Mineria de texto,9.56,
EL,2025,C,Manufacturing,E_AI_TTM,Mineria de texto,4.14,
ES,2025,C,Manufacturing,E_AI_TTM,Mineria de texto,7.36,
EU27_2020,2025,C,Manufacturing,E_AI_TTM,Mineria de texto,9.42,
FI,2025,C,Manufacturing,E_AI_TTM,Mineria de texto,,u
FR,2025,C,Manufacturing,E_AI_TTM,Mineria de texto,7.96,
HR,2025,C,Manufacturing,E_AI_TTM,Mineria de texto,6.69,
HU,2025,C,Manufacturing,E_AI_TTM,Mineria de texto,3.64,
IE,2025,C,Manufacturing,E_AI_TTM,Mineria de texto,8.46,
IT,2025,C,Manufacturing,E_AI_TTM,Mineria de texto,10.7,
LT,2025,C,Manufacturing,E_AI_TTM,Mineria de texto,13.45,
LU,2025,C,Manufacturing,E_AI_TTM,Mineria de texto,22.66,
LV,2025,C,Manufacturing,E_AI_TTM,Mineria de texto,7.58,
MT,2025,C,Manufacturing,E_AI_TTM,Mineria de texto,7.97,
NL,2025,C,Manufacturing,E_AI_TTM,Mineria de texto,17.22,
PL,2025,C,Manufacturing,E_AI_TTM,Mineria de texto,1.8,
PT,2025,C,Manufacturing,E_AI_TTM,Mineria de texto,4.68,
RO,2025,C,Manufacturing,E_AI_TTM,Mineria de texto,2.09,
SE,2025,C,Manufacturing,E_AI_TTM,Mineria de texto,22.53,
SI,2025,C,Manufacturing,E_AI_TTM,Mineria de texto,13.55,
SK,2025,C,Manufacturing,E_AI_TTM,Mineria de texto,7.74,
AT,2025,D_E,"Electricity, gas, steam and air conditioning supply; water supply; sewerage, waste management and remediation activities",E_AI_TANY,Cualquier IA,,u
BE,2025,D_E,"Electricity, gas, steam and air conditioning supply; water supply; sewerage, waste management and remediation activities",E_AI_TANY,Cualquier IA,,u
BG,2025,D_E,"Electricity, gas, steam and air conditioning supply; water supply; sewerage, waste management and remediation activities",E_AI_TANY,Cualquier IA,3.12,
CY,2025,D_E,"Electricity, gas, steam and air conditioning supply; water supply; sewerage, waste management and remediation activities",E_AI_TANY,Cualquier IA,3.87,
CZ,2025,D_E,"Electricity, gas, steam and air conditioning supply; water supply; sewerage, waste management and remediation activities",E_AI_TANY,Cualquier IA,12.02,
DE,2025,D_E,"Electricity, gas, steam and air conditioning supply; water supply; sewerage, waste management and remediation activities",E_AI_TANY,Cualquier IA,22.97,
DK,2025,D_E,"Electricity, gas, steam and air conditioning supply; water supply; sewerage, waste management and remediation activities",E_AI_TANY,Cualquier IA,,u
EE,2025,D_E,"Electricity, gas, steam and air conditioning supply; water supply; sewerage, waste management and remediation activities",E_AI_TANY,Cualquier IA,16.44,
EL,2025,D_E,"Electricity, gas, steam and air conditioning supply; water supply; sewerage, waste management and remediation activities",E_AI_TANY,Cualquier IA,9.19,
ES,2025,D_E,"Electricity, gas, steam and air conditioning supply; water supply; sewerage, waste management and remediation activities",E_AI_TANY,Cualquier IA,22.31,
EU27_2020,2025,D_E,"Electricity, gas, steam and air conditioning supply; water supply; sewerage, waste management and remediation activities",E_AI_TANY,Cualquier IA,18.16,
FI,2025,D_E,"Electricity, gas, steam and air conditioning supply; water supply; sewerage, waste management and remediation activities",E_AI_TANY,Cualquier IA,45.29,
FR,2025,D_E,"Electricity, gas, steam and air conditioning supply; water supply; sewerage, waste management and remediation activities",E_AI_TANY,Cualquier IA,19.14,
HR,2025,D_E,"Electricity, gas, steam and air conditioning supply; water supply; sewerage, waste management and remediation activities",E_AI_TANY,Cualquier IA,3.63,
HU,2025,D_E,"Electricity, gas, steam and air conditioning supply; water supply; sewerage, waste management and remediation activities",E_AI_TANY,Cualquier IA,12.85,
IE,2025,D_E,"Electricity, gas, steam and air conditioning supply; water supply; sewerage, waste management and remediation activities",E_AI_TANY,Cualquier IA,10.76,
IT,2025,D_E,"Electricity, gas, steam and air conditioning supply; water supply; sewerage, waste management and remediation activities",E_AI_TANY,Cualquier IA,13.49,
LT,2025,D_E,"Electricity, gas, steam and air conditioning supply; water supply; sewerage, waste management and remediation activities",E_AI_TANY,Cualquier IA,20.0,
LU,2025,D_E,"Electricity, gas, steam and air conditioning supply; water supply; sewerage, waste management and remediation activities",E_AI_TANY,Cualquier IA,47.21,
LV,2025,D_E,"Electricity, gas, steam and air conditioning supply; water supply; sewerage, waste management and remediation activities",E_AI_TANY,Cualquier IA,13.62,
MT,2025,D_E,"Electricity, gas, steam and air conditioning supply; water supply; sewerage, waste management and remediation activities",E_AI_TANY,Cualquier IA,35.0,
NL,2025,D_E,"Electricity, gas, steam and air conditioning supply; water supply; sewerage, waste management and remediation activities",E_AI_TANY,Cualquier IA,30.82,
PL,2025,D_E,"Electricity, gas, steam and air conditioning supply; water supply; sewerage, waste management and remediation activities",E_AI_TANY,Cualquier IA,7.6,
PT,2025,D_E,"Electricity, gas, steam and air conditioning supply; water supply; sewerage, waste management and remediation activities",E_AI_TANY,Cualquier IA,15.45,
RO,2025,D_E,"Electricity, gas, steam and air conditioning supply; water supply; sewerage, waste management and remediation activities",E_AI_TANY,Cualquier IA,3.85,
SE,2025,D_E,"Electricity, gas, steam and air conditioning supply; water supply; sewerage, waste management and remediation activities",E_AI_TANY,Cualquier IA,44.01,
SI,2025,D_E,"Electricity, gas, steam and air conditioning supply; water supply; sewerage, waste management and remediation activities",E_AI_TANY,Cualquier IA,31.0,
SK,2025,D_E,"Electricity, gas, steam and air conditioning supply; water supply; sewerage, waste management and remediation activities",E_AI_TANY,Cualquier IA,10.45,
AT,2025,D_E,"Electricity, gas, steam and air conditioning supply; water supply; sewerage, waste management and remediation activities",E_AI_TAR,Robots autonomos,2.18,
BE,2025,D_E,"Electricity, gas, steam and air conditioning supply; water supply; sewerage, waste management and remediation activities",E_AI_TAR,Robots autonomos,2.01,
BG,2025,D_E,"Electricity, gas, steam and air conditioning supply; water supply; sewerage, waste management and remediation activities",E_AI_TAR,Robots autonomos,,u
CY,2025,D_E,"Electricity, gas, steam and air conditioning supply; water supply; sewerage, waste management and remediation activities",E_AI_TAR,Robots autonomos,0.0,
CZ,2025,D_E,"Electricity, gas, steam and air conditioning supply; water supply; sewerage, waste management and remediation activities",E_AI_TAR,Robots autonomos,1.06,
DE,2025,D_E,"Electricity, gas, steam and air conditioning supply; water supply; sewerage, waste management and remediation activities",E_AI_TAR,Robots autonomos,1.21,
DK,2025,D_E,"Electricity, gas, steam and air conditioning supply; water supply; sewerage, waste management and remediation activities",E_AI_TAR,Robots autonomos,2.46,
EE,2025,D_E,"Electricity, gas, steam and air conditioning supply; water supply; sewerage, waste management and remediation activities",E_AI_TAR,Robots autonomos,0.0,
EL,2025,D_E,"Electricity, gas, steam and air conditioning supply; water supply; sewerage, waste management and remediation activities",E_AI_TAR,Robots autonomos,1.35,
ES,2025,D_E,"Electricity, gas, steam and air conditioning supply; water supply; sewerage, waste management and remediation activities",E_AI_TAR,Robots autonomos,3.05,
EU27_2020,2025,D_E,"Electricity, gas, steam and air conditioning supply; water supply; sewerage, waste management and remediation activities",E_AI_TAR,Robots autonomos,1.11,
FI,2025,D_E,"Electricity, gas, steam and air conditioning supply; water supply; sewerage, waste management and remediation activities",E_AI_TAR,Robots autonomos,3.53,
FR,2025,D_E,"Electricity, gas, steam and air conditioning supply; water supply; sewerage, waste management and remediation activities",E_AI_TAR,Robots autonomos,1.0,
HR,2025,D_E,"Electricity, gas, steam and air conditioning supply; water supply; sewerage, waste management and remediation activities",E_AI_TAR,Robots autonomos,0.0,
HU,2025,D_E,"Electricity, gas, steam and air conditioning supply; water supply; sewerage, waste management and remediation activities",E_AI_TAR,Robots autonomos,1.55,
IE,2025,D_E,"Electricity, gas, steam and air conditioning supply; water supply; sewerage, waste management and remediation activities",E_AI_TAR,Robots autonomos,0.0,
IT,2025,D_E,"Electricity, gas, steam and air conditioning supply; water supply; sewerage, waste management and remediation activities",E_AI_TAR,Robots autonomos,0.33,
LT,2025,D_E,"Electricity, gas, steam and air conditioning supply; water supply; sewerage, waste management and remediation activities",E_AI_TAR,Robots autonomos,1.63,
LU,2025,D_E,"Electricity, gas, steam and air conditioning supply; water supply; sewerage, waste management and remediation activities",E_AI_TAR,Robots autonomos,3.76,
LV,2025,D_E,"Electricity, gas, steam and air conditioning supply; water supply; sewerage, waste management and remediation activities",E_AI_TAR,Robots autonomos,1.65,
MT,2025,D_E,"Electricity, gas, steam and air conditioning supply; water supply; sewerage, waste management and remediation activities",E_AI_TAR,Robots autonomos,0.0,
NL,2025,D_E,"Electricity, gas, steam and air conditioning supply; water supply; sewerage, waste management and remediation activities",E_AI_TAR,Robots autonomos,2.26,
PL,2025,D_E,"Electricity, gas, steam and air conditioning supply; water supply; sewerage, waste management and remediation activities",E_AI_TAR,Robots autonomos,0.58,
PT,2025,D_E,"Electricity, gas, steam and air conditioning supply; water supply; sewerage, waste management and remediation activities",E_AI_TAR,Robots autonomos,0.48,
RO,2025,D_E,"Electricity, gas, steam and air conditioning supply; water supply; sewerage, waste management and remediation activities",E_AI_TAR,Robots autonomos,0.24,
SE,2025,D_E,"Electricity, gas, steam and air conditioning supply; water supply; sewerage, waste management and remediation activities",E_AI_TAR,Robots autonomos,0.26,
SI,2025,D_E,"Electricity, gas, steam and air conditioning supply; water supply; sewerage, waste management and remediation activities",E_AI_TAR,Robots autonomos,0.0,
SK,2025,D_E,"Electricity, gas, steam and air conditioning supply; water supply; sewerage, waste management and remediation activities",E_AI_TAR,Robots autonomos,0.71,
AT,2025,D_E,"Electricity, gas, steam and air conditioning supply; water supply; sewerage, waste management and remediation activities",E_AI_TIR,Vision por computador,4.69,
BE,2025,D_E,"Electricity, gas, steam and air conditioning supply; water supply; sewerage, waste management and remediation activities",E_AI_TIR,Vision por computador,4.53,
BG,2025,D_E,"Electricity, gas, steam and air conditioning supply; water supply; sewerage, waste management and remediation activities",E_AI_TIR,Vision por computador,,u
CY,2025,D_E,"Electricity, gas, steam and air conditioning supply; water supply; sewerage, waste management and remediation activities",E_AI_TIR,Vision por computador,0.0,
CZ,2025,D_E,"Electricity, gas, steam and air conditioning supply; water supply; sewerage, waste management and remediation activities",E_AI_TIR,Vision por computador,2.26,
DE,2025,D_E,"Electricity, gas, steam and air conditioning supply; water supply; sewerage, waste management and remediation activities",E_AI_TIR,Vision por computador,4.4,
DK,2025,D_E,"Electricity, gas, steam and air conditioning supply; water supply; sewerage, waste management and remediation activities",E_AI_TIR,Vision por computador,8.57,
EE,2025,D_E,"Electricity, gas, steam and air conditioning supply; water supply; sewerage, waste management and remediation activities",E_AI_TIR,Vision por computador,3.13,
EL,2025,D_E,"Electricity, gas, steam and air conditioning supply; water supply; sewerage, waste management and remediation activities",E_AI_TIR,Vision por computador,1.46,
ES,2025,D_E,"Electricity, gas, steam and air conditioning supply; water supply; sewerage, waste management and remediation activities",E_AI_TIR,Vision por computador,5.67,
EU27_2020,2025,D_E,"Electricity, gas, steam and air conditioning supply; water supply; sewerage, waste management and remediation activities",E_AI_TIR,Vision por computador,3.77,
FI,2025,D_E,"Electricity, gas, steam and air conditioning supply; water supply; sewerage, waste management and remediation activities",E_AI_TIR,Vision por computador,10.59,
FR,2025,D_E,"Electricity, gas, steam and air conditioning supply; water supply; sewerage, waste management and remediation activities",E_AI_TIR,Vision por computador,1.72,
HR,2025,D_E,"Electricity, gas, steam and air conditioning supply; water supply; sewerage, waste management and remediation activities",E_AI_TIR,Vision por computador,0.79,
HU,2025,D_E,"Electricity, gas, steam and air conditioning supply; water supply; sewerage, waste management and remediation activities",E_AI_TIR,Vision por computador,2.08,
IE,2025,D_E,"Electricity, gas, steam and air conditioning supply; water supply; sewerage, waste management and remediation activities",E_AI_TIR,Vision por computador,1.32,
IT,2025,D_E,"Electricity, gas, steam and air conditioning supply; water supply; sewerage, waste management and remediation activities",E_AI_TIR,Vision por computador,3.54,
LT,2025,D_E,"Electricity, gas, steam and air conditioning supply; water supply; sewerage, waste management and remediation activities",E_AI_TIR,Vision por computador,5.31,
LU,2025,D_E,"Electricity, gas, steam and air conditioning supply; water supply; sewerage, waste management and remediation activities",E_AI_TIR,Vision por computador,16.6,
LV,2025,D_E,"Electricity, gas, steam and air conditioning supply; water supply; sewerage, waste management and remediation activities",E_AI_TIR,Vision por computador,4.25,
MT,2025,D_E,"Electricity, gas, steam and air conditioning supply; water supply; sewerage, waste management and remediation activities",E_AI_TIR,Vision por computador,10.0,
NL,2025,D_E,"Electricity, gas, steam and air conditioning supply; water supply; sewerage, waste management and remediation activities",E_AI_TIR,Vision por computador,5.4,
PL,2025,D_E,"Electricity, gas, steam and air conditioning supply; water supply; sewerage, waste management and remediation activities",E_AI_TIR,Vision por computador,2.92,
PT,2025,D_E,"Electricity, gas, steam and air conditioning supply; water supply; sewerage, waste management and remediation activities",E_AI_TIR,Vision por computador,5.04,
RO,2025,D_E,"Electricity, gas, steam and air conditioning supply; water supply; sewerage, waste management and remediation activities",E_AI_TIR,Vision por computador,1.43,
SE,2025,D_E,"Electricity, gas, steam and air conditioning supply; water supply; sewerage, waste management and remediation activities",E_AI_TIR,Vision por computador,6.69,
SI,2025,D_E,"Electricity, gas, steam and air conditioning supply; water supply; sewerage, waste management and remediation activities",E_AI_TIR,Vision por computador,3.75,
SK,2025,D_E,"Electricity, gas, steam and air conditioning supply; water supply; sewerage, waste management and remediation activities",E_AI_TIR,Vision por computador,3.01,
AT,2025,D_E,"Electricity, gas, steam and air conditioning supply; water supply; sewerage, waste management and remediation activities",E_AI_TML,Machine learning,13.0,
BE,2025,D_E,"Electricity, gas, steam and air conditioning supply; water supply; sewerage, waste management and remediation activities",E_AI_TML,Machine learning,14.36,
BG,2025,D_E,"Electricity, gas, steam and air conditioning supply; water supply; sewerage, waste management and remediation activities",E_AI_TML,Machine learning,,u
CY,2025,D_E,"Electricity, gas, steam and air conditioning supply; water supply; sewerage, waste management and remediation activities",E_AI_TML,Machine learning,1.92,
CZ,2025,D_E,"Electricity, gas, steam and air conditioning supply; water supply; sewerage, waste management and remediation activities",E_AI_TML,Machine learning,3.88,
DE,2025,D_E,"Electricity, gas, steam and air conditioning supply; water supply; sewerage, waste management and remediation activities",E_AI_TML,Machine learning,5.74,
DK,2025,D_E,"Electricity, gas, steam and air conditioning supply; water supply; sewerage, waste management and remediation activities",E_AI_TML,Machine learning,,u
EE,2025,D_E,"Electricity, gas, steam and air conditioning supply; water supply; sewerage, waste management and remediation activities",E_AI_TML,Machine learning,4.17,
EL,2025,D_E,"Electricity, gas, steam and air conditioning supply; water supply; sewerage, waste management and remediation activities",E_AI_TML,Machine learning,4.71,
ES,2025,D_E,"Electricity, gas, steam and air conditioning supply; water supply; sewerage, waste management and remediation activities",E_AI_TML,Machine learning,6.27,
EU27_2020,2025,D_E,"Electricity, gas, steam and air conditioning supply; water supply; sewerage, waste management and remediation activities",E_AI_TML,Machine learning,5.46,
FI,2025,D_E,"Electricity, gas, steam and air conditioning supply; water supply; sewerage, waste management and remediation activities",E_AI_TML,Machine learning,21.37,
FR,2025,D_E,"Electricity, gas, steam and air conditioning supply; water supply; sewerage, waste management and remediation activities",E_AI_TML,Machine learning,4.68,
HR,2025,D_E,"Electricity, gas, steam and air conditioning supply; water supply; sewerage, waste management and remediation activities",E_AI_TML,Machine learning,,@C
HU,2025,D_E,"Electricity, gas, steam and air conditioning supply; water supply; sewerage, waste management and remediation activities",E_AI_TML,Machine learning,2.14,
IE,2025,D_E,"Electricity, gas, steam and air conditioning supply; water supply; sewerage, waste management and remediation activities",E_AI_TML,Machine learning,4.21,
IT,2025,D_E,"Electricity, gas, steam and air conditioning supply; water supply; sewerage, waste management and remediation activities",E_AI_TML,Machine learning,3.93,
LT,2025,D_E,"Electricity, gas, steam and air conditioning supply; water supply; sewerage, waste management and remediation activities",E_AI_TML,Machine learning,4.9,
LU,2025,D_E,"Electricity, gas, steam and air conditioning supply; water supply; sewerage, waste management and remediation activities",E_AI_TML,Machine learning,20.95,
LV,2025,D_E,"Electricity, gas, steam and air conditioning supply; water supply; sewerage, waste management and remediation activities",E_AI_TML,Machine learning,2.04,
MT,2025,D_E,"Electricity, gas, steam and air conditioning supply; water supply; sewerage, waste management and remediation activities",E_AI_TML,Machine learning,17.5,
NL,2025,D_E,"Electricity, gas, steam and air conditioning supply; water supply; sewerage, waste management and remediation activities",E_AI_TML,Machine learning,12.46,
PL,2025,D_E,"Electricity, gas, steam and air conditioning supply; water supply; sewerage, waste management and remediation activities",E_AI_TML,Machine learning,2.0,
PT,2025,D_E,"Electricity, gas, steam and air conditioning supply; water supply; sewerage, waste management and remediation activities",E_AI_TML,Machine learning,6.67,
RO,2025,D_E,"Electricity, gas, steam and air conditioning supply; water supply; sewerage, waste management and remediation activities",E_AI_TML,Machine learning,1.55,
SE,2025,D_E,"Electricity, gas, steam and air conditioning supply; water supply; sewerage, waste management and remediation activities",E_AI_TML,Machine learning,13.08,
SI,2025,D_E,"Electricity, gas, steam and air conditioning supply; water supply; sewerage, waste management and remediation activities",E_AI_TML,Machine learning,4.54,
SK,2025,D_E,"Electricity, gas, steam and air conditioning supply; water supply; sewerage, waste management and remediation activities",E_AI_TML,Machine learning,2.13,
AT,2025,D_E,"Electricity, gas, steam and air conditioning supply; water supply; sewerage, waste management and remediation activities",E_AI_TNLG,Generacion de lenguaje,,u
BE,2025,D_E,"Electricity, gas, steam and air conditioning supply; water supply; sewerage, waste management and remediation activities",E_AI_TNLG,Generacion de lenguaje,,u
BG,2025,D_E,"Electricity, gas, steam and air conditioning supply; water supply; sewerage, waste management and remediation activities",E_AI_TNLG,Generacion de lenguaje,,u
CY,2025,D_E,"Electricity, gas, steam and air conditioning supply; water supply; sewerage, waste management and remediation activities",E_AI_TNLG,Generacion de lenguaje,0.0,
CZ,2025,D_E,"Electricity, gas, steam and air conditioning supply; water supply; sewerage, waste management and remediation activities",E_AI_TNLG,Generacion de lenguaje,9.55,
DE,2025,D_E,"Electricity, gas, steam and air conditioning supply; water supply; sewerage, waste management and remediation activities",E_AI_TNLG,Generacion de lenguaje,8.25,
DK,2025,D_E,"Electricity, gas, steam and air conditioning supply; water supply; sewerage, waste management and remediation activities",E_AI_TNLG,Generacion de lenguaje,,u
EE,2025,D_E,"Electricity, gas, steam and air conditioning supply; water supply; sewerage, waste management and remediation activities",E_AI_TNLG,Generacion de lenguaje,8.43,
EL,2025,D_E,"Electricity, gas, steam and air conditioning supply; water supply; sewerage, waste management and remediation activities",E_AI_TNLG,Generacion de lenguaje,1.94,
ES,2025,D_E,"Electricity, gas, steam and air conditioning supply; water supply; sewerage, waste management and remediation activities",E_AI_TNLG,Generacion de lenguaje,6.8,
EU27_2020,2025,D_E,"Electricity, gas, steam and air conditioning supply; water supply; sewerage, waste management and remediation activities",E_AI_TNLG,Generacion de lenguaje,7.54,
FI,2025,D_E,"Electricity, gas, steam and air conditioning supply; water supply; sewerage, waste management and remediation activities",E_AI_TNLG,Generacion de lenguaje,22.39,
FR,2025,D_E,"Electricity, gas, steam and air conditioning supply; water supply; sewerage, waste management and remediation activities",E_AI_TNLG,Generacion de lenguaje,8.59,
HR,2025,D_E,"Electricity, gas, steam and air conditioning supply; water supply; sewerage, waste management and remediation activities",E_AI_TNLG,Generacion de lenguaje,0.75,
HU,2025,D_E,"Electricity, gas, steam and air conditioning supply; water supply; sewerage, waste management and remediation activities",E_AI_TNLG,Generacion de lenguaje,3.26,
IE,2025,D_E,"Electricity, gas, steam and air conditioning supply; water supply; sewerage, waste management and remediation activities",E_AI_TNLG,Generacion de lenguaje,1.79,
IT,2025,D_E,"Electricity, gas, steam and air conditioning supply; water supply; sewerage, waste management and remediation activities",E_AI_TNLG,Generacion de lenguaje,4.55,
LT,2025,D_E,"Electricity, gas, steam and air conditioning supply; water supply; sewerage, waste management and remediation activities",E_AI_TNLG,Generacion de lenguaje,3.27,
LU,2025,D_E,"Electricity, gas, steam and air conditioning supply; water supply; sewerage, waste management and remediation activities",E_AI_TNLG,Generacion de lenguaje,27.82,
LV,2025,D_E,"Electricity, gas, steam and air conditioning supply; water supply; sewerage, waste management and remediation activities",E_AI_TNLG,Generacion de lenguaje,2.62,
MT,2025,D_E,"Electricity, gas, steam and air conditioning supply; water supply; sewerage, waste management and remediation activities",E_AI_TNLG,Generacion de lenguaje,7.5,
NL,2025,D_E,"Electricity, gas, steam and air conditioning supply; water supply; sewerage, waste management and remediation activities",E_AI_TNLG,Generacion de lenguaje,18.15,
PL,2025,D_E,"Electricity, gas, steam and air conditioning supply; water supply; sewerage, waste management and remediation activities",E_AI_TNLG,Generacion de lenguaje,5.12,
PT,2025,D_E,"Electricity, gas, steam and air conditioning supply; water supply; sewerage, waste management and remediation activities",E_AI_TNLG,Generacion de lenguaje,6.7,
RO,2025,D_E,"Electricity, gas, steam and air conditioning supply; water supply; sewerage, waste management and remediation activities",E_AI_TNLG,Generacion de lenguaje,1.09,
SE,2025,D_E,"Electricity, gas, steam and air conditioning supply; water supply; sewerage, waste management and remediation activities",E_AI_TNLG,Generacion de lenguaje,22.81,
SI,2025,D_E,"Electricity, gas, steam and air conditioning supply; water supply; sewerage, waste management and remediation activities",E_AI_TNLG,Generacion de lenguaje,2.25,
SK,2025,D_E,"Electricity, gas, steam and air conditioning supply; water supply; sewerage, waste management and remediation activities",E_AI_TNLG,Generacion de lenguaje,5.07,
AT,2025,D_E,"Electricity, gas, steam and air conditioning supply; water supply; sewerage, waste management and remediation activities",E_AI_TPA,Automatizacion de procesos,8.09,
BE,2025,D_E,"Electricity, gas, steam and air conditioning supply; water supply; sewerage, waste management and remediation activities",E_AI_TPA,Automatizacion de procesos,14.62,
BG,2025,D_E,"Electricity, gas, steam and air conditioning supply; water supply; sewerage, waste management and remediation activities",E_AI_TPA,Automatizacion de procesos,,u
CY,2025,D_E,"Electricity, gas, steam and air conditioning supply; water supply; sewerage, waste management and remediation activities",E_AI_TPA,Automatizacion de procesos,1.92,
CZ,2025,D_E,"Electricity, gas, steam and air conditioning supply; water supply; sewerage, waste management and remediation activities",E_AI_TPA,Automatizacion de procesos,3.65,
DE,2025,D_E,"Electricity, gas, steam and air conditioning supply; water supply; sewerage, waste management and remediation activities",E_AI_TPA,Automatizacion de procesos,8.27,
DK,2025,D_E,"Electricity, gas, steam and air conditioning supply; water supply; sewerage, waste management and remediation activities",E_AI_TPA,Automatizacion de procesos,,u
EE,2025,D_E,"Electricity, gas, steam and air conditioning supply; water supply; sewerage, waste management and remediation activities",E_AI_TPA,Automatizacion de procesos,0.95,
EL,2025,D_E,"Electricity, gas, steam and air conditioning supply; water supply; sewerage, waste management and remediation activities",E_AI_TPA,Automatizacion de procesos,2.12,
ES,2025,D_E,"Electricity, gas, steam and air conditioning supply; water supply; sewerage, waste management and remediation activities",E_AI_TPA,Automatizacion de procesos,7.28,
EU27_2020,2025,D_E,"Electricity, gas, steam and air conditioning supply; water supply; sewerage, waste management and remediation activities",E_AI_TPA,Automatizacion de procesos,5.88,
FI,2025,D_E,"Electricity, gas, steam and air conditioning supply; water supply; sewerage, waste management and remediation activities",E_AI_TPA,Automatizacion de procesos,21.33,
FR,2025,D_E,"Electricity, gas, steam and air conditioning supply; water supply; sewerage, waste management and remediation activities",E_AI_TPA,Automatizacion de procesos,4.4,
HR,2025,D_E,"Electricity, gas, steam and air conditioning supply; water supply; sewerage, waste management and remediation activities",E_AI_TPA,Automatizacion de procesos,,@C
HU,2025,D_E,"Electricity, gas, steam and air conditioning supply; water supply; sewerage, waste management and remediation activities",E_AI_TPA,Automatizacion de procesos,3.37,
IE,2025,D_E,"Electricity, gas, steam and air conditioning supply; water supply; sewerage, waste management and remediation activities",E_AI_TPA,Automatizacion de procesos,3.57,
IT,2025,D_E,"Electricity, gas, steam and air conditioning supply; water supply; sewerage, waste management and remediation activities",E_AI_TPA,Automatizacion de procesos,3.03,
LT,2025,D_E,"Electricity, gas, steam and air conditioning supply; water supply; sewerage, waste management and remediation activities",E_AI_TPA,Automatizacion de procesos,7.76,
LU,2025,D_E,"Electricity, gas, steam and air conditioning supply; water supply; sewerage, waste management and remediation activities",E_AI_TPA,Automatizacion de procesos,16.6,
LV,2025,D_E,"Electricity, gas, steam and air conditioning supply; water supply; sewerage, waste management and remediation activities",E_AI_TPA,Automatizacion de procesos,2.02,
MT,2025,D_E,"Electricity, gas, steam and air conditioning supply; water supply; sewerage, waste management and remediation activities",E_AI_TPA,Automatizacion de procesos,12.5,
NL,2025,D_E,"Electricity, gas, steam and air conditioning supply; water supply; sewerage, waste management and remediation activities",E_AI_TPA,Automatizacion de procesos,11.54,
PL,2025,D_E,"Electricity, gas, steam and air conditioning supply; water supply; sewerage, waste management and remediation activities",E_AI_TPA,Automatizacion de procesos,2.73,
PT,2025,D_E,"Electricity, gas, steam and air conditioning supply; water supply; sewerage, waste management and remediation activities",E_AI_TPA,Automatizacion de procesos,8.36,
RO,2025,D_E,"Electricity, gas, steam and air conditioning supply; water supply; sewerage, waste management and remediation activities",E_AI_TPA,Automatizacion de procesos,1.8,
SE,2025,D_E,"Electricity, gas, steam and air conditioning supply; water supply; sewerage, waste management and remediation activities",E_AI_TPA,Automatizacion de procesos,11.44,
SI,2025,D_E,"Electricity, gas, steam and air conditioning supply; water supply; sewerage, waste management and remediation activities",E_AI_TPA,Automatizacion de procesos,1.43,
SK,2025,D_E,"Electricity, gas, steam and air conditioning supply; water supply; sewerage, waste management and remediation activities",E_AI_TPA,Automatizacion de procesos,2.84,
AT,2025,D_E,"Electricity, gas, steam and air conditioning supply; water supply; sewerage, waste management and remediation activities",E_AI_TPVSG,Generacion de imagen/audio,,u
BE,2025,D_E,"Electricity, gas, steam and air conditioning supply; water supply; sewerage, waste management and remediation activities",E_AI_TPVSG,Generacion de imagen/audio,3.2,
BG,2025,D_E,"Electricity, gas, steam and air conditioning supply; water supply; sewerage, waste management and remediation activities",E_AI_TPVSG,Generacion de imagen/audio,,u
CY,2025,D_E,"Electricity, gas, steam and air conditioning supply; water supply; sewerage, waste management and remediation activities",E_AI_TPVSG,Generacion de imagen/audio,0.0,
CZ,2025,D_E,"Electricity, gas, steam and air conditioning supply; water supply; sewerage, waste management and remediation activities",E_AI_TPVSG,Generacion de imagen/audio,6.62,
DE,2025,D_E,"Electricity, gas, steam and air conditioning supply; water supply; sewerage, waste management and remediation activities",E_AI_TPVSG,Generacion de imagen/audio,10.5,
DK,2025,D_E,"Electricity, gas, steam and air conditioning supply; water supply; sewerage, waste management and remediation activities",E_AI_TPVSG,Generacion de imagen/audio,11.61,
EE,2025,D_E,"Electricity, gas, steam and air conditioning supply; water supply; sewerage, waste management and remediation activities",E_AI_TPVSG,Generacion de imagen/audio,1.04,
EL,2025,D_E,"Electricity, gas, steam and air conditioning supply; water supply; sewerage, waste management and remediation activities",E_AI_TPVSG,Generacion de imagen/audio,2.71,
ES,2025,D_E,"Electricity, gas, steam and air conditioning supply; water supply; sewerage, waste management and remediation activities",E_AI_TPVSG,Generacion de imagen/audio,10.77,
EU27_2020,2025,D_E,"Electricity, gas, steam and air conditioning supply; water supply; sewerage, waste management and remediation activities",E_AI_TPVSG,Generacion de imagen/audio,6.94,
FI,2025,D_E,"Electricity, gas, steam and air conditioning supply; water supply; sewerage, waste management and remediation activities",E_AI_TPVSG,Generacion de imagen/audio,28.55,
FR,2025,D_E,"Electricity, gas, steam and air conditioning supply; water supply; sewerage, waste management and remediation activities",E_AI_TPVSG,Generacion de imagen/audio,6.17,
HR,2025,D_E,"Electricity, gas, steam and air conditioning supply; water supply; sewerage, waste management and remediation activities",E_AI_TPVSG,Generacion de imagen/audio,0.79,
HU,2025,D_E,"Electricity, gas, steam and air conditioning supply; water supply; sewerage, waste management and remediation activities",E_AI_TPVSG,Generacion de imagen/audio,2.75,
IE,2025,D_E,"Electricity, gas, steam and air conditioning supply; water supply; sewerage, waste management and remediation activities",E_AI_TPVSG,Generacion de imagen/audio,2.37,
IT,2025,D_E,"Electricity, gas, steam and air conditioning supply; water supply; sewerage, waste management and remediation activities",E_AI_TPVSG,Generacion de imagen/audio,3.3,
LT,2025,D_E,"Electricity, gas, steam and air conditioning supply; water supply; sewerage, waste management and remediation activities",E_AI_TPVSG,Generacion de imagen/audio,7.35,
LU,2025,D_E,"Electricity, gas, steam and air conditioning supply; water supply; sewerage, waste management and remediation activities",E_AI_TPVSG,Generacion de imagen/audio,27.82,
LV,2025,D_E,"Electricity, gas, steam and air conditioning supply; water supply; sewerage, waste management and remediation activities",E_AI_TPVSG,Generacion de imagen/audio,2.84,
MT,2025,D_E,"Electricity, gas, steam and air conditioning supply; water supply; sewerage, waste management and remediation activities",E_AI_TPVSG,Generacion de imagen/audio,0.0,
NL,2025,D_E,"Electricity, gas, steam and air conditioning supply; water supply; sewerage, waste management and remediation activities",E_AI_TPVSG,Generacion de imagen/audio,11.81,
PL,2025,D_E,"Electricity, gas, steam and air conditioning supply; water supply; sewerage, waste management and remediation activities",E_AI_TPVSG,Generacion de imagen/audio,1.19,
PT,2025,D_E,"Electricity, gas, steam and air conditioning supply; water supply; sewerage, waste management and remediation activities",E_AI_TPVSG,Generacion de imagen/audio,4.7,
RO,2025,D_E,"Electricity, gas, steam and air conditioning supply; water supply; sewerage, waste management and remediation activities",E_AI_TPVSG,Generacion de imagen/audio,1.07,
SE,2025,D_E,"Electricity, gas, steam and air conditioning supply; water supply; sewerage, waste management and remediation activities",E_AI_TPVSG,Generacion de imagen/audio,21.39,
SI,2025,D_E,"Electricity, gas, steam and air conditioning supply; water supply; sewerage, waste management and remediation activities",E_AI_TPVSG,Generacion de imagen/audio,5.91,
SK,2025,D_E,"Electricity, gas, steam and air conditioning supply; water supply; sewerage, waste management and remediation activities",E_AI_TPVSG,Generacion de imagen/audio,5.2,
AT,2025,D_E,"Electricity, gas, steam and air conditioning supply; water supply; sewerage, waste management and remediation activities",E_AI_TSR,Reconocimiento de voz,8.18,
BE,2025,D_E,"Electricity, gas, steam and air conditioning supply; water supply; sewerage, waste management and remediation activities",E_AI_TSR,Reconocimiento de voz,5.99,
BG,2025,D_E,"Electricity, gas, steam and air conditioning supply; water supply; sewerage, waste management and remediation activities",E_AI_TSR,Reconocimiento de voz,,u
CY,2025,D_E,"Electricity, gas, steam and air conditioning supply; water supply; sewerage, waste management and remediation activities",E_AI_TSR,Reconocimiento de voz,0.0,
CZ,2025,D_E,"Electricity, gas, steam and air conditioning supply; water supply; sewerage, waste management and remediation activities",E_AI_TSR,Reconocimiento de voz,4.0,
DE,2025,D_E,"Electricity, gas, steam and air conditioning supply; water supply; sewerage, waste management and remediation activities",E_AI_TSR,Reconocimiento de voz,9.0,
DK,2025,D_E,"Electricity, gas, steam and air conditioning supply; water supply; sewerage, waste management and remediation activities",E_AI_TSR,Reconocimiento de voz,12.7,
EE,2025,D_E,"Electricity, gas, steam and air conditioning supply; water supply; sewerage, waste management and remediation activities",E_AI_TSR,Reconocimiento de voz,4.74,
EL,2025,D_E,"Electricity, gas, steam and air conditioning supply; water supply; sewerage, waste management and remediation activities",E_AI_TSR,Reconocimiento de voz,1.44,
ES,2025,D_E,"Electricity, gas, steam and air conditioning supply; water supply; sewerage, waste management and remediation activities",E_AI_TSR,Reconocimiento de voz,6.81,
EU27_2020,2025,D_E,"Electricity, gas, steam and air conditioning supply; water supply; sewerage, waste management and remediation activities",E_AI_TSR,Reconocimiento de voz,6.07,
FI,2025,D_E,"Electricity, gas, steam and air conditioning supply; water supply; sewerage, waste management and remediation activities",E_AI_TSR,Reconocimiento de voz,17.69,
FR,2025,D_E,"Electricity, gas, steam and air conditioning supply; water supply; sewerage, waste management and remediation activities",E_AI_TSR,Reconocimiento de voz,6.35,
HR,2025,D_E,"Electricity, gas, steam and air conditioning supply; water supply; sewerage, waste management and remediation activities",E_AI_TSR,Reconocimiento de voz,,@C
HU,2025,D_E,"Electricity, gas, steam and air conditioning supply; water supply; sewerage, waste management and remediation activities",E_AI_TSR,Reconocimiento de voz,4.68,
IE,2025,D_E,"Electricity, gas, steam and air conditioning supply; water supply; sewerage, waste management and remediation activities",E_AI_TSR,Reconocimiento de voz,1.85,
IT,2025,D_E,"Electricity, gas, steam and air conditioning supply; water supply; sewerage, waste management and remediation activities",E_AI_TSR,Reconocimiento de voz,5.33,
LT,2025,D_E,"Electricity, gas, steam and air conditioning supply; water supply; sewerage, waste management and remediation activities",E_AI_TSR,Reconocimiento de voz,3.27,
LU,2025,D_E,"Electricity, gas, steam and air conditioning supply; water supply; sewerage, waste management and remediation activities",E_AI_TSR,Reconocimiento de voz,25.8,
LV,2025,D_E,"Electricity, gas, steam and air conditioning supply; water supply; sewerage, waste management and remediation activities",E_AI_TSR,Reconocimiento de voz,4.86,
MT,2025,D_E,"Electricity, gas, steam and air conditioning supply; water supply; sewerage, waste management and remediation activities",E_AI_TSR,Reconocimiento de voz,0.0,
NL,2025,D_E,"Electricity, gas, steam and air conditioning supply; water supply; sewerage, waste management and remediation activities",E_AI_TSR,Reconocimiento de voz,9.36,
PL,2025,D_E,"Electricity, gas, steam and air conditioning supply; water supply; sewerage, waste management and remediation activities",E_AI_TSR,Reconocimiento de voz,1.42,
PT,2025,D_E,"Electricity, gas, steam and air conditioning supply; water supply; sewerage, waste management and remediation activities",E_AI_TSR,Reconocimiento de voz,5.12,
RO,2025,D_E,"Electricity, gas, steam and air conditioning supply; water supply; sewerage, waste management and remediation activities",E_AI_TSR,Reconocimiento de voz,1.67,
SE,2025,D_E,"Electricity, gas, steam and air conditioning supply; water supply; sewerage, waste management and remediation activities",E_AI_TSR,Reconocimiento de voz,15.63,
SI,2025,D_E,"Electricity, gas, steam and air conditioning supply; water supply; sewerage, waste management and remediation activities",E_AI_TSR,Reconocimiento de voz,1.28,
SK,2025,D_E,"Electricity, gas, steam and air conditioning supply; water supply; sewerage, waste management and remediation activities",E_AI_TSR,Reconocimiento de voz,4.72,
AT,2025,D_E,"Electricity, gas, steam and air conditioning supply; water supply; sewerage, waste management and remediation activities",E_AI_TTM,Mineria de texto,,u
BE,2025,D_E,"Electricity, gas, steam and air conditioning supply; water supply; sewerage, waste management and remediation activities",E_AI_TTM,Mineria de texto,,u
BG,2025,D_E,"Electricity, gas, steam and air conditioning supply; water supply; sewerage, waste management and remediation activities",E_AI_TTM,Mineria de texto,,u
CY,2025,D_E,"Electricity, gas, steam and air conditioning supply; water supply; sewerage, waste management and remediation activities",E_AI_TTM,Mineria de texto,3.87,
CZ,2025,D_E,"Electricity, gas, steam and air conditioning supply; water supply; sewerage, waste management and remediation activities",E_AI_TTM,Mineria de texto,5.43,
DE,2025,D_E,"Electricity, gas, steam and air conditioning supply; water supply; sewerage, waste management and remediation activities",E_AI_TTM,Mineria de texto,11.37,
DK,2025,D_E,"Electricity, gas, steam and air conditioning supply; water supply; sewerage, waste management and remediation activities",E_AI_TTM,Mineria de texto,,u
EE,2025,D_E,"Electricity, gas, steam and air conditioning supply; water supply; sewerage, waste management and remediation activities",E_AI_TTM,Mineria de texto,5.07,
EL,2025,D_E,"Electricity, gas, steam and air conditioning supply; water supply; sewerage, waste management and remediation activities",E_AI_TTM,Mineria de texto,5.32,
ES,2025,D_E,"Electricity, gas, steam and air conditioning supply; water supply; sewerage, waste management and remediation activities",E_AI_TTM,Mineria de texto,8.46,
EU27_2020,2025,D_E,"Electricity, gas, steam and air conditioning supply; water supply; sewerage, waste management and remediation activities",E_AI_TTM,Mineria de texto,10.11,
FI,2025,D_E,"Electricity, gas, steam and air conditioning supply; water supply; sewerage, waste management and remediation activities",E_AI_TTM,Mineria de texto,38.7,
FR,2025,D_E,"Electricity, gas, steam and air conditioning supply; water supply; sewerage, waste management and remediation activities",E_AI_TTM,Mineria de texto,10.18,
HR,2025,D_E,"Electricity, gas, steam and air conditioning supply; water supply; sewerage, waste management and remediation activities",E_AI_TTM,Mineria de texto,2.06,
HU,2025,D_E,"Electricity, gas, steam and air conditioning supply; water supply; sewerage, waste management and remediation activities",E_AI_TTM,Mineria de texto,7.6,
IE,2025,D_E,"Electricity, gas, steam and air conditioning supply; water supply; sewerage, waste management and remediation activities",E_AI_TTM,Mineria de texto,7.95,
IT,2025,D_E,"Electricity, gas, steam and air conditioning supply; water supply; sewerage, waste management and remediation activities",E_AI_TTM,Mineria de texto,9.76,
LT,2025,D_E,"Electricity, gas, steam and air conditioning supply; water supply; sewerage, waste management and remediation activities",E_AI_TTM,Mineria de texto,15.1,
LU,2025,D_E,"Electricity, gas, steam and air conditioning supply; water supply; sewerage, waste management and remediation activities",E_AI_TTM,Mineria de texto,35.99,
LV,2025,D_E,"Electricity, gas, steam and air conditioning supply; water supply; sewerage, waste management and remediation activities",E_AI_TTM,Mineria de texto,9.93,
MT,2025,D_E,"Electricity, gas, steam and air conditioning supply; water supply; sewerage, waste management and remediation activities",E_AI_TTM,Mineria de texto,10.0,
NL,2025,D_E,"Electricity, gas, steam and air conditioning supply; water supply; sewerage, waste management and remediation activities",E_AI_TTM,Mineria de texto,16.66,
PL,2025,D_E,"Electricity, gas, steam and air conditioning supply; water supply; sewerage, waste management and remediation activities",E_AI_TTM,Mineria de texto,1.55,
PT,2025,D_E,"Electricity, gas, steam and air conditioning supply; water supply; sewerage, waste management and remediation activities",E_AI_TTM,Mineria de texto,6.0,
RO,2025,D_E,"Electricity, gas, steam and air conditioning supply; water supply; sewerage, waste management and remediation activities",E_AI_TTM,Mineria de texto,1.69,
SE,2025,D_E,"Electricity, gas, steam and air conditioning supply; water supply; sewerage, waste management and remediation activities",E_AI_TTM,Mineria de texto,31.21,
SI,2025,D_E,"Electricity, gas, steam and air conditioning supply; water supply; sewerage, waste management and remediation activities",E_AI_TTM,Mineria de texto,27.18,
SK,2025,D_E,"Electricity, gas, steam and air conditioning supply; water supply; sewerage, waste management and remediation activities",E_AI_TTM,Mineria de texto,6.24,
AT,2025,F,Construction,E_AI_TANY,Cualquier IA,14.89,
BE,2025,F,Construction,E_AI_TANY,Cualquier IA,20.25,
BG,2025,F,Construction,E_AI_TANY,Cualquier IA,2.99,
CY,2025,F,Construction,E_AI_TANY,Cualquier IA,4.31,
CZ,2025,F,Construction,E_AI_TANY,Cualquier IA,7.84,
DE,2025,F,Construction,E_AI_TANY,Cualquier IA,14.28,
DK,2025,F,Construction,E_AI_TANY,Cualquier IA,23.93,
EE,2025,F,Construction,E_AI_TANY,Cualquier IA,17.39,
EL,2025,F,Construction,E_AI_TANY,Cualquier IA,6.96,
ES,2025,F,Construction,E_AI_TANY,Cualquier IA,11.26,
EU27_2020,2025,F,Construction,E_AI_TANY,Cualquier IA,10.79,
FI,2025,F,Construction,E_AI_TANY,Cualquier IA,24.01,
FR,2025,F,Construction,E_AI_TANY,Cualquier IA,9.52,
HR,2025,F,Construction,E_AI_TANY,Cualquier IA,3.45,
HU,2025,F,Construction,E_AI_TANY,Cualquier IA,4.53,
IE,2025,F,Construction,E_AI_TANY,Cualquier IA,9.2,
IT,2025,F,Construction,E_AI_TANY,Cualquier IA,10.39,
LT,2025,F,Construction,E_AI_TANY,Cualquier IA,16.79,
LU,2025,F,Construction,E_AI_TANY,Cualquier IA,23.98,
LV,2025,F,Construction,E_AI_TANY,Cualquier IA,4.89,
MT,2025,F,Construction,E_AI_TANY,Cualquier IA,10.61,
NL,2025,F,Construction,E_AI_TANY,Cualquier IA,21.29,
PL,2025,F,Construction,E_AI_TANY,Cualquier IA,2.35,
PT,2025,F,Construction,E_AI_TANY,Cualquier IA,4.74,
RO,2025,F,Construction,E_AI_TANY,Cualquier IA,2.65,
SE,2025,F,Construction,E_AI_TANY,Cualquier IA,14.9,
SI,2025,F,Construction,E_AI_TANY,Cualquier IA,5.55,
SK,2025,F,Construction,E_AI_TANY,Cualquier IA,8.59,
AT,2025,F,Construction,E_AI_TAR,Robots autonomos,0.47,
BE,2025,F,Construction,E_AI_TAR,Robots autonomos,0.83,
BG,2025,F,Construction,E_AI_TAR,Robots autonomos,,u
CY,2025,F,Construction,E_AI_TAR,Robots autonomos,0.0,
CZ,2025,F,Construction,E_AI_TAR,Robots autonomos,0.38,
DE,2025,F,Construction,E_AI_TAR,Robots autonomos,0.93,
DK,2025,F,Construction,E_AI_TAR,Robots autonomos,2.04,
EE,2025,F,Construction,E_AI_TAR,Robots autonomos,0.0,
EL,2025,F,Construction,E_AI_TAR,Robots autonomos,0.41,
ES,2025,F,Construction,E_AI_TAR,Robots autonomos,0.81,
EU27_2020,2025,F,Construction,E_AI_TAR,Robots autonomos,0.74,
FI,2025,F,Construction,E_AI_TAR,Robots autonomos,0.82,
FR,2025,F,Construction,E_AI_TAR,Robots autonomos,1.21,
HR,2025,F,Construction,E_AI_TAR,Robots autonomos,,@C
HU,2025,F,Construction,E_AI_TAR,Robots autonomos,0.11,
IE,2025,F,Construction,E_AI_TAR,Robots autonomos,0.0,
IT,2025,F,Construction,E_AI_TAR,Robots autonomos,0.73,
LT,2025,F,Construction,E_AI_TAR,Robots autonomos,2.02,
LU,2025,F,Construction,E_AI_TAR,Robots autonomos,0.91,
LV,2025,F,Construction,E_AI_TAR,Robots autonomos,0.6,
MT,2025,F,Construction,E_AI_TAR,Robots autonomos,1.56,
NL,2025,F,Construction,E_AI_TAR,Robots autonomos,1.47,
PL,2025,F,Construction,E_AI_TAR,Robots autonomos,0.27,
PT,2025,F,Construction,E_AI_TAR,Robots autonomos,0.11,
RO,2025,F,Construction,E_AI_TAR,Robots autonomos,0.14,
SE,2025,F,Construction,E_AI_TAR,Robots autonomos,0.04,
SI,2025,F,Construction,E_AI_TAR,Robots autonomos,0.0,
SK,2025,F,Construction,E_AI_TAR,Robots autonomos,0.0,
AT,2025,F,Construction,E_AI_TIR,Vision por computador,1.1,
BE,2025,F,Construction,E_AI_TIR,Vision por computador,5.14,
BG,2025,F,Construction,E_AI_TIR,Vision por computador,,u
CY,2025,F,Construction,E_AI_TIR,Vision por computador,0.98,
CZ,2025,F,Construction,E_AI_TIR,Vision por computador,0.71,
DE,2025,F,Construction,E_AI_TIR,Vision por computador,3.39,
DK,2025,F,Construction,E_AI_TIR,Vision por computador,2.93,
EE,2025,F,Construction,E_AI_TIR,Vision por computador,4.93,
EL,2025,F,Construction,E_AI_TIR,Vision por computador,0.37,
ES,2025,F,Construction,E_AI_TIR,Vision por computador,2.72,
EU27_2020,2025,F,Construction,E_AI_TIR,Vision por computador,2.27,
FI,2025,F,Construction,E_AI_TIR,Vision por computador,1.84,
FR,2025,F,Construction,E_AI_TIR,Vision por computador,3.44,
HR,2025,F,Construction,E_AI_TIR,Vision por computador,0.28,
HU,2025,F,Construction,E_AI_TIR,Vision por computador,1.02,
IE,2025,F,Construction,E_AI_TIR,Vision por computador,0.66,
IT,2025,F,Construction,E_AI_TIR,Vision por computador,1.87,
LT,2025,F,Construction,E_AI_TIR,Vision por computador,4.03,
LU,2025,F,Construction,E_AI_TIR,Vision por computador,2.41,
LV,2025,F,Construction,E_AI_TIR,Vision por computador,2.08,
MT,2025,F,Construction,E_AI_TIR,Vision por computador,2.0,
NL,2025,F,Construction,E_AI_TIR,Vision por computador,2.63,
PL,2025,F,Construction,E_AI_TIR,Vision por computador,0.4,
PT,2025,F,Construction,E_AI_TIR,Vision por computador,0.43,
RO,2025,F,Construction,E_AI_TIR,Vision por computador,0.15,
SE,2025,F,Construction,E_AI_TIR,Vision por computador,0.48,
SI,2025,F,Construction,E_AI_TIR,Vision por computador,2.69,
SK,2025,F,Construction,E_AI_TIR,Vision por computador,3.19,
AT,2025,F,Construction,E_AI_TML,Machine learning,1.78,
BE,2025,F,Construction,E_AI_TML,Machine learning,2.62,
BG,2025,F,Construction,E_AI_TML,Machine learning,,u
CY,2025,F,Construction,E_AI_TML,Machine learning,0.75,
CZ,2025,F,Construction,E_AI_TML,Machine learning,3.65,
DE,2025,F,Construction,E_AI_TML,Machine learning,2.0,
DK,2025,F,Construction,E_AI_TML,Machine learning,3.16,
EE,2025,F,Construction,E_AI_TML,Machine learning,1.63,
EL,2025,F,Construction,E_AI_TML,Machine learning,2.63,
ES,2025,F,Construction,E_AI_TML,Machine learning,1.84,
EU27_2020,2025,F,Construction,E_AI_TML,Machine learning,1.62,
FI,2025,F,Construction,E_AI_TML,Machine learning,5.52,
FR,2025,F,Construction,E_AI_TML,Machine learning,1.56,
HR,2025,F,Construction,E_AI_TML,Machine learning,0.66,
HU,2025,F,Construction,E_AI_TML,Machine learning,0.62,
IE,2025,F,Construction,E_AI_TML,Machine learning,2.32,
IT,2025,F,Construction,E_AI_TML,Machine learning,1.41,
LT,2025,F,Construction,E_AI_TML,Machine learning,0.27,
LU,2025,F,Construction,E_AI_TML,Machine learning,1.84,
LV,2025,F,Construction,E_AI_TML,Machine learning,0.07,
MT,2025,F,Construction,E_AI_TML,Machine learning,0.98,
NL,2025,F,Construction,E_AI_TML,Machine learning,3.65,
PL,2025,F,Construction,E_AI_TML,Machine learning,0.21,
PT,2025,F,Construction,E_AI_TML,Machine learning,0.21,
RO,2025,F,Construction,E_AI_TML,Machine learning,1.41,
SE,2025,F,Construction,E_AI_TML,Machine learning,0.6,
SI,2025,F,Construction,E_AI_TML,Machine learning,0.0,
SK,2025,F,Construction,E_AI_TML,Machine learning,0.16,
AT,2025,F,Construction,E_AI_TNLG,Generacion de lenguaje,5.99,
BE,2025,F,Construction,E_AI_TNLG,Generacion de lenguaje,4.88,
BG,2025,F,Construction,E_AI_TNLG,Generacion de lenguaje,,u
CY,2025,F,Construction,E_AI_TNLG,Generacion de lenguaje,1.63,
CZ,2025,F,Construction,E_AI_TNLG,Generacion de lenguaje,5.85,
DE,2025,F,Construction,E_AI_TNLG,Generacion de lenguaje,3.02,
DK,2025,F,Construction,E_AI_TNLG,Generacion de lenguaje,14.98,
EE,2025,F,Construction,E_AI_TNLG,Generacion de lenguaje,9.73,
EL,2025,F,Construction,E_AI_TNLG,Generacion de lenguaje,1.75,
ES,2025,F,Construction,E_AI_TNLG,Generacion de lenguaje,4.17,
EU27_2020,2025,F,Construction,E_AI_TNLG,Generacion de lenguaje,3.25,
FI,2025,F,Construction,E_AI_TNLG,Generacion de lenguaje,9.2,
FR,2025,F,Construction,E_AI_TNLG,Generacion de lenguaje,2.59,
HR,2025,F,Construction,E_AI_TNLG,Generacion de lenguaje,1.95,
HU,2025,F,Construction,E_AI_TNLG,Generacion de lenguaje,1.41,
IE,2025,F,Construction,E_AI_TNLG,Generacion de lenguaje,0.38,
IT,2025,F,Construction,E_AI_TNLG,Generacion de lenguaje,3.1,
LT,2025,F,Construction,E_AI_TNLG,Generacion de lenguaje,2.69,
LU,2025,F,Construction,E_AI_TNLG,Generacion de lenguaje,3.17,
LV,2025,F,Construction,E_AI_TNLG,Generacion de lenguaje,1.48,
MT,2025,F,Construction,E_AI_TNLG,Generacion de lenguaje,2.03,
NL,2025,F,Construction,E_AI_TNLG,Generacion de lenguaje,8.13,
PL,2025,F,Construction,E_AI_TNLG,Generacion de lenguaje,1.15,
PT,2025,F,Construction,E_AI_TNLG,Generacion de lenguaje,0.29,
RO,2025,F,Construction,E_AI_TNLG,Generacion de lenguaje,1.3,
SE,2025,F,Construction,E_AI_TNLG,Generacion de lenguaje,4.79,
SI,2025,F,Construction,E_AI_TNLG,Generacion de lenguaje,1.21,
SK,2025,F,Construction,E_AI_TNLG,Generacion de lenguaje,4.0,
AT,2025,F,Construction,E_AI_TPA,Automatizacion de procesos,2.26,
BE,2025,F,Construction,E_AI_TPA,Automatizacion de procesos,2.82,
BG,2025,F,Construction,E_AI_TPA,Automatizacion de procesos,,u
CY,2025,F,Construction,E_AI_TPA,Automatizacion de procesos,0.18,
CZ,2025,F,Construction,E_AI_TPA,Automatizacion de procesos,1.01,
DE,2025,F,Construction,E_AI_TPA,Automatizacion de procesos,2.98,
DK,2025,F,Construction,E_AI_TPA,Automatizacion de procesos,6.28,
EE,2025,F,Construction,E_AI_TPA,Automatizacion de procesos,0.71,
EL,2025,F,Construction,E_AI_TPA,Automatizacion de procesos,1.04,
ES,2025,F,Construction,E_AI_TPA,Automatizacion de procesos,2.83,
EU27_2020,2025,F,Construction,E_AI_TPA,Automatizacion de procesos,1.99,
FI,2025,F,Construction,E_AI_TPA,Automatizacion de procesos,4.48,
FR,2025,F,Construction,E_AI_TPA,Automatizacion de procesos,1.65,
HR,2025,F,Construction,E_AI_TPA,Automatizacion de procesos,0.61,
HU,2025,F,Construction,E_AI_TPA,Automatizacion de procesos,1.03,
IE,2025,F,Construction,E_AI_TPA,Automatizacion de procesos,1.67,
IT,2025,F,Construction,E_AI_TPA,Automatizacion de procesos,1.23,
LT,2025,F,Construction,E_AI_TPA,Automatizacion de procesos,3.27,
LU,2025,F,Construction,E_AI_TPA,Automatizacion de procesos,3.23,
LV,2025,F,Construction,E_AI_TPA,Automatizacion de procesos,0.66,
MT,2025,F,Construction,E_AI_TPA,Automatizacion de procesos,0.54,
NL,2025,F,Construction,E_AI_TPA,Automatizacion de procesos,5.01,
PL,2025,F,Construction,E_AI_TPA,Automatizacion de procesos,0.49,
PT,2025,F,Construction,E_AI_TPA,Automatizacion de procesos,0.24,
RO,2025,F,Construction,E_AI_TPA,Automatizacion de procesos,0.73,
SE,2025,F,Construction,E_AI_TPA,Automatizacion de procesos,1.62,
SI,2025,F,Construction,E_AI_TPA,Automatizacion de procesos,0.0,
SK,2025,F,Construction,E_AI_TPA,Automatizacion de procesos,1.2,
AT,2025,F,Construction,E_AI_TPVSG,Generacion de imagen/audio,4.69,
BE,2025,F,Construction,E_AI_TPVSG,Generacion de imagen/audio,7.62,
BG,2025,F,Construction,E_AI_TPVSG,Generacion de imagen/audio,1.56,
CY,2025,F,Construction,E_AI_TPVSG,Generacion de imagen/audio,1.72,
CZ,2025,F,Construction,E_AI_TPVSG,Generacion de imagen/audio,3.98,
DE,2025,F,Construction,E_AI_TPVSG,Generacion de imagen/audio,6.92,
DK,2025,F,Construction,E_AI_TPVSG,Generacion de imagen/audio,7.36,
EE,2025,F,Construction,E_AI_TPVSG,Generacion de imagen/audio,5.53,
EL,2025,F,Construction,E_AI_TPVSG,Generacion de imagen/audio,0.77,
ES,2025,F,Construction,E_AI_TPVSG,Generacion de imagen/audio,7.52,
EU27_2020,2025,F,Construction,E_AI_TPVSG,Generacion de imagen/audio,4.47,
FI,2025,F,Construction,E_AI_TPVSG,Generacion de imagen/audio,6.87,
FR,2025,F,Construction,E_AI_TPVSG,Generacion de imagen/audio,2.89,
HR,2025,F,Construction,E_AI_TPVSG,Generacion de imagen/audio,0.82,
HU,2025,F,Construction,E_AI_TPVSG,Generacion de imagen/audio,2.24,
IE,2025,F,Construction,E_AI_TPVSG,Generacion de imagen/audio,0.62,
IT,2025,F,Construction,E_AI_TPVSG,Generacion de imagen/audio,3.01,
LT,2025,F,Construction,E_AI_TPVSG,Generacion de imagen/audio,6.99,
LU,2025,F,Construction,E_AI_TPVSG,Generacion de imagen/audio,6.8,
LV,2025,F,Construction,E_AI_TPVSG,Generacion de imagen/audio,1.93,
MT,2025,F,Construction,E_AI_TPVSG,Generacion de imagen/audio,2.47,
NL,2025,F,Construction,E_AI_TPVSG,Generacion de imagen/audio,8.02,
PL,2025,F,Construction,E_AI_TPVSG,Generacion de imagen/audio,0.48,
PT,2025,F,Construction,E_AI_TPVSG,Generacion de imagen/audio,2.81,
RO,2025,F,Construction,E_AI_TPVSG,Generacion de imagen/audio,1.78,
SE,2025,F,Construction,E_AI_TPVSG,Generacion de imagen/audio,6.29,
SI,2025,F,Construction,E_AI_TPVSG,Generacion de imagen/audio,2.13,
SK,2025,F,Construction,E_AI_TPVSG,Generacion de imagen/audio,7.15,
AT,2025,F,Construction,E_AI_TSR,Reconocimiento de voz,3.71,
BE,2025,F,Construction,E_AI_TSR,Reconocimiento de voz,6.03,
BG,2025,F,Construction,E_AI_TSR,Reconocimiento de voz,,u
CY,2025,F,Construction,E_AI_TSR,Reconocimiento de voz,1.12,
CZ,2025,F,Construction,E_AI_TSR,Reconocimiento de voz,1.01,
DE,2025,F,Construction,E_AI_TSR,Reconocimiento de voz,6.11,
DK,2025,F,Construction,E_AI_TSR,Reconocimiento de voz,8.62,
EE,2025,F,Construction,E_AI_TSR,Reconocimiento de voz,5.53,
EL,2025,F,Construction,E_AI_TSR,Reconocimiento de voz,2.46,
ES,2025,F,Construction,E_AI_TSR,Reconocimiento de voz,4.22,
EU27_2020,2025,F,Construction,E_AI_TSR,Reconocimiento de voz,3.65,
FI,2025,F,Construction,E_AI_TSR,Reconocimiento de voz,9.64,
FR,2025,F,Construction,E_AI_TSR,Reconocimiento de voz,3.35,
HR,2025,F,Construction,E_AI_TSR,Reconocimiento de voz,1.55,
HU,2025,F,Construction,E_AI_TSR,Reconocimiento de voz,1.63,
IE,2025,F,Construction,E_AI_TSR,Reconocimiento de voz,0.31,
IT,2025,F,Construction,E_AI_TSR,Reconocimiento de voz,3.69,
LT,2025,F,Construction,E_AI_TSR,Reconocimiento de voz,1.12,
LU,2025,F,Construction,E_AI_TSR,Reconocimiento de voz,9.84,
LV,2025,F,Construction,E_AI_TSR,Reconocimiento de voz,0.74,
MT,2025,F,Construction,E_AI_TSR,Reconocimiento de voz,3.04,
NL,2025,F,Construction,E_AI_TSR,Reconocimiento de voz,4.96,
PL,2025,F,Construction,E_AI_TSR,Reconocimiento de voz,0.34,
PT,2025,F,Construction,E_AI_TSR,Reconocimiento de voz,0.22,
RO,2025,F,Construction,E_AI_TSR,Reconocimiento de voz,0.19,
SE,2025,F,Construction,E_AI_TSR,Reconocimiento de voz,3.75,
SI,2025,F,Construction,E_AI_TSR,Reconocimiento de voz,0.0,
SK,2025,F,Construction,E_AI_TSR,Reconocimiento de voz,2.09,
AT,2025,F,Construction,E_AI_TTM,Mineria de texto,11.26,
BE,2025,F,Construction,E_AI_TTM,Mineria de texto,11.62,
BG,2025,F,Construction,E_AI_TTM,Mineria de texto,2.08,
CY,2025,F,Construction,E_AI_TTM,Mineria de texto,3.66,
CZ,2025,F,Construction,E_AI_TTM,Mineria de texto,2.4,
DE,2025,F,Construction,E_AI_TTM,Mineria de texto,6.24,
DK,2025,F,Construction,E_AI_TTM,Mineria de texto,17.26,
EE,2025,F,Construction,E_AI_TTM,Mineria de texto,13.08,
EL,2025,F,Construction,E_AI_TTM,Mineria de texto,3.04,
ES,2025,F,Construction,E_AI_TTM,Mineria de texto,4.98,
EU27_2020,2025,F,Construction,E_AI_TTM,Mineria de texto,6.09,
FI,2025,F,Construction,E_AI_TTM,Mineria de texto,15.7,
FR,2025,F,Construction,E_AI_TTM,Mineria de texto,5.34,
HR,2025,F,Construction,E_AI_TTM,Mineria de texto,2.48,
HU,2025,F,Construction,E_AI_TTM,Mineria de texto,1.61,
IE,2025,F,Construction,E_AI_TTM,Mineria de texto,6.34,
IT,2025,F,Construction,E_AI_TTM,Mineria de texto,7.86,
LT,2025,F,Construction,E_AI_TTM,Mineria de texto,13.26,
LU,2025,F,Construction,E_AI_TTM,Mineria de texto,18.43,
LV,2025,F,Construction,E_AI_TTM,Mineria de texto,4.07,
MT,2025,F,Construction,E_AI_TTM,Mineria de texto,5.61,
NL,2025,F,Construction,E_AI_TTM,Mineria de texto,16.81,
PL,2025,F,Construction,E_AI_TTM,Mineria de texto,0.48,
PT,2025,F,Construction,E_AI_TTM,Mineria de texto,1.75,
RO,2025,F,Construction,E_AI_TTM,Mineria de texto,1.41,
SE,2025,F,Construction,E_AI_TTM,Mineria de texto,10.54,
SI,2025,F,Construction,E_AI_TTM,Mineria de texto,3.34,
SK,2025,F,Construction,E_AI_TTM,Mineria de texto,5.05,
AT,2025,G,Wholesale and retail trade; repair of motor vehicles and motorcycles,E_AI_TANY,Cualquier IA,26.46,
BE,2025,G,Wholesale and retail trade; repair of motor vehicles and motorcycles,E_AI_TANY,Cualquier IA,32.84,
BG,2025,G,Wholesale and retail trade; repair of motor vehicles and motorcycles,E_AI_TANY,Cualquier IA,7.26,
CY,2025,G,Wholesale and retail trade; repair of motor vehicles and motorcycles,E_AI_TANY,Cualquier IA,4.38,
CZ,2025,G,Wholesale and retail trade; repair of motor vehicles and motorcycles,E_AI_TANY,Cualquier IA,19.17,
DE,2025,G,Wholesale and retail trade; repair of motor vehicles and motorcycles,E_AI_TANY,Cualquier IA,25.46,
DK,2025,G,Wholesale and retail trade; repair of motor vehicles and motorcycles,E_AI_TANY,Cualquier IA,44.8,
EE,2025,G,Wholesale and retail trade; repair of motor vehicles and motorcycles,E_AI_TANY,Cualquier IA,18.4,
EL,2025,G,Wholesale and retail trade; repair of motor vehicles and motorcycles,E_AI_TANY,Cualquier IA,9.49,
ES,2025,G,Wholesale and retail trade; repair of motor vehicles and motorcycles,E_AI_TANY,Cualquier IA,17.81,
EU27_2020,2025,G,Wholesale and retail trade; repair of motor vehicles and motorcycles,E_AI_TANY,Cualquier IA,18.62,
FI,2025,G,Wholesale and retail trade; repair of motor vehicles and motorcycles,E_AI_TANY,Cualquier IA,34.26,
FR,2025,G,Wholesale and retail trade; repair of motor vehicles and motorcycles,E_AI_TANY,Cualquier IA,12.9,
HR,2025,G,Wholesale and retail trade; repair of motor vehicles and motorcycles,E_AI_TANY,Cualquier IA,16.6,
HU,2025,G,Wholesale and retail trade; repair of motor vehicles and motorcycles,E_AI_TANY,Cualquier IA,9.79,
IE,2025,G,Wholesale and retail trade; repair of motor vehicles and motorcycles,E_AI_TANY,Cualquier IA,13.13,
IT,2025,G,Wholesale and retail trade; repair of motor vehicles and motorcycles,E_AI_TANY,Cualquier IA,18.13,
LT,2025,G,Wholesale and retail trade; repair of motor vehicles and motorcycles,E_AI_TANY,Cualquier IA,19.16,
LU,2025,G,Wholesale and retail trade; repair of motor vehicles and motorcycles,E_AI_TANY,Cualquier IA,27.24,
LV,2025,G,Wholesale and retail trade; repair of motor vehicles and motorcycles,E_AI_TANY,Cualquier IA,10.37,
MT,2025,G,Wholesale and retail trade; repair of motor vehicles and motorcycles,E_AI_TANY,Cualquier IA,14.75,
NL,2025,G,Wholesale and retail trade; repair of motor vehicles and motorcycles,E_AI_TANY,Cualquier IA,30.47,b
PL,2025,G,Wholesale and retail trade; repair of motor vehicles and motorcycles,E_AI_TANY,Cualquier IA,8.88,
PT,2025,G,Wholesale and retail trade; repair of motor vehicles and motorcycles,E_AI_TANY,Cualquier IA,8.71,
RO,2025,G,Wholesale and retail trade; repair of motor vehicles and motorcycles,E_AI_TANY,Cualquier IA,4.13,
SE,2025,G,Wholesale and retail trade; repair of motor vehicles and motorcycles,E_AI_TANY,Cualquier IA,33.13,
SI,2025,G,Wholesale and retail trade; repair of motor vehicles and motorcycles,E_AI_TANY,Cualquier IA,29.81,
SK,2025,G,Wholesale and retail trade; repair of motor vehicles and motorcycles,E_AI_TANY,Cualquier IA,19.26,
AT,2025,G,Wholesale and retail trade; repair of motor vehicles and motorcycles,E_AI_TAR,Robots autonomos,1.4,
BE,2025,G,Wholesale and retail trade; repair of motor vehicles and motorcycles,E_AI_TAR,Robots autonomos,2.64,
BG,2025,G,Wholesale and retail trade; repair of motor vehicles and motorcycles,E_AI_TAR,Robots autonomos,0.61,
CY,2025,G,Wholesale and retail trade; repair of motor vehicles and motorcycles,E_AI_TAR,Robots autonomos,0.28,
CZ,2025,G,Wholesale and retail trade; repair of motor vehicles and motorcycles,E_AI_TAR,Robots autonomos,0.82,
DE,2025,G,Wholesale and retail trade; repair of motor vehicles and motorcycles,E_AI_TAR,Robots autonomos,1.15,
DK,2025,G,Wholesale and retail trade; repair of motor vehicles and motorcycles,E_AI_TAR,Robots autonomos,5.5,
EE,2025,G,Wholesale and retail trade; repair of motor vehicles and motorcycles,E_AI_TAR,Robots autonomos,0.46,
EL,2025,G,Wholesale and retail trade; repair of motor vehicles and motorcycles,E_AI_TAR,Robots autonomos,0.26,
ES,2025,G,Wholesale and retail trade; repair of motor vehicles and motorcycles,E_AI_TAR,Robots autonomos,1.22,
EU27_2020,2025,G,Wholesale and retail trade; repair of motor vehicles and motorcycles,E_AI_TAR,Robots autonomos,1.16,
FI,2025,G,Wholesale and retail trade; repair of motor vehicles and motorcycles,E_AI_TAR,Robots autonomos,2.89,
FR,2025,G,Wholesale and retail trade; repair of motor vehicles and motorcycles,E_AI_TAR,Robots autonomos,1.82,
HR,2025,G,Wholesale and retail trade; repair of motor vehicles and motorcycles,E_AI_TAR,Robots autonomos,0.68,
HU,2025,G,Wholesale and retail trade; repair of motor vehicles and motorcycles,E_AI_TAR,Robots autonomos,0.82,
IE,2025,G,Wholesale and retail trade; repair of motor vehicles and motorcycles,E_AI_TAR,Robots autonomos,0.47,
IT,2025,G,Wholesale and retail trade; repair of motor vehicles and motorcycles,E_AI_TAR,Robots autonomos,0.72,
LT,2025,G,Wholesale and retail trade; repair of motor vehicles and motorcycles,E_AI_TAR,Robots autonomos,2.14,
LU,2025,G,Wholesale and retail trade; repair of motor vehicles and motorcycles,E_AI_TAR,Robots autonomos,1.45,
LV,2025,G,Wholesale and retail trade; repair of motor vehicles and motorcycles,E_AI_TAR,Robots autonomos,0.42,
MT,2025,G,Wholesale and retail trade; repair of motor vehicles and motorcycles,E_AI_TAR,Robots autonomos,1.72,
NL,2025,G,Wholesale and retail trade; repair of motor vehicles and motorcycles,E_AI_TAR,Robots autonomos,1.81,
PL,2025,G,Wholesale and retail trade; repair of motor vehicles and motorcycles,E_AI_TAR,Robots autonomos,0.45,
PT,2025,G,Wholesale and retail trade; repair of motor vehicles and motorcycles,E_AI_TAR,Robots autonomos,0.39,
RO,2025,G,Wholesale and retail trade; repair of motor vehicles and motorcycles,E_AI_TAR,Robots autonomos,0.47,
SE,2025,G,Wholesale and retail trade; repair of motor vehicles and motorcycles,E_AI_TAR,Robots autonomos,1.0,
SI,2025,G,Wholesale and retail trade; repair of motor vehicles and motorcycles,E_AI_TAR,Robots autonomos,2.02,
SK,2025,G,Wholesale and retail trade; repair of motor vehicles and motorcycles,E_AI_TAR,Robots autonomos,0.34,
AT,2025,G,Wholesale and retail trade; repair of motor vehicles and motorcycles,E_AI_TIR,Vision por computador,1.99,
BE,2025,G,Wholesale and retail trade; repair of motor vehicles and motorcycles,E_AI_TIR,Vision por computador,6.25,
BG,2025,G,Wholesale and retail trade; repair of motor vehicles and motorcycles,E_AI_TIR,Vision por computador,2.49,
CY,2025,G,Wholesale and retail trade; repair of motor vehicles and motorcycles,E_AI_TIR,Vision por computador,1.22,
CZ,2025,G,Wholesale and retail trade; repair of motor vehicles and motorcycles,E_AI_TIR,Vision por computador,1.29,
DE,2025,G,Wholesale and retail trade; repair of motor vehicles and motorcycles,E_AI_TIR,Vision por computador,3.21,
DK,2025,G,Wholesale and retail trade; repair of motor vehicles and motorcycles,E_AI_TIR,Vision por computador,7.76,
EE,2025,G,Wholesale and retail trade; repair of motor vehicles and motorcycles,E_AI_TIR,Vision por computador,1.84,
EL,2025,G,Wholesale and retail trade; repair of motor vehicles and motorcycles,E_AI_TIR,Vision por computador,3.13,
ES,2025,G,Wholesale and retail trade; repair of motor vehicles and motorcycles,E_AI_TIR,Vision por computador,5.1,
EU27_2020,2025,G,Wholesale and retail trade; repair of motor vehicles and motorcycles,E_AI_TIR,Vision por computador,3.21,
FI,2025,G,Wholesale and retail trade; repair of motor vehicles and motorcycles,E_AI_TIR,Vision por computador,7.5,
FR,2025,G,Wholesale and retail trade; repair of motor vehicles and motorcycles,E_AI_TIR,Vision por computador,2.45,
HR,2025,G,Wholesale and retail trade; repair of motor vehicles and motorcycles,E_AI_TIR,Vision por computador,3.44,
HU,2025,G,Wholesale and retail trade; repair of motor vehicles and motorcycles,E_AI_TIR,Vision por computador,2.72,
IE,2025,G,Wholesale and retail trade; repair of motor vehicles and motorcycles,E_AI_TIR,Vision por computador,0.82,
IT,2025,G,Wholesale and retail trade; repair of motor vehicles and motorcycles,E_AI_TIR,Vision por computador,3.87,
LT,2025,G,Wholesale and retail trade; repair of motor vehicles and motorcycles,E_AI_TIR,Vision por computador,4.45,
LU,2025,G,Wholesale and retail trade; repair of motor vehicles and motorcycles,E_AI_TIR,Vision por computador,3.07,
LV,2025,G,Wholesale and retail trade; repair of motor vehicles and motorcycles,E_AI_TIR,Vision por computador,2.42,
MT,2025,G,Wholesale and retail trade; repair of motor vehicles and motorcycles,E_AI_TIR,Vision por computador,1.9,
NL,2025,G,Wholesale and retail trade; repair of motor vehicles and motorcycles,E_AI_TIR,Vision por computador,4.43,
PL,2025,G,Wholesale and retail trade; repair of motor vehicles and motorcycles,E_AI_TIR,Vision por computador,1.56,
PT,2025,G,Wholesale and retail trade; repair of motor vehicles and motorcycles,E_AI_TIR,Vision por computador,1.8,
RO,2025,G,Wholesale and retail trade; repair of motor vehicles and motorcycles,E_AI_TIR,Vision por computador,0.79,
SE,2025,G,Wholesale and retail trade; repair of motor vehicles and motorcycles,E_AI_TIR,Vision por computador,4.5,
SI,2025,G,Wholesale and retail trade; repair of motor vehicles and motorcycles,E_AI_TIR,Vision por computador,11.01,
SK,2025,G,Wholesale and retail trade; repair of motor vehicles and motorcycles,E_AI_TIR,Vision por computador,3.39,
AT,2025,G,Wholesale and retail trade; repair of motor vehicles and motorcycles,E_AI_TML,Machine learning,5.93,
BE,2025,G,Wholesale and retail trade; repair of motor vehicles and motorcycles,E_AI_TML,Machine learning,9.04,
BG,2025,G,Wholesale and retail trade; repair of motor vehicles and motorcycles,E_AI_TML,Machine learning,1.56,
CY,2025,G,Wholesale and retail trade; repair of motor vehicles and motorcycles,E_AI_TML,Machine learning,1.17,
CZ,2025,G,Wholesale and retail trade; repair of motor vehicles and motorcycles,E_AI_TML,Machine learning,6.06,
DE,2025,G,Wholesale and retail trade; repair of motor vehicles and motorcycles,E_AI_TML,Machine learning,4.95,
DK,2025,G,Wholesale and retail trade; repair of motor vehicles and motorcycles,E_AI_TML,Machine learning,12.1,
EE,2025,G,Wholesale and retail trade; repair of motor vehicles and motorcycles,E_AI_TML,Machine learning,1.98,
EL,2025,G,Wholesale and retail trade; repair of motor vehicles and motorcycles,E_AI_TML,Machine learning,2.16,
ES,2025,G,Wholesale and retail trade; repair of motor vehicles and motorcycles,E_AI_TML,Machine learning,4.36,
EU27_2020,2025,G,Wholesale and retail trade; repair of motor vehicles and motorcycles,E_AI_TML,Machine learning,4.0,
FI,2025,G,Wholesale and retail trade; repair of motor vehicles and motorcycles,E_AI_TML,Machine learning,8.9,
FR,2025,G,Wholesale and retail trade; repair of motor vehicles and motorcycles,E_AI_TML,Machine learning,2.22,
HR,2025,G,Wholesale and retail trade; repair of motor vehicles and motorcycles,E_AI_TML,Machine learning,5.04,
HU,2025,G,Wholesale and retail trade; repair of motor vehicles and motorcycles,E_AI_TML,Machine learning,1.84,
IE,2025,G,Wholesale and retail trade; repair of motor vehicles and motorcycles,E_AI_TML,Machine learning,4.84,
IT,2025,G,Wholesale and retail trade; repair of motor vehicles and motorcycles,E_AI_TML,Machine learning,3.36,
LT,2025,G,Wholesale and retail trade; repair of motor vehicles and motorcycles,E_AI_TML,Machine learning,2.68,
LU,2025,G,Wholesale and retail trade; repair of motor vehicles and motorcycles,E_AI_TML,Machine learning,3.52,
LV,2025,G,Wholesale and retail trade; repair of motor vehicles and motorcycles,E_AI_TML,Machine learning,1.22,
MT,2025,G,Wholesale and retail trade; repair of motor vehicles and motorcycles,E_AI_TML,Machine learning,3.62,
NL,2025,G,Wholesale and retail trade; repair of motor vehicles and motorcycles,E_AI_TML,Machine learning,6.96,b
PL,2025,G,Wholesale and retail trade; repair of motor vehicles and motorcycles,E_AI_TML,Machine learning,1.44,
PT,2025,G,Wholesale and retail trade; repair of motor vehicles and motorcycles,E_AI_TML,Machine learning,2.7,
RO,2025,G,Wholesale and retail trade; repair of motor vehicles and motorcycles,E_AI_TML,Machine learning,1.52,
SE,2025,G,Wholesale and retail trade; repair of motor vehicles and motorcycles,E_AI_TML,Machine learning,8.14,
SI,2025,G,Wholesale and retail trade; repair of motor vehicles and motorcycles,E_AI_TML,Machine learning,7.2,
SK,2025,G,Wholesale and retail trade; repair of motor vehicles and motorcycles,E_AI_TML,Machine learning,2.59,
AT,2025,G,Wholesale and retail trade; repair of motor vehicles and motorcycles,E_AI_TNLG,Generacion de lenguaje,13.09,
BE,2025,G,Wholesale and retail trade; repair of motor vehicles and motorcycles,E_AI_TNLG,Generacion de lenguaje,15.75,
BG,2025,G,Wholesale and retail trade; repair of motor vehicles and motorcycles,E_AI_TNLG,Generacion de lenguaje,2.76,
CY,2025,G,Wholesale and retail trade; repair of motor vehicles and motorcycles,E_AI_TNLG,Generacion de lenguaje,1.62,
CZ,2025,G,Wholesale and retail trade; repair of motor vehicles and motorcycles,E_AI_TNLG,Generacion de lenguaje,15.67,
DE,2025,G,Wholesale and retail trade; repair of motor vehicles and motorcycles,E_AI_TNLG,Generacion de lenguaje,7.87,
DK,2025,G,Wholesale and retail trade; repair of motor vehicles and motorcycles,E_AI_TNLG,Generacion de lenguaje,34.54,
EE,2025,G,Wholesale and retail trade; repair of motor vehicles and motorcycles,E_AI_TNLG,Generacion de lenguaje,12.23,
EL,2025,G,Wholesale and retail trade; repair of motor vehicles and motorcycles,E_AI_TNLG,Generacion de lenguaje,4.41,
ES,2025,G,Wholesale and retail trade; repair of motor vehicles and motorcycles,E_AI_TNLG,Generacion de lenguaje,6.33,
EU27_2020,2025,G,Wholesale and retail trade; repair of motor vehicles and motorcycles,E_AI_TNLG,Generacion de lenguaje,7.84,
FI,2025,G,Wholesale and retail trade; repair of motor vehicles and motorcycles,E_AI_TNLG,Generacion de lenguaje,16.36,
FR,2025,G,Wholesale and retail trade; repair of motor vehicles and motorcycles,E_AI_TNLG,Generacion de lenguaje,5.67,
HR,2025,G,Wholesale and retail trade; repair of motor vehicles and motorcycles,E_AI_TNLG,Generacion de lenguaje,6.89,
HU,2025,G,Wholesale and retail trade; repair of motor vehicles and motorcycles,E_AI_TNLG,Generacion de lenguaje,2.98,
IE,2025,G,Wholesale and retail trade; repair of motor vehicles and motorcycles,E_AI_TNLG,Generacion de lenguaje,7.65,
IT,2025,G,Wholesale and retail trade; repair of motor vehicles and motorcycles,E_AI_TNLG,Generacion de lenguaje,6.55,
LT,2025,G,Wholesale and retail trade; repair of motor vehicles and motorcycles,E_AI_TNLG,Generacion de lenguaje,5.63,
LU,2025,G,Wholesale and retail trade; repair of motor vehicles and motorcycles,E_AI_TNLG,Generacion de lenguaje,10.07,
LV,2025,G,Wholesale and retail trade; repair of motor vehicles and motorcycles,E_AI_TNLG,Generacion de lenguaje,5.73,
MT,2025,G,Wholesale and retail trade; repair of motor vehicles and motorcycles,E_AI_TNLG,Generacion de lenguaje,3.01,
NL,2025,G,Wholesale and retail trade; repair of motor vehicles and motorcycles,E_AI_TNLG,Generacion de lenguaje,12.65,b
PL,2025,G,Wholesale and retail trade; repair of motor vehicles and motorcycles,E_AI_TNLG,Generacion de lenguaje,5.67,
PT,2025,G,Wholesale and retail trade; repair of motor vehicles and motorcycles,E_AI_TNLG,Generacion de lenguaje,4.36,
RO,2025,G,Wholesale and retail trade; repair of motor vehicles and motorcycles,E_AI_TNLG,Generacion de lenguaje,2.68,
SE,2025,G,Wholesale and retail trade; repair of motor vehicles and motorcycles,E_AI_TNLG,Generacion de lenguaje,17.8,
SI,2025,G,Wholesale and retail trade; repair of motor vehicles and motorcycles,E_AI_TNLG,Generacion de lenguaje,8.94,
SK,2025,G,Wholesale and retail trade; repair of motor vehicles and motorcycles,E_AI_TNLG,Generacion de lenguaje,8.37,
AT,2025,G,Wholesale and retail trade; repair of motor vehicles and motorcycles,E_AI_TPA,Automatizacion de procesos,4.84,
BE,2025,G,Wholesale and retail trade; repair of motor vehicles and motorcycles,E_AI_TPA,Automatizacion de procesos,9.18,
BG,2025,G,Wholesale and retail trade; repair of motor vehicles and motorcycles,E_AI_TPA,Automatizacion de procesos,2.9,
CY,2025,G,Wholesale and retail trade; repair of motor vehicles and motorcycles,E_AI_TPA,Automatizacion de procesos,1.12,
CZ,2025,G,Wholesale and retail trade; repair of motor vehicles and motorcycles,E_AI_TPA,Automatizacion de procesos,3.45,
DE,2025,G,Wholesale and retail trade; repair of motor vehicles and motorcycles,E_AI_TPA,Automatizacion de procesos,5.63,
DK,2025,G,Wholesale and retail trade; repair of motor vehicles and motorcycles,E_AI_TPA,Automatizacion de procesos,16.42,
EE,2025,G,Wholesale and retail trade; repair of motor vehicles and motorcycles,E_AI_TPA,Automatizacion de procesos,3.01,
EL,2025,G,Wholesale and retail trade; repair of motor vehicles and motorcycles,E_AI_TPA,Automatizacion de procesos,1.51,
ES,2025,G,Wholesale and retail trade; repair of motor vehicles and motorcycles,E_AI_TPA,Automatizacion de procesos,5.47,
EU27_2020,2025,G,Wholesale and retail trade; repair of motor vehicles and motorcycles,E_AI_TPA,Automatizacion de procesos,4.63,
FI,2025,G,Wholesale and retail trade; repair of motor vehicles and motorcycles,E_AI_TPA,Automatizacion de procesos,13.29,
FR,2025,G,Wholesale and retail trade; repair of motor vehicles and motorcycles,E_AI_TPA,Automatizacion de procesos,3.27,
HR,2025,G,Wholesale and retail trade; repair of motor vehicles and motorcycles,E_AI_TPA,Automatizacion de procesos,3.77,
HU,2025,G,Wholesale and retail trade; repair of motor vehicles and motorcycles,E_AI_TPA,Automatizacion de procesos,4.16,
IE,2025,G,Wholesale and retail trade; repair of motor vehicles and motorcycles,E_AI_TPA,Automatizacion de procesos,4.48,
IT,2025,G,Wholesale and retail trade; repair of motor vehicles and motorcycles,E_AI_TPA,Automatizacion de procesos,3.81,
LT,2025,G,Wholesale and retail trade; repair of motor vehicles and motorcycles,E_AI_TPA,Automatizacion de procesos,5.96,
LU,2025,G,Wholesale and retail trade; repair of motor vehicles and motorcycles,E_AI_TPA,Automatizacion de procesos,7.92,
LV,2025,G,Wholesale and retail trade; repair of motor vehicles and motorcycles,E_AI_TPA,Automatizacion de procesos,2.91,
MT,2025,G,Wholesale and retail trade; repair of motor vehicles and motorcycles,E_AI_TPA,Automatizacion de procesos,3.2,
NL,2025,G,Wholesale and retail trade; repair of motor vehicles and motorcycles,E_AI_TPA,Automatizacion de procesos,7.06,b
PL,2025,G,Wholesale and retail trade; repair of motor vehicles and motorcycles,E_AI_TPA,Automatizacion de procesos,2.42,
PT,2025,G,Wholesale and retail trade; repair of motor vehicles and motorcycles,E_AI_TPA,Automatizacion de procesos,2.57,
RO,2025,G,Wholesale and retail trade; repair of motor vehicles and motorcycles,E_AI_TPA,Automatizacion de procesos,1.19,
SE,2025,G,Wholesale and retail trade; repair of motor vehicles and motorcycles,E_AI_TPA,Automatizacion de procesos,8.44,
SI,2025,G,Wholesale and retail trade; repair of motor vehicles and motorcycles,E_AI_TPA,Automatizacion de procesos,5.29,
SK,2025,G,Wholesale and retail trade; repair of motor vehicles and motorcycles,E_AI_TPA,Automatizacion de procesos,4.58,
AT,2025,G,Wholesale and retail trade; repair of motor vehicles and motorcycles,E_AI_TPVSG,Generacion de imagen/audio,13.05,
BE,2025,G,Wholesale and retail trade; repair of motor vehicles and motorcycles,E_AI_TPVSG,Generacion de imagen/audio,16.49,
BG,2025,G,Wholesale and retail trade; repair of motor vehicles and motorcycles,E_AI_TPVSG,Generacion de imagen/audio,4.22,
CY,2025,G,Wholesale and retail trade; repair of motor vehicles and motorcycles,E_AI_TPVSG,Generacion de imagen/audio,2.8,
CZ,2025,G,Wholesale and retail trade; repair of motor vehicles and motorcycles,E_AI_TPVSG,Generacion de imagen/audio,12.13,
DE,2025,G,Wholesale and retail trade; repair of motor vehicles and motorcycles,E_AI_TPVSG,Generacion de imagen/audio,14.9,
DK,2025,G,Wholesale and retail trade; repair of motor vehicles and motorcycles,E_AI_TPVSG,Generacion de imagen/audio,20.86,
EE,2025,G,Wholesale and retail trade; repair of motor vehicles and motorcycles,E_AI_TPVSG,Generacion de imagen/audio,4.48,
EL,2025,G,Wholesale and retail trade; repair of motor vehicles and motorcycles,E_AI_TPVSG,Generacion de imagen/audio,5.65,
ES,2025,G,Wholesale and retail trade; repair of motor vehicles and motorcycles,E_AI_TPVSG,Generacion de imagen/audio,9.89,
EU27_2020,2025,G,Wholesale and retail trade; repair of motor vehicles and motorcycles,E_AI_TPVSG,Generacion de imagen/audio,9.69,
FI,2025,G,Wholesale and retail trade; repair of motor vehicles and motorcycles,E_AI_TPVSG,Generacion de imagen/audio,20.64,
FR,2025,G,Wholesale and retail trade; repair of motor vehicles and motorcycles,E_AI_TPVSG,Generacion de imagen/audio,5.7,
HR,2025,G,Wholesale and retail trade; repair of motor vehicles and motorcycles,E_AI_TPVSG,Generacion de imagen/audio,9.48,
HU,2025,G,Wholesale and retail trade; repair of motor vehicles and motorcycles,E_AI_TPVSG,Generacion de imagen/audio,5.28,
IE,2025,G,Wholesale and retail trade; repair of motor vehicles and motorcycles,E_AI_TPVSG,Generacion de imagen/audio,4.41,
IT,2025,G,Wholesale and retail trade; repair of motor vehicles and motorcycles,E_AI_TPVSG,Generacion de imagen/audio,8.99,
LT,2025,G,Wholesale and retail trade; repair of motor vehicles and motorcycles,E_AI_TPVSG,Generacion de imagen/audio,10.18,
LU,2025,G,Wholesale and retail trade; repair of motor vehicles and motorcycles,E_AI_TPVSG,Generacion de imagen/audio,11.7,
LV,2025,G,Wholesale and retail trade; repair of motor vehicles and motorcycles,E_AI_TPVSG,Generacion de imagen/audio,5.46,
MT,2025,G,Wholesale and retail trade; repair of motor vehicles and motorcycles,E_AI_TPVSG,Generacion de imagen/audio,4.12,
NL,2025,G,Wholesale and retail trade; repair of motor vehicles and motorcycles,E_AI_TPVSG,Generacion de imagen/audio,12.97,b
PL,2025,G,Wholesale and retail trade; repair of motor vehicles and motorcycles,E_AI_TPVSG,Generacion de imagen/audio,3.21,
PT,2025,G,Wholesale and retail trade; repair of motor vehicles and motorcycles,E_AI_TPVSG,Generacion de imagen/audio,4.61,
RO,2025,G,Wholesale and retail trade; repair of motor vehicles and motorcycles,E_AI_TPVSG,Generacion de imagen/audio,2.32,
SE,2025,G,Wholesale and retail trade; repair of motor vehicles and motorcycles,E_AI_TPVSG,Generacion de imagen/audio,18.57,
SI,2025,G,Wholesale and retail trade; repair of motor vehicles and motorcycles,E_AI_TPVSG,Generacion de imagen/audio,8.49,
SK,2025,G,Wholesale and retail trade; repair of motor vehicles and motorcycles,E_AI_TPVSG,Generacion de imagen/audio,14.11,
AT,2025,G,Wholesale and retail trade; repair of motor vehicles and motorcycles,E_AI_TSR,Reconocimiento de voz,7.3,
BE,2025,G,Wholesale and retail trade; repair of motor vehicles and motorcycles,E_AI_TSR,Reconocimiento de voz,11.68,
BG,2025,G,Wholesale and retail trade; repair of motor vehicles and motorcycles,E_AI_TSR,Reconocimiento de voz,1.58,
CY,2025,G,Wholesale and retail trade; repair of motor vehicles and motorcycles,E_AI_TSR,Reconocimiento de voz,0.88,
CZ,2025,G,Wholesale and retail trade; repair of motor vehicles and motorcycles,E_AI_TSR,Reconocimiento de voz,2.65,
DE,2025,G,Wholesale and retail trade; repair of motor vehicles and motorcycles,E_AI_TSR,Reconocimiento de voz,8.65,
DK,2025,G,Wholesale and retail trade; repair of motor vehicles and motorcycles,E_AI_TSR,Reconocimiento de voz,14.35,
EE,2025,G,Wholesale and retail trade; repair of motor vehicles and motorcycles,E_AI_TSR,Reconocimiento de voz,2.81,
EL,2025,G,Wholesale and retail trade; repair of motor vehicles and motorcycles,E_AI_TSR,Reconocimiento de voz,4.73,
ES,2025,G,Wholesale and retail trade; repair of motor vehicles and motorcycles,E_AI_TSR,Reconocimiento de voz,6.74,
EU27_2020,2025,G,Wholesale and retail trade; repair of motor vehicles and motorcycles,E_AI_TSR,Reconocimiento de voz,6.2,
FI,2025,G,Wholesale and retail trade; repair of motor vehicles and motorcycles,E_AI_TSR,Reconocimiento de voz,11.3,
FR,2025,G,Wholesale and retail trade; repair of motor vehicles and motorcycles,E_AI_TSR,Reconocimiento de voz,4.75,
HR,2025,G,Wholesale and retail trade; repair of motor vehicles and motorcycles,E_AI_TSR,Reconocimiento de voz,5.25,
HU,2025,G,Wholesale and retail trade; repair of motor vehicles and motorcycles,E_AI_TSR,Reconocimiento de voz,3.81,
IE,2025,G,Wholesale and retail trade; repair of motor vehicles and motorcycles,E_AI_TSR,Reconocimiento de voz,4.02,
IT,2025,G,Wholesale and retail trade; repair of motor vehicles and motorcycles,E_AI_TSR,Reconocimiento de voz,7.19,
LT,2025,G,Wholesale and retail trade; repair of motor vehicles and motorcycles,E_AI_TSR,Reconocimiento de voz,2.34,
LU,2025,G,Wholesale and retail trade; repair of motor vehicles and motorcycles,E_AI_TSR,Reconocimiento de voz,7.68,
LV,2025,G,Wholesale and retail trade; repair of motor vehicles and motorcycles,E_AI_TSR,Reconocimiento de voz,2.77,
MT,2025,G,Wholesale and retail trade; repair of motor vehicles and motorcycles,E_AI_TSR,Reconocimiento de voz,1.48,
NL,2025,G,Wholesale and retail trade; repair of motor vehicles and motorcycles,E_AI_TSR,Reconocimiento de voz,9.22,b
PL,2025,G,Wholesale and retail trade; repair of motor vehicles and motorcycles,E_AI_TSR,Reconocimiento de voz,1.71,
PT,2025,G,Wholesale and retail trade; repair of motor vehicles and motorcycles,E_AI_TSR,Reconocimiento de voz,3.32,
RO,2025,G,Wholesale and retail trade; repair of motor vehicles and motorcycles,E_AI_TSR,Reconocimiento de voz,1.82,
SE,2025,G,Wholesale and retail trade; repair of motor vehicles and motorcycles,E_AI_TSR,Reconocimiento de voz,10.0,
SI,2025,G,Wholesale and retail trade; repair of motor vehicles and motorcycles,E_AI_TSR,Reconocimiento de voz,8.17,
SK,2025,G,Wholesale and retail trade; repair of motor vehicles and motorcycles,E_AI_TSR,Reconocimiento de voz,5.3,
AT,2025,G,Wholesale and retail trade; repair of motor vehicles and motorcycles,E_AI_TTM,Mineria de texto,18.58,
BE,2025,G,Wholesale and retail trade; repair of motor vehicles and motorcycles,E_AI_TTM,Mineria de texto,20.68,
BG,2025,G,Wholesale and retail trade; repair of motor vehicles and motorcycles,E_AI_TTM,Mineria de texto,3.92,
CY,2025,G,Wholesale and retail trade; repair of motor vehicles and motorcycles,E_AI_TTM,Mineria de texto,2.67,
CZ,2025,G,Wholesale and retail trade; repair of motor vehicles and motorcycles,E_AI_TTM,Mineria de texto,7.23,
DE,2025,G,Wholesale and retail trade; repair of motor vehicles and motorcycles,E_AI_TTM,Mineria de texto,12.41,
DK,2025,G,Wholesale and retail trade; repair of motor vehicles and motorcycles,E_AI_TTM,Mineria de texto,30.79,
EE,2025,G,Wholesale and retail trade; repair of motor vehicles and motorcycles,E_AI_TTM,Mineria de texto,8.43,
EL,2025,G,Wholesale and retail trade; repair of motor vehicles and motorcycles,E_AI_TTM,Mineria de texto,7.11,
ES,2025,G,Wholesale and retail trade; repair of motor vehicles and motorcycles,E_AI_TTM,Mineria de texto,8.38,
EU27_2020,2025,G,Wholesale and retail trade; repair of motor vehicles and motorcycles,E_AI_TTM,Mineria de texto,10.53,
FI,2025,G,Wholesale and retail trade; repair of motor vehicles and motorcycles,E_AI_TTM,Mineria de texto,25.67,
FR,2025,G,Wholesale and retail trade; repair of motor vehicles and motorcycles,E_AI_TTM,Mineria de texto,6.88,
HR,2025,G,Wholesale and retail trade; repair of motor vehicles and motorcycles,E_AI_TTM,Mineria de texto,9.4,
HU,2025,G,Wholesale and retail trade; repair of motor vehicles and motorcycles,E_AI_TTM,Mineria de texto,4.94,
IE,2025,G,Wholesale and retail trade; repair of motor vehicles and motorcycles,E_AI_TTM,Mineria de texto,5.42,
IT,2025,G,Wholesale and retail trade; repair of motor vehicles and motorcycles,E_AI_TTM,Mineria de texto,12.5,
LT,2025,G,Wholesale and retail trade; repair of motor vehicles and motorcycles,E_AI_TTM,Mineria de texto,14.47,
LU,2025,G,Wholesale and retail trade; repair of motor vehicles and motorcycles,E_AI_TTM,Mineria de texto,18.69,
LV,2025,G,Wholesale and retail trade; repair of motor vehicles and motorcycles,E_AI_TTM,Mineria de texto,8.29,
MT,2025,G,Wholesale and retail trade; repair of motor vehicles and motorcycles,E_AI_TTM,Mineria de texto,8.29,
NL,2025,G,Wholesale and retail trade; repair of motor vehicles and motorcycles,E_AI_TTM,Mineria de texto,20.22,b
PL,2025,G,Wholesale and retail trade; repair of motor vehicles and motorcycles,E_AI_TTM,Mineria de texto,2.48,
PT,2025,G,Wholesale and retail trade; repair of motor vehicles and motorcycles,E_AI_TTM,Mineria de texto,5.58,
RO,2025,G,Wholesale and retail trade; repair of motor vehicles and motorcycles,E_AI_TTM,Mineria de texto,2.84,
SE,2025,G,Wholesale and retail trade; repair of motor vehicles and motorcycles,E_AI_TTM,Mineria de texto,23.02,
SI,2025,G,Wholesale and retail trade; repair of motor vehicles and motorcycles,E_AI_TTM,Mineria de texto,20.33,
SK,2025,G,Wholesale and retail trade; repair of motor vehicles and motorcycles,E_AI_TTM,Mineria de texto,11.4,
AT,2025,H,Transportation and storage,E_AI_TANY,Cualquier IA,19.37,
BE,2025,H,Transportation and storage,E_AI_TANY,Cualquier IA,22.36,
BG,2025,H,Transportation and storage,E_AI_TANY,Cualquier IA,5.71,
CY,2025,H,Transportation and storage,E_AI_TANY,Cualquier IA,5.52,
CZ,2025,H,Transportation and storage,E_AI_TANY,Cualquier IA,6.06,
DE,2025,H,Transportation and storage,E_AI_TANY,Cualquier IA,12.22,
DK,2025,H,Transportation and storage,E_AI_TANY,Cualquier IA,26.9,
EE,2025,H,Transportation and storage,E_AI_TANY,Cualquier IA,13.99,
EL,2025,H,Transportation and storage,E_AI_TANY,Cualquier IA,9.56,
ES,2025,H,Transportation and storage,E_AI_TANY,Cualquier IA,14.69,
EU27_2020,2025,H,Transportation and storage,E_AI_TANY,Cualquier IA,11.15,
FI,2025,H,Transportation and storage,E_AI_TANY,Cualquier IA,12.93,
FR,2025,H,Transportation and storage,E_AI_TANY,Cualquier IA,8.96,
HR,2025,H,Transportation and storage,E_AI_TANY,Cualquier IA,4.83,
HU,2025,H,Transportation and storage,E_AI_TANY,Cualquier IA,5.86,
IE,2025,H,Transportation and storage,E_AI_TANY,Cualquier IA,16.76,
IT,2025,H,Transportation and storage,E_AI_TANY,Cualquier IA,11.62,
LT,2025,H,Transportation and storage,E_AI_TANY,Cualquier IA,20.02,
LU,2025,H,Transportation and storage,E_AI_TANY,Cualquier IA,27.9,
LV,2025,H,Transportation and storage,E_AI_TANY,Cualquier IA,5.9,
MT,2025,H,Transportation and storage,E_AI_TANY,Cualquier IA,18.55,
NL,2025,H,Transportation and storage,E_AI_TANY,Cualquier IA,19.65,
PL,2025,H,Transportation and storage,E_AI_TANY,Cualquier IA,2.97,
PT,2025,H,Transportation and storage,E_AI_TANY,Cualquier IA,14.81,
RO,2025,H,Transportation and storage,E_AI_TANY,Cualquier IA,3.07,
SE,2025,H,Transportation and storage,E_AI_TANY,Cualquier IA,12.17,
SI,2025,H,Transportation and storage,E_AI_TANY,Cualquier IA,8.51,
SK,2025,H,Transportation and storage,E_AI_TANY,Cualquier IA,15.78,
AT,2025,H,Transportation and storage,E_AI_TAR,Robots autonomos,1.68,
BE,2025,H,Transportation and storage,E_AI_TAR,Robots autonomos,5.43,
BG,2025,H,Transportation and storage,E_AI_TAR,Robots autonomos,,u
CY,2025,H,Transportation and storage,E_AI_TAR,Robots autonomos,0.87,
CZ,2025,H,Transportation and storage,E_AI_TAR,Robots autonomos,0.51,
DE,2025,H,Transportation and storage,E_AI_TAR,Robots autonomos,0.42,
DK,2025,H,Transportation and storage,E_AI_TAR,Robots autonomos,5.87,
EE,2025,H,Transportation and storage,E_AI_TAR,Robots autonomos,1.32,
EL,2025,H,Transportation and storage,E_AI_TAR,Robots autonomos,0.25,
ES,2025,H,Transportation and storage,E_AI_TAR,Robots autonomos,0.89,
EU27_2020,2025,H,Transportation and storage,E_AI_TAR,Robots autonomos,0.85,
FI,2025,H,Transportation and storage,E_AI_TAR,Robots autonomos,1.03,
FR,2025,H,Transportation and storage,E_AI_TAR,Robots autonomos,0.3,
HR,2025,H,Transportation and storage,E_AI_TAR,Robots autonomos,,@C
HU,2025,H,Transportation and storage,E_AI_TAR,Robots autonomos,0.17,
IE,2025,H,Transportation and storage,E_AI_TAR,Robots autonomos,0.44,
IT,2025,H,Transportation and storage,E_AI_TAR,Robots autonomos,0.53,
LT,2025,H,Transportation and storage,E_AI_TAR,Robots autonomos,4.66,
LU,2025,H,Transportation and storage,E_AI_TAR,Robots autonomos,1.4,
LV,2025,H,Transportation and storage,E_AI_TAR,Robots autonomos,1.56,
MT,2025,H,Transportation and storage,E_AI_TAR,Robots autonomos,1.63,
NL,2025,H,Transportation and storage,E_AI_TAR,Robots autonomos,2.4,
PL,2025,H,Transportation and storage,E_AI_TAR,Robots autonomos,0.23,
PT,2025,H,Transportation and storage,E_AI_TAR,Robots autonomos,2.43,
RO,2025,H,Transportation and storage,E_AI_TAR,Robots autonomos,0.11,
SE,2025,H,Transportation and storage,E_AI_TAR,Robots autonomos,1.23,
SI,2025,H,Transportation and storage,E_AI_TAR,Robots autonomos,1.09,
SK,2025,H,Transportation and storage,E_AI_TAR,Robots autonomos,0.18,
AT,2025,H,Transportation and storage,E_AI_TIR,Vision por computador,4.02,
BE,2025,H,Transportation and storage,E_AI_TIR,Vision por computador,4.17,
BG,2025,H,Transportation and storage,E_AI_TIR,Vision por computador,,u
CY,2025,H,Transportation and storage,E_AI_TIR,Vision por computador,1.33,
CZ,2025,H,Transportation and storage,E_AI_TIR,Vision por computador,0.75,
DE,2025,H,Transportation and storage,E_AI_TIR,Vision por computador,1.88,
DK,2025,H,Transportation and storage,E_AI_TIR,Vision por computador,5.55,
EE,2025,H,Transportation and storage,E_AI_TIR,Vision por computador,4.26,
EL,2025,H,Transportation and storage,E_AI_TIR,Vision por computador,1.06,
ES,2025,H,Transportation and storage,E_AI_TIR,Vision por computador,4.44,
EU27_2020,2025,H,Transportation and storage,E_AI_TIR,Vision por computador,2.25,
FI,2025,H,Transportation and storage,E_AI_TIR,Vision por computador,1.46,
FR,2025,H,Transportation and storage,E_AI_TIR,Vision por computador,2.15,
HR,2025,H,Transportation and storage,E_AI_TIR,Vision por computador,,@C
HU,2025,H,Transportation and storage,E_AI_TIR,Vision por computador,1.51,
IE,2025,H,Transportation and storage,E_AI_TIR,Vision por computador,0.54,
IT,2025,H,Transportation and storage,E_AI_TIR,Vision por computador,1.47,
LT,2025,H,Transportation and storage,E_AI_TIR,Vision por computador,5.23,
LU,2025,H,Transportation and storage,E_AI_TIR,Vision por computador,1.98,
LV,2025,H,Transportation and storage,E_AI_TIR,Vision por computador,3.11,
MT,2025,H,Transportation and storage,E_AI_TIR,Vision por computador,5.88,
NL,2025,H,Transportation and storage,E_AI_TIR,Vision por computador,4.11,
PL,2025,H,Transportation and storage,E_AI_TIR,Vision por computador,0.58,
PT,2025,H,Transportation and storage,E_AI_TIR,Vision por computador,5.34,
RO,2025,H,Transportation and storage,E_AI_TIR,Vision por computador,0.72,
SE,2025,H,Transportation and storage,E_AI_TIR,Vision por computador,3.08,
SI,2025,H,Transportation and storage,E_AI_TIR,Vision por computador,4.99,
SK,2025,H,Transportation and storage,E_AI_TIR,Vision por computador,3.44,
AT,2025,H,Transportation and storage,E_AI_TML,Machine learning,5.71,
BE,2025,H,Transportation and storage,E_AI_TML,Machine learning,8.71,
BG,2025,H,Transportation and storage,E_AI_TML,Machine learning,1.93,
CY,2025,H,Transportation and storage,E_AI_TML,Machine learning,2.07,
CZ,2025,H,Transportation and storage,E_AI_TML,Machine learning,2.01,
DE,2025,H,Transportation and storage,E_AI_TML,Machine learning,1.77,
DK,2025,H,Transportation and storage,E_AI_TML,Machine learning,12.88,
EE,2025,H,Transportation and storage,E_AI_TML,Machine learning,1.88,
EL,2025,H,Transportation and storage,E_AI_TML,Machine learning,5.1,
ES,2025,H,Transportation and storage,E_AI_TML,Machine learning,2.91,
EU27_2020,2025,H,Transportation and storage,E_AI_TML,Machine learning,2.69,
FI,2025,H,Transportation and storage,E_AI_TML,Machine learning,3.47,
FR,2025,H,Transportation and storage,E_AI_TML,Machine learning,3.37,
HR,2025,H,Transportation and storage,E_AI_TML,Machine learning,0.36,
HU,2025,H,Transportation and storage,E_AI_TML,Machine learning,1.59,
IE,2025,H,Transportation and storage,E_AI_TML,Machine learning,3.07,
IT,2025,H,Transportation and storage,E_AI_TML,Machine learning,1.7,
LT,2025,H,Transportation and storage,E_AI_TML,Machine learning,5.69,
LU,2025,H,Transportation and storage,E_AI_TML,Machine learning,4.41,
LV,2025,H,Transportation and storage,E_AI_TML,Machine learning,2.58,
MT,2025,H,Transportation and storage,E_AI_TML,Machine learning,7.44,
NL,2025,H,Transportation and storage,E_AI_TML,Machine learning,6.54,
PL,2025,H,Transportation and storage,E_AI_TML,Machine learning,0.8,
PT,2025,H,Transportation and storage,E_AI_TML,Machine learning,3.29,
RO,2025,H,Transportation and storage,E_AI_TML,Machine learning,1.86,
SE,2025,H,Transportation and storage,E_AI_TML,Machine learning,2.63,
SI,2025,H,Transportation and storage,E_AI_TML,Machine learning,0.75,
SK,2025,H,Transportation and storage,E_AI_TML,Machine learning,2.47,
AT,2025,H,Transportation and storage,E_AI_TNLG,Generacion de lenguaje,10.27,
BE,2025,H,Transportation and storage,E_AI_TNLG,Generacion de lenguaje,11.05,
BG,2025,H,Transportation and storage,E_AI_TNLG,Generacion de lenguaje,2.25,
CY,2025,H,Transportation and storage,E_AI_TNLG,Generacion de lenguaje,1.61,
CZ,2025,H,Transportation and storage,E_AI_TNLG,Generacion de lenguaje,3.19,
DE,2025,H,Transportation and storage,E_AI_TNLG,Generacion de lenguaje,3.53,
DK,2025,H,Transportation and storage,E_AI_TNLG,Generacion de lenguaje,15.82,
EE,2025,H,Transportation and storage,E_AI_TNLG,Generacion de lenguaje,6.23,
EL,2025,H,Transportation and storage,E_AI_TNLG,Generacion de lenguaje,3.58,
ES,2025,H,Transportation and storage,E_AI_TNLG,Generacion de lenguaje,5.47,
EU27_2020,2025,H,Transportation and storage,E_AI_TNLG,Generacion de lenguaje,3.92,
FI,2025,H,Transportation and storage,E_AI_TNLG,Generacion de lenguaje,4.58,
FR,2025,H,Transportation and storage,E_AI_TNLG,Generacion de lenguaje,2.96,
HR,2025,H,Transportation and storage,E_AI_TNLG,Generacion de lenguaje,3.14,
HU,2025,H,Transportation and storage,E_AI_TNLG,Generacion de lenguaje,1.27,
IE,2025,H,Transportation and storage,E_AI_TNLG,Generacion de lenguaje,5.68,
IT,2025,H,Transportation and storage,E_AI_TNLG,Generacion de lenguaje,2.13,
LT,2025,H,Transportation and storage,E_AI_TNLG,Generacion de lenguaje,7.66,
LU,2025,H,Transportation and storage,E_AI_TNLG,Generacion de lenguaje,9.48,
LV,2025,H,Transportation and storage,E_AI_TNLG,Generacion de lenguaje,1.94,
MT,2025,H,Transportation and storage,E_AI_TNLG,Generacion de lenguaje,5.31,
NL,2025,H,Transportation and storage,E_AI_TNLG,Generacion de lenguaje,8.39,
PL,2025,H,Transportation and storage,E_AI_TNLG,Generacion de lenguaje,1.9,
PT,2025,H,Transportation and storage,E_AI_TNLG,Generacion de lenguaje,4.62,
RO,2025,H,Transportation and storage,E_AI_TNLG,Generacion de lenguaje,0.87,
SE,2025,H,Transportation and storage,E_AI_TNLG,Generacion de lenguaje,6.34,
SI,2025,H,Transportation and storage,E_AI_TNLG,Generacion de lenguaje,3.4,
SK,2025,H,Transportation and storage,E_AI_TNLG,Generacion de lenguaje,4.14,
AT,2025,H,Transportation and storage,E_AI_TPA,Automatizacion de procesos,4.0,
BE,2025,H,Transportation and storage,E_AI_TPA,Automatizacion de procesos,9.82,
BG,2025,H,Transportation and storage,E_AI_TPA,Automatizacion de procesos,0.67,
CY,2025,H,Transportation and storage,E_AI_TPA,Automatizacion de procesos,2.07,
CZ,2025,H,Transportation and storage,E_AI_TPA,Automatizacion de procesos,1.35,
DE,2025,H,Transportation and storage,E_AI_TPA,Automatizacion de procesos,3.0,
DK,2025,H,Transportation and storage,E_AI_TPA,Automatizacion de procesos,14.03,
EE,2025,H,Transportation and storage,E_AI_TPA,Automatizacion de procesos,4.62,
EL,2025,H,Transportation and storage,E_AI_TPA,Automatizacion de procesos,0.89,
ES,2025,H,Transportation and storage,E_AI_TPA,Automatizacion de procesos,3.37,
EU27_2020,2025,H,Transportation and storage,E_AI_TPA,Automatizacion de procesos,2.78,
FI,2025,H,Transportation and storage,E_AI_TPA,Automatizacion de procesos,6.87,
FR,2025,H,Transportation and storage,E_AI_TPA,Automatizacion de procesos,2.52,
HR,2025,H,Transportation and storage,E_AI_TPA,Automatizacion de procesos,0.62,
HU,2025,H,Transportation and storage,E_AI_TPA,Automatizacion de procesos,1.88,
IE,2025,H,Transportation and storage,E_AI_TPA,Automatizacion de procesos,0.52,
IT,2025,H,Transportation and storage,E_AI_TPA,Automatizacion de procesos,0.86,
LT,2025,H,Transportation and storage,E_AI_TPA,Automatizacion de procesos,10.24,
LU,2025,H,Transportation and storage,E_AI_TPA,Automatizacion de procesos,5.08,
LV,2025,H,Transportation and storage,E_AI_TPA,Automatizacion de procesos,2.61,
MT,2025,H,Transportation and storage,E_AI_TPA,Automatizacion de procesos,4.74,
NL,2025,H,Transportation and storage,E_AI_TPA,Automatizacion de procesos,5.25,
PL,2025,H,Transportation and storage,E_AI_TPA,Automatizacion de procesos,1.17,
PT,2025,H,Transportation and storage,E_AI_TPA,Automatizacion de procesos,3.39,
RO,2025,H,Transportation and storage,E_AI_TPA,Automatizacion de procesos,1.33,
SE,2025,H,Transportation and storage,E_AI_TPA,Automatizacion de procesos,2.92,
SI,2025,H,Transportation and storage,E_AI_TPA,Automatizacion de procesos,1.59,
SK,2025,H,Transportation and storage,E_AI_TPA,Automatizacion de procesos,4.92,
AT,2025,H,Transportation and storage,E_AI_TPVSG,Generacion de imagen/audio,8.06,
BE,2025,H,Transportation and storage,E_AI_TPVSG,Generacion de imagen/audio,8.07,
BG,2025,H,Transportation and storage,E_AI_TPVSG,Generacion de imagen/audio,1.45,
CY,2025,H,Transportation and storage,E_AI_TPVSG,Generacion de imagen/audio,0.87,
CZ,2025,H,Transportation and storage,E_AI_TPVSG,Generacion de imagen/audio,2.69,
DE,2025,H,Transportation and storage,E_AI_TPVSG,Generacion de imagen/audio,4.31,
DK,2025,H,Transportation and storage,E_AI_TPVSG,Generacion de imagen/audio,11.41,
EE,2025,H,Transportation and storage,E_AI_TPVSG,Generacion de imagen/audio,3.03,
EL,2025,H,Transportation and storage,E_AI_TPVSG,Generacion de imagen/audio,1.91,
ES,2025,H,Transportation and storage,E_AI_TPVSG,Generacion de imagen/audio,8.17,
EU27_2020,2025,H,Transportation and storage,E_AI_TPVSG,Generacion de imagen/audio,4.01,
FI,2025,H,Transportation and storage,E_AI_TPVSG,Generacion de imagen/audio,7.27,
FR,2025,H,Transportation and storage,E_AI_TPVSG,Generacion de imagen/audio,3.52,
HR,2025,H,Transportation and storage,E_AI_TPVSG,Generacion de imagen/audio,0.73,
HU,2025,H,Transportation and storage,E_AI_TPVSG,Generacion de imagen/audio,1.35,
IE,2025,H,Transportation and storage,E_AI_TPVSG,Generacion de imagen/audio,2.85,
IT,2025,H,Transportation and storage,E_AI_TPVSG,Generacion de imagen/audio,2.72,
LT,2025,H,Transportation and storage,E_AI_TPVSG,Generacion de imagen/audio,8.17,
LU,2025,H,Transportation and storage,E_AI_TPVSG,Generacion de imagen/audio,7.15,
LV,2025,H,Transportation and storage,E_AI_TPVSG,Generacion de imagen/audio,2.37,
MT,2025,H,Transportation and storage,E_AI_TPVSG,Generacion de imagen/audio,5.31,
NL,2025,H,Transportation and storage,E_AI_TPVSG,Generacion de imagen/audio,6.23,
PL,2025,H,Transportation and storage,E_AI_TPVSG,Generacion de imagen/audio,0.53,
PT,2025,H,Transportation and storage,E_AI_TPVSG,Generacion de imagen/audio,7.87,
RO,2025,H,Transportation and storage,E_AI_TPVSG,Generacion de imagen/audio,0.84,
SE,2025,H,Transportation and storage,E_AI_TPVSG,Generacion de imagen/audio,4.71,
SI,2025,H,Transportation and storage,E_AI_TPVSG,Generacion de imagen/audio,1.21,
SK,2025,H,Transportation and storage,E_AI_TPVSG,Generacion de imagen/audio,5.55,
AT,2025,H,Transportation and storage,E_AI_TSR,Reconocimiento de voz,4.56,
BE,2025,H,Transportation and storage,E_AI_TSR,Reconocimiento de voz,8.46,
BG,2025,H,Transportation and storage,E_AI_TSR,Reconocimiento de voz,1.9,
CY,2025,H,Transportation and storage,E_AI_TSR,Reconocimiento de voz,0.79,
CZ,2025,H,Transportation and storage,E_AI_TSR,Reconocimiento de voz,1.76,
DE,2025,H,Transportation and storage,E_AI_TSR,Reconocimiento de voz,5.59,
DK,2025,H,Transportation and storage,E_AI_TSR,Reconocimiento de voz,10.5,
EE,2025,H,Transportation and storage,E_AI_TSR,Reconocimiento de voz,2.73,
EL,2025,H,Transportation and storage,E_AI_TSR,Reconocimiento de voz,2.48,
ES,2025,H,Transportation and storage,E_AI_TSR,Reconocimiento de voz,5.74,
EU27_2020,2025,H,Transportation and storage,E_AI_TSR,Reconocimiento de voz,4.04,
FI,2025,H,Transportation and storage,E_AI_TSR,Reconocimiento de voz,3.38,
FR,2025,H,Transportation and storage,E_AI_TSR,Reconocimiento de voz,1.67,
HR,2025,H,Transportation and storage,E_AI_TSR,Reconocimiento de voz,1.63,
HU,2025,H,Transportation and storage,E_AI_TSR,Reconocimiento de voz,1.2,
IE,2025,H,Transportation and storage,E_AI_TSR,Reconocimiento de voz,4.02,
IT,2025,H,Transportation and storage,E_AI_TSR,Reconocimiento de voz,6.47,
LT,2025,H,Transportation and storage,E_AI_TSR,Reconocimiento de voz,5.79,
LU,2025,H,Transportation and storage,E_AI_TSR,Reconocimiento de voz,7.68,
LV,2025,H,Transportation and storage,E_AI_TSR,Reconocimiento de voz,2.47,
MT,2025,H,Transportation and storage,E_AI_TSR,Reconocimiento de voz,5.89,
NL,2025,H,Transportation and storage,E_AI_TSR,Reconocimiento de voz,5.43,
PL,2025,H,Transportation and storage,E_AI_TSR,Reconocimiento de voz,0.48,
PT,2025,H,Transportation and storage,E_AI_TSR,Reconocimiento de voz,3.37,
RO,2025,H,Transportation and storage,E_AI_TSR,Reconocimiento de voz,0.84,
SE,2025,H,Transportation and storage,E_AI_TSR,Reconocimiento de voz,3.19,
SI,2025,H,Transportation and storage,E_AI_TSR,Reconocimiento de voz,1.21,
SK,2025,H,Transportation and storage,E_AI_TSR,Reconocimiento de voz,3.62,
AT,2025,H,Transportation and storage,E_AI_TTM,Mineria de texto,16.25,
BE,2025,H,Transportation and storage,E_AI_TTM,Mineria de texto,17.81,
BG,2025,H,Transportation and storage,E_AI_TTM,Mineria de texto,3.41,
CY,2025,H,Transportation and storage,E_AI_TTM,Mineria de texto,2.99,
CZ,2025,H,Transportation and storage,E_AI_TTM,Mineria de texto,3.88,
DE,2025,H,Transportation and storage,E_AI_TTM,Mineria de texto,6.31,
DK,2025,H,Transportation and storage,E_AI_TTM,Mineria de texto,16.54,
EE,2025,H,Transportation and storage,E_AI_TTM,Mineria de texto,4.08,
EL,2025,H,Transportation and storage,E_AI_TTM,Mineria de texto,4.78,
ES,2025,H,Transportation and storage,E_AI_TTM,Mineria de texto,5.62,
EU27_2020,2025,H,Transportation and storage,E_AI_TTM,Mineria de texto,5.92,
FI,2025,H,Transportation and storage,E_AI_TTM,Mineria de texto,8.61,
FR,2025,H,Transportation and storage,E_AI_TTM,Mineria de texto,3.06,
HR,2025,H,Transportation and storage,E_AI_TTM,Mineria de texto,2.31,
HU,2025,H,Transportation and storage,E_AI_TTM,Mineria de texto,2.88,
IE,2025,H,Transportation and storage,E_AI_TTM,Mineria de texto,8.48,
IT,2025,H,Transportation and storage,E_AI_TTM,Mineria de texto,6.14,
LT,2025,H,Transportation and storage,E_AI_TTM,Mineria de texto,12.52,
LU,2025,H,Transportation and storage,E_AI_TTM,Mineria de texto,20.87,
LV,2025,H,Transportation and storage,E_AI_TTM,Mineria de texto,5.05,
MT,2025,H,Transportation and storage,E_AI_TTM,Mineria de texto,10.7,
NL,2025,H,Transportation and storage,E_AI_TTM,Mineria de texto,12.99,
PL,2025,H,Transportation and storage,E_AI_TTM,Mineria de texto,0.68,
PT,2025,H,Transportation and storage,E_AI_TTM,Mineria de texto,8.63,
RO,2025,H,Transportation and storage,E_AI_TTM,Mineria de texto,1.61,
SE,2025,H,Transportation and storage,E_AI_TTM,Mineria de texto,6.37,
SI,2025,H,Transportation and storage,E_AI_TTM,Mineria de texto,4.87,
SK,2025,H,Transportation and storage,E_AI_TTM,Mineria de texto,8.47,
AT,2025,I,Accommodation and food service activities,E_AI_TANY,Cualquier IA,23.72,
BE,2025,I,Accommodation and food service activities,E_AI_TANY,Cualquier IA,18.45,
BG,2025,I,Accommodation and food service activities,E_AI_TANY,Cualquier IA,3.95,
CY,2025,I,Accommodation and food service activities,E_AI_TANY,Cualquier IA,4.56,
CZ,2025,I,Accommodation and food service activities,E_AI_TANY,Cualquier IA,10.14,
DE,2025,I,Accommodation and food service activities,E_AI_TANY,Cualquier IA,14.63,
DK,2025,I,Accommodation and food service activities,E_AI_TANY,Cualquier IA,25.2,
EE,2025,I,Accommodation and food service activities,E_AI_TANY,Cualquier IA,16.25,
EL,2025,I,Accommodation and food service activities,E_AI_TANY,Cualquier IA,3.39,
ES,2025,I,Accommodation and food service activities,E_AI_TANY,Cualquier IA,15.23,
EU27_2020,2025,I,Accommodation and food service activities,E_AI_TANY,Cualquier IA,11.98,
FI,2025,I,Accommodation and food service activities,E_AI_TANY,Cualquier IA,23.53,
FR,2025,I,Accommodation and food service activities,E_AI_TANY,Cualquier IA,11.83,
HR,2025,I,Accommodation and food service activities,E_AI_TANY,Cualquier IA,6.16,
HU,2025,I,Accommodation and food service activities,E_AI_TANY,Cualquier IA,5.2,
IE,2025,I,Accommodation and food service activities,E_AI_TANY,Cualquier IA,13.55,
IT,2025,I,Accommodation and food service activities,E_AI_TANY,Cualquier IA,11.73,
LT,2025,I,Accommodation and food service activities,E_AI_TANY,Cualquier IA,8.0,
LU,2025,I,Accommodation and food service activities,E_AI_TANY,Cualquier IA,16.95,
LV,2025,I,Accommodation and food service activities,E_AI_TANY,Cualquier IA,4.46,
MT,2025,I,Accommodation and food service activities,E_AI_TANY,Cualquier IA,10.34,
NL,2025,I,Accommodation and food service activities,E_AI_TANY,Cualquier IA,16.03,
PL,2025,I,Accommodation and food service activities,E_AI_TANY,Cualquier IA,5.57,
PT,2025,I,Accommodation and food service activities,E_AI_TANY,Cualquier IA,8.25,
RO,2025,I,Accommodation and food service activities,E_AI_TANY,Cualquier IA,1.71,
SE,2025,I,Accommodation and food service activities,E_AI_TANY,Cualquier IA,23.74,
SI,2025,I,Accommodation and food service activities,E_AI_TANY,Cualquier IA,12.62,
SK,2025,I,Accommodation and food service activities,E_AI_TANY,Cualquier IA,9.82,
AT,2025,I,Accommodation and food service activities,E_AI_TAR,Robots autonomos,1.43,
BE,2025,I,Accommodation and food service activities,E_AI_TAR,Robots autonomos,0.3,
BG,2025,I,Accommodation and food service activities,E_AI_TAR,Robots autonomos,0.0,
CY,2025,I,Accommodation and food service activities,E_AI_TAR,Robots autonomos,0.37,
CZ,2025,I,Accommodation and food service activities,E_AI_TAR,Robots autonomos,0.26,
DE,2025,I,Accommodation and food service activities,E_AI_TAR,Robots autonomos,1.22,
DK,2025,I,Accommodation and food service activities,E_AI_TAR,Robots autonomos,2.14,
EE,2025,I,Accommodation and food service activities,E_AI_TAR,Robots autonomos,0.34,
EL,2025,I,Accommodation and food service activities,E_AI_TAR,Robots autonomos,0.0,
ES,2025,I,Accommodation and food service activities,E_AI_TAR,Robots autonomos,0.24,
EU27_2020,2025,I,Accommodation and food service activities,E_AI_TAR,Robots autonomos,0.91,
FI,2025,I,Accommodation and food service activities,E_AI_TAR,Robots autonomos,0.64,
FR,2025,I,Accommodation and food service activities,E_AI_TAR,Robots autonomos,1.19,
HR,2025,I,Accommodation and food service activities,E_AI_TAR,Robots autonomos,,@C
HU,2025,I,Accommodation and food service activities,E_AI_TAR,Robots autonomos,0.4,
IE,2025,I,Accommodation and food service activities,E_AI_TAR,Robots autonomos,0.28,
IT,2025,I,Accommodation and food service activities,E_AI_TAR,Robots autonomos,1.68,
LT,2025,I,Accommodation and food service activities,E_AI_TAR,Robots autonomos,0.26,
LU,2025,I,Accommodation and food service activities,E_AI_TAR,Robots autonomos,0.0,
LV,2025,I,Accommodation and food service activities,E_AI_TAR,Robots autonomos,0.0,
MT,2025,I,Accommodation and food service activities,E_AI_TAR,Robots autonomos,0.94,
NL,2025,I,Accommodation and food service activities,E_AI_TAR,Robots autonomos,0.55,
PL,2025,I,Accommodation and food service activities,E_AI_TAR,Robots autonomos,0.24,
PT,2025,I,Accommodation and food service activities,E_AI_TAR,Robots autonomos,1.97,
RO,2025,I,Accommodation and food service activities,E_AI_TAR,Robots autonomos,0.03,
SE,2025,I,Accommodation and food service activities,E_AI_TAR,Robots autonomos,0.0,
SI,2025,I,Accommodation and food service activities,E_AI_TAR,Robots autonomos,0.87,
SK,2025,I,Accommodation and food service activities,E_AI_TAR,Robots autonomos,1.16,
AT,2025,I,Accommodation and food service activities,E_AI_TIR,Vision por computador,1.29,
BE,2025,I,Accommodation and food service activities,E_AI_TIR,Vision por computador,3.06,
BG,2025,I,Accommodation and food service activities,E_AI_TIR,Vision por computador,,u
CY,2025,I,Accommodation and food service activities,E_AI_TIR,Vision por computador,0.91,
CZ,2025,I,Accommodation and food service activities,E_AI_TIR,Vision por computador,0.83,
DE,2025,I,Accommodation and food service activities,E_AI_TIR,Vision por computador,1.62,
DK,2025,I,Accommodation and food service activities,E_AI_TIR,Vision por computador,3.91,
EE,2025,I,Accommodation and food service activities,E_AI_TIR,Vision por computador,2.86,
EL,2025,I,Accommodation and food service activities,E_AI_TIR,Vision por computador,0.52,
ES,2025,I,Accommodation and food service activities,E_AI_TIR,Vision por computador,3.71,
EU27_2020,2025,I,Accommodation and food service activities,E_AI_TIR,Vision por computador,1.79,
FI,2025,I,Accommodation and food service activities,E_AI_TIR,Vision por computador,3.59,
FR,2025,I,Accommodation and food service activities,E_AI_TIR,Vision por computador,1.83,
HR,2025,I,Accommodation and food service activities,E_AI_TIR,Vision por computador,1.48,
HU,2025,I,Accommodation and food service activities,E_AI_TIR,Vision por computador,1.87,
IE,2025,I,Accommodation and food service activities,E_AI_TIR,Vision por computador,2.78,
IT,2025,I,Accommodation and food service activities,E_AI_TIR,Vision por computador,1.68,
LT,2025,I,Accommodation and food service activities,E_AI_TIR,Vision por computador,2.75,
LU,2025,I,Accommodation and food service activities,E_AI_TIR,Vision por computador,0.98,
LV,2025,I,Accommodation and food service activities,E_AI_TIR,Vision por computador,0.0,
MT,2025,I,Accommodation and food service activities,E_AI_TIR,Vision por computador,2.85,
NL,2025,I,Accommodation and food service activities,E_AI_TIR,Vision por computador,1.05,
PL,2025,I,Accommodation and food service activities,E_AI_TIR,Vision por computador,1.26,
PT,2025,I,Accommodation and food service activities,E_AI_TIR,Vision por computador,2.51,
RO,2025,I,Accommodation and food service activities,E_AI_TIR,Vision por computador,0.05,
SE,2025,I,Accommodation and food service activities,E_AI_TIR,Vision por computador,3.71,
SI,2025,I,Accommodation and food service activities,E_AI_TIR,Vision por computador,6.73,
SK,2025,I,Accommodation and food service activities,E_AI_TIR,Vision por computador,0.09,
AT,2025,I,Accommodation and food service activities,E_AI_TML,Machine learning,2.82,
BE,2025,I,Accommodation and food service activities,E_AI_TML,Machine learning,1.07,
BG,2025,I,Accommodation and food service activities,E_AI_TML,Machine learning,,u
CY,2025,I,Accommodation and food service activities,E_AI_TML,Machine learning,1.0,
CZ,2025,I,Accommodation and food service activities,E_AI_TML,Machine learning,3.45,
DE,2025,I,Accommodation and food service activities,E_AI_TML,Machine learning,1.69,
DK,2025,I,Accommodation and food service activities,E_AI_TML,Machine learning,4.78,
EE,2025,I,Accommodation and food service activities,E_AI_TML,Machine learning,0.0,
EL,2025,I,Accommodation and food service activities,E_AI_TML,Machine learning,0.98,
ES,2025,I,Accommodation and food service activities,E_AI_TML,Machine learning,1.04,
EU27_2020,2025,I,Accommodation and food service activities,E_AI_TML,Machine learning,1.5,
FI,2025,I,Accommodation and food service activities,E_AI_TML,Machine learning,1.88,
FR,2025,I,Accommodation and food service activities,E_AI_TML,Machine learning,1.59,
HR,2025,I,Accommodation and food service activities,E_AI_TML,Machine learning,0.87,
HU,2025,I,Accommodation and food service activities,E_AI_TML,Machine learning,1.05,
IE,2025,I,Accommodation and food service activities,E_AI_TML,Machine learning,1.38,
IT,2025,I,Accommodation and food service activities,E_AI_TML,Machine learning,1.02,
LT,2025,I,Accommodation and food service activities,E_AI_TML,Machine learning,0.26,
LU,2025,I,Accommodation and food service activities,E_AI_TML,Machine learning,0.83,
LV,2025,I,Accommodation and food service activities,E_AI_TML,Machine learning,0.24,
MT,2025,I,Accommodation and food service activities,E_AI_TML,Machine learning,2.97,
NL,2025,I,Accommodation and food service activities,E_AI_TML,Machine learning,1.47,
PL,2025,I,Accommodation and food service activities,E_AI_TML,Machine learning,0.54,
PT,2025,I,Accommodation and food service activities,E_AI_TML,Machine learning,2.98,
RO,2025,I,Accommodation and food service activities,E_AI_TML,Machine learning,1.55,
SE,2025,I,Accommodation and food service activities,E_AI_TML,Machine learning,3.38,
SI,2025,I,Accommodation and food service activities,E_AI_TML,Machine learning,,@C
SK,2025,I,Accommodation and food service activities,E_AI_TML,Machine learning,1.62,
AT,2025,I,Accommodation and food service activities,E_AI_TNLG,Generacion de lenguaje,9.32,
BE,2025,I,Accommodation and food service activities,E_AI_TNLG,Generacion de lenguaje,4.44,
BG,2025,I,Accommodation and food service activities,E_AI_TNLG,Generacion de lenguaje,,u
CY,2025,I,Accommodation and food service activities,E_AI_TNLG,Generacion de lenguaje,1.94,
CZ,2025,I,Accommodation and food service activities,E_AI_TNLG,Generacion de lenguaje,6.32,
DE,2025,I,Accommodation and food service activities,E_AI_TNLG,Generacion de lenguaje,3.34,
DK,2025,I,Accommodation and food service activities,E_AI_TNLG,Generacion de lenguaje,14.93,
EE,2025,I,Accommodation and food service activities,E_AI_TNLG,Generacion de lenguaje,10.77,
EL,2025,I,Accommodation and food service activities,E_AI_TNLG,Generacion de lenguaje,0.67,
ES,2025,I,Accommodation and food service activities,E_AI_TNLG,Generacion de lenguaje,6.39,
EU27_2020,2025,I,Accommodation and food service activities,E_AI_TNLG,Generacion de lenguaje,3.77,
FI,2025,I,Accommodation and food service activities,E_AI_TNLG,Generacion de lenguaje,12.11,
FR,2025,I,Accommodation and food service activities,E_AI_TNLG,Generacion de lenguaje,3.67,
HR,2025,I,Accommodation and food service activities,E_AI_TNLG,Generacion de lenguaje,1.8,
HU,2025,I,Accommodation and food service activities,E_AI_TNLG,Generacion de lenguaje,1.6,
IE,2025,I,Accommodation and food service activities,E_AI_TNLG,Generacion de lenguaje,4.17,
IT,2025,I,Accommodation and food service activities,E_AI_TNLG,Generacion de lenguaje,2.74,
LT,2025,I,Accommodation and food service activities,E_AI_TNLG,Generacion de lenguaje,1.46,
LU,2025,I,Accommodation and food service activities,E_AI_TNLG,Generacion de lenguaje,4.68,
LV,2025,I,Accommodation and food service activities,E_AI_TNLG,Generacion de lenguaje,0.32,
MT,2025,I,Accommodation and food service activities,E_AI_TNLG,Generacion de lenguaje,3.14,
NL,2025,I,Accommodation and food service activities,E_AI_TNLG,Generacion de lenguaje,4.5,
PL,2025,I,Accommodation and food service activities,E_AI_TNLG,Generacion de lenguaje,3.62,
PT,2025,I,Accommodation and food service activities,E_AI_TNLG,Generacion de lenguaje,4.45,
RO,2025,I,Accommodation and food service activities,E_AI_TNLG,Generacion de lenguaje,1.58,
SE,2025,I,Accommodation and food service activities,E_AI_TNLG,Generacion de lenguaje,7.22,
SI,2025,I,Accommodation and food service activities,E_AI_TNLG,Generacion de lenguaje,3.36,
SK,2025,I,Accommodation and food service activities,E_AI_TNLG,Generacion de lenguaje,4.49,
AT,2025,I,Accommodation and food service activities,E_AI_TPA,Automatizacion de procesos,2.5,
BE,2025,I,Accommodation and food service activities,E_AI_TPA,Automatizacion de procesos,5.46,
BG,2025,I,Accommodation and food service activities,E_AI_TPA,Automatizacion de procesos,0.63,
CY,2025,I,Accommodation and food service activities,E_AI_TPA,Automatizacion de procesos,0.57,
CZ,2025,I,Accommodation and food service activities,E_AI_TPA,Automatizacion de procesos,0.99,
DE,2025,I,Accommodation and food service activities,E_AI_TPA,Automatizacion de procesos,2.8,
DK,2025,I,Accommodation and food service activities,E_AI_TPA,Automatizacion de procesos,4.83,
EE,2025,I,Accommodation and food service activities,E_AI_TPA,Automatizacion de procesos,0.68,
EL,2025,I,Accommodation and food service activities,E_AI_TPA,Automatizacion de procesos,0.29,
ES,2025,I,Accommodation and food service activities,E_AI_TPA,Automatizacion de procesos,4.19,
EU27_2020,2025,I,Accommodation and food service activities,E_AI_TPA,Automatizacion de procesos,2.52,
FI,2025,I,Accommodation and food service activities,E_AI_TPA,Automatizacion de procesos,7.17,
FR,2025,I,Accommodation and food service activities,E_AI_TPA,Automatizacion de procesos,3.78,
HR,2025,I,Accommodation and food service activities,E_AI_TPA,Automatizacion de procesos,0.84,
HU,2025,I,Accommodation and food service activities,E_AI_TPA,Automatizacion de procesos,1.01,
IE,2025,I,Accommodation and food service activities,E_AI_TPA,Automatizacion de procesos,1.9,
IT,2025,I,Accommodation and food service activities,E_AI_TPA,Automatizacion de procesos,2.45,
LT,2025,I,Accommodation and food service activities,E_AI_TPA,Automatizacion de procesos,3.1,
LU,2025,I,Accommodation and food service activities,E_AI_TPA,Automatizacion de procesos,0.41,
LV,2025,I,Accommodation and food service activities,E_AI_TPA,Automatizacion de procesos,0.24,
MT,2025,I,Accommodation and food service activities,E_AI_TPA,Automatizacion de procesos,4.26,
NL,2025,I,Accommodation and food service activities,E_AI_TPA,Automatizacion de procesos,1.35,
PL,2025,I,Accommodation and food service activities,E_AI_TPA,Automatizacion de procesos,1.02,
PT,2025,I,Accommodation and food service activities,E_AI_TPA,Automatizacion de procesos,2.89,
RO,2025,I,Accommodation and food service activities,E_AI_TPA,Automatizacion de procesos,1.55,
SE,2025,I,Accommodation and food service activities,E_AI_TPA,Automatizacion de procesos,4.31,
SI,2025,I,Accommodation and food service activities,E_AI_TPA,Automatizacion de procesos,0.0,
SK,2025,I,Accommodation and food service activities,E_AI_TPA,Automatizacion de procesos,1.85,
AT,2025,I,Accommodation and food service activities,E_AI_TPVSG,Generacion de imagen/audio,9.53,
BE,2025,I,Accommodation and food service activities,E_AI_TPVSG,Generacion de imagen/audio,10.52,
BG,2025,I,Accommodation and food service activities,E_AI_TPVSG,Generacion de imagen/audio,2.74,
CY,2025,I,Accommodation and food service activities,E_AI_TPVSG,Generacion de imagen/audio,2.46,
CZ,2025,I,Accommodation and food service activities,E_AI_TPVSG,Generacion de imagen/audio,5.14,
DE,2025,I,Accommodation and food service activities,E_AI_TPVSG,Generacion de imagen/audio,7.57,
DK,2025,I,Accommodation and food service activities,E_AI_TPVSG,Generacion de imagen/audio,10.6,
EE,2025,I,Accommodation and food service activities,E_AI_TPVSG,Generacion de imagen/audio,2.88,
EL,2025,I,Accommodation and food service activities,E_AI_TPVSG,Generacion de imagen/audio,0.99,
ES,2025,I,Accommodation and food service activities,E_AI_TPVSG,Generacion de imagen/audio,12.08,
EU27_2020,2025,I,Accommodation and food service activities,E_AI_TPVSG,Generacion de imagen/audio,5.99,
FI,2025,I,Accommodation and food service activities,E_AI_TPVSG,Generacion de imagen/audio,13.48,
FR,2025,I,Accommodation and food service activities,E_AI_TPVSG,Generacion de imagen/audio,4.45,
HR,2025,I,Accommodation and food service activities,E_AI_TPVSG,Generacion de imagen/audio,1.55,
HU,2025,I,Accommodation and food service activities,E_AI_TPVSG,Generacion de imagen/audio,2.5,
IE,2025,I,Accommodation and food service activities,E_AI_TPVSG,Generacion de imagen/audio,2.83,
IT,2025,I,Accommodation and food service activities,E_AI_TPVSG,Generacion de imagen/audio,7.18,
LT,2025,I,Accommodation and food service activities,E_AI_TPVSG,Generacion de imagen/audio,5.42,
LU,2025,I,Accommodation and food service activities,E_AI_TPVSG,Generacion de imagen/audio,9.22,
LV,2025,I,Accommodation and food service activities,E_AI_TPVSG,Generacion de imagen/audio,3.36,
MT,2025,I,Accommodation and food service activities,E_AI_TPVSG,Generacion de imagen/audio,3.48,
NL,2025,I,Accommodation and food service activities,E_AI_TPVSG,Generacion de imagen/audio,6.03,
PL,2025,I,Accommodation and food service activities,E_AI_TPVSG,Generacion de imagen/audio,1.14,
PT,2025,I,Accommodation and food service activities,E_AI_TPVSG,Generacion de imagen/audio,3.9,
RO,2025,I,Accommodation and food service activities,E_AI_TPVSG,Generacion de imagen/audio,0.13,
SE,2025,I,Accommodation and food service activities,E_AI_TPVSG,Generacion de imagen/audio,8.94,
SI,2025,I,Accommodation and food service activities,E_AI_TPVSG,Generacion de imagen/audio,1.76,
SK,2025,I,Accommodation and food service activities,E_AI_TPVSG,Generacion de imagen/audio,4.91,
AT,2025,I,Accommodation and food service activities,E_AI_TSR,Reconocimiento de voz,6.41,
BE,2025,I,Accommodation and food service activities,E_AI_TSR,Reconocimiento de voz,3.4,
BG,2025,I,Accommodation and food service activities,E_AI_TSR,Reconocimiento de voz,,u
CY,2025,I,Accommodation and food service activities,E_AI_TSR,Reconocimiento de voz,1.06,
CZ,2025,I,Accommodation and food service activities,E_AI_TSR,Reconocimiento de voz,1.79,
DE,2025,I,Accommodation and food service activities,E_AI_TSR,Reconocimiento de voz,5.75,
DK,2025,I,Accommodation and food service activities,E_AI_TSR,Reconocimiento de voz,4.02,
EE,2025,I,Accommodation and food service activities,E_AI_TSR,Reconocimiento de voz,1.68,
EL,2025,I,Accommodation and food service activities,E_AI_TSR,Reconocimiento de voz,0.78,
ES,2025,I,Accommodation and food service activities,E_AI_TSR,Reconocimiento de voz,4.23,
EU27_2020,2025,I,Accommodation and food service activities,E_AI_TSR,Reconocimiento de voz,3.71,
FI,2025,I,Accommodation and food service activities,E_AI_TSR,Reconocimiento de voz,3.27,
FR,2025,I,Accommodation and food service activities,E_AI_TSR,Reconocimiento de voz,4.43,
HR,2025,I,Accommodation and food service activities,E_AI_TSR,Reconocimiento de voz,1.52,
HU,2025,I,Accommodation and food service activities,E_AI_TSR,Reconocimiento de voz,1.27,
IE,2025,I,Accommodation and food service activities,E_AI_TSR,Reconocimiento de voz,3.07,
IT,2025,I,Accommodation and food service activities,E_AI_TSR,Reconocimiento de voz,4.38,
LT,2025,I,Accommodation and food service activities,E_AI_TSR,Reconocimiento de voz,2.41,
LU,2025,I,Accommodation and food service activities,E_AI_TSR,Reconocimiento de voz,6.88,
LV,2025,I,Accommodation and food service activities,E_AI_TSR,Reconocimiento de voz,0.0,
MT,2025,I,Accommodation and food service activities,E_AI_TSR,Reconocimiento de voz,1.29,
NL,2025,I,Accommodation and food service activities,E_AI_TSR,Reconocimiento de voz,1.4,
PL,2025,I,Accommodation and food service activities,E_AI_TSR,Reconocimiento de voz,0.51,
PT,2025,I,Accommodation and food service activities,E_AI_TSR,Reconocimiento de voz,4.04,
RO,2025,I,Accommodation and food service activities,E_AI_TSR,Reconocimiento de voz,1.53,
SE,2025,I,Accommodation and food service activities,E_AI_TSR,Reconocimiento de voz,4.38,
SI,2025,I,Accommodation and food service activities,E_AI_TSR,Reconocimiento de voz,1.66,
SK,2025,I,Accommodation and food service activities,E_AI_TSR,Reconocimiento de voz,3.89,
AT,2025,I,Accommodation and food service activities,E_AI_TTM,Mineria de texto,16.54,
BE,2025,I,Accommodation and food service activities,E_AI_TTM,Mineria de texto,7.88,
BG,2025,I,Accommodation and food service activities,E_AI_TTM,Mineria de texto,2.23,
CY,2025,I,Accommodation and food service activities,E_AI_TTM,Mineria de texto,2.62,
CZ,2025,I,Accommodation and food service activities,E_AI_TTM,Mineria de texto,3.09,
DE,2025,I,Accommodation and food service activities,E_AI_TTM,Mineria de texto,7.56,
DK,2025,I,Accommodation and food service activities,E_AI_TTM,Mineria de texto,15.52,
EE,2025,I,Accommodation and food service activities,E_AI_TTM,Mineria de texto,7.28,
EL,2025,I,Accommodation and food service activities,E_AI_TTM,Mineria de texto,2.46,
ES,2025,I,Accommodation and food service activities,E_AI_TTM,Mineria de texto,7.73,
EU27_2020,2025,I,Accommodation and food service activities,E_AI_TTM,Mineria de texto,6.52,
FI,2025,I,Accommodation and food service activities,E_AI_TTM,Mineria de texto,11.33,
FR,2025,I,Accommodation and food service activities,E_AI_TTM,Mineria de texto,5.49,
HR,2025,I,Accommodation and food service activities,E_AI_TTM,Mineria de texto,3.19,
HU,2025,I,Accommodation and food service activities,E_AI_TTM,Mineria de texto,2.54,
IE,2025,I,Accommodation and food service activities,E_AI_TTM,Mineria de texto,5.61,
IT,2025,I,Accommodation and food service activities,E_AI_TTM,Mineria de texto,5.96,
LT,2025,I,Accommodation and food service activities,E_AI_TTM,Mineria de texto,6.54,
LU,2025,I,Accommodation and food service activities,E_AI_TTM,Mineria de texto,10.15,
LV,2025,I,Accommodation and food service activities,E_AI_TTM,Mineria de texto,2.49,
MT,2025,I,Accommodation and food service activities,E_AI_TTM,Mineria de texto,5.33,
NL,2025,I,Accommodation and food service activities,E_AI_TTM,Mineria de texto,11.03,
PL,2025,I,Accommodation and food service activities,E_AI_TTM,Mineria de texto,1.49,
PT,2025,I,Accommodation and food service activities,E_AI_TTM,Mineria de texto,4.63,
RO,2025,I,Accommodation and food service activities,E_AI_TTM,Mineria de texto,1.68,
SE,2025,I,Accommodation and food service activities,E_AI_TTM,Mineria de texto,20.01,
SI,2025,I,Accommodation and food service activities,E_AI_TTM,Mineria de texto,6.14,
SK,2025,I,Accommodation and food service activities,E_AI_TTM,Mineria de texto,4.86,
AT,2025,J,Information and communication,E_AI_TANY,Cualquier IA,79.93,
BE,2025,J,Information and communication,E_AI_TANY,Cualquier IA,78.15,
BG,2025,J,Information and communication,E_AI_TANY,Cualquier IA,42.01,
CY,2025,J,Information and communication,E_AI_TANY,Cualquier IA,46.61,
CZ,2025,J,Information and communication,E_AI_TANY,Cualquier IA,60.49,
DE,2025,J,Information and communication,E_AI_TANY,Cualquier IA,75.38,
DK,2025,J,Information and communication,E_AI_TANY,Cualquier IA,79.08,
EE,2025,J,Information and communication,E_AI_TANY,Cualquier IA,56.6,
EL,2025,J,Information and communication,E_AI_TANY,Cualquier IA,43.93,
ES,2025,J,Information and communication,E_AI_TANY,Cualquier IA,60.57,
EU27_2020,2025,J,Information and communication,E_AI_TANY,Cualquier IA,62.52,
FI,2025,J,Information and communication,E_AI_TANY,Cualquier IA,79.79,
FR,2025,J,Information and communication,E_AI_TANY,Cualquier IA,58.98,
HR,2025,J,Information and communication,E_AI_TANY,Cualquier IA,68.98,
HU,2025,J,Information and communication,E_AI_TANY,Cualquier IA,46.05,
IE,2025,J,Information and communication,E_AI_TANY,Cualquier IA,59.82,
IT,2025,J,Information and communication,E_AI_TANY,Cualquier IA,51.28,
LT,2025,J,Information and communication,E_AI_TANY,Cualquier IA,60.24,
LU,2025,J,Information and communication,E_AI_TANY,Cualquier IA,73.48,
LV,2025,J,Information and communication,E_AI_TANY,Cualquier IA,49.82,
MT,2025,J,Information and communication,E_AI_TANY,Cualquier IA,60.4,
NL,2025,J,Information and communication,E_AI_TANY,Cualquier IA,69.99,
PL,2025,J,Information and communication,E_AI_TANY,Cualquier IA,38.09,
PT,2025,J,Information and communication,E_AI_TANY,Cualquier IA,52.8,
RO,2025,J,Information and communication,E_AI_TANY,Cualquier IA,32.07,
SE,2025,J,Information and communication,E_AI_TANY,Cualquier IA,87.87,
SI,2025,J,Information and communication,E_AI_TANY,Cualquier IA,67.06,
SK,2025,J,Information and communication,E_AI_TANY,Cualquier IA,50.25,
AT,2025,J,Information and communication,E_AI_TAR,Robots autonomos,5.1,
BE,2025,J,Information and communication,E_AI_TAR,Robots autonomos,9.09,
BG,2025,J,Information and communication,E_AI_TAR,Robots autonomos,2.3,
CY,2025,J,Information and communication,E_AI_TAR,Robots autonomos,2.88,
CZ,2025,J,Information and communication,E_AI_TAR,Robots autonomos,3.58,
DE,2025,J,Information and communication,E_AI_TAR,Robots autonomos,5.14,
DK,2025,J,Information and communication,E_AI_TAR,Robots autonomos,10.25,
EE,2025,J,Information and communication,E_AI_TAR,Robots autonomos,2.79,
EL,2025,J,Information and communication,E_AI_TAR,Robots autonomos,2.9,
ES,2025,J,Information and communication,E_AI_TAR,Robots autonomos,5.55,
EU27_2020,2025,J,Information and communication,E_AI_TAR,Robots autonomos,4.47,
FI,2025,J,Information and communication,E_AI_TAR,Robots autonomos,9.13,
FR,2025,J,Information and communication,E_AI_TAR,Robots autonomos,1.96,
HR,2025,J,Information and communication,E_AI_TAR,Robots autonomos,2.08,
HU,2025,J,Information and communication,E_AI_TAR,Robots autonomos,2.6,
IE,2025,J,Information and communication,E_AI_TAR,Robots autonomos,1.28,
IT,2025,J,Information and communication,E_AI_TAR,Robots autonomos,3.1,
LT,2025,J,Information and communication,E_AI_TAR,Robots autonomos,10.24,
LU,2025,J,Information and communication,E_AI_TAR,Robots autonomos,4.88,
LV,2025,J,Information and communication,E_AI_TAR,Robots autonomos,3.62,
MT,2025,J,Information and communication,E_AI_TAR,Robots autonomos,1.77,
NL,2025,J,Information and communication,E_AI_TAR,Robots autonomos,6.95,
PL,2025,J,Information and communication,E_AI_TAR,Robots autonomos,3.24,
PT,2025,J,Information and communication,E_AI_TAR,Robots autonomos,5.91,
RO,2025,J,Information and communication,E_AI_TAR,Robots autonomos,6.73,
SE,2025,J,Information and communication,E_AI_TAR,Robots autonomos,4.05,
SI,2025,J,Information and communication,E_AI_TAR,Robots autonomos,5.83,
SK,2025,J,Information and communication,E_AI_TAR,Robots autonomos,1.04,
AT,2025,J,Information and communication,E_AI_TIR,Vision por computador,16.12,
BE,2025,J,Information and communication,E_AI_TIR,Vision por computador,19.7,
BG,2025,J,Information and communication,E_AI_TIR,Vision por computador,10.88,
CY,2025,J,Information and communication,E_AI_TIR,Vision por computador,12.77,
CZ,2025,J,Information and communication,E_AI_TIR,Vision por computador,12.93,
DE,2025,J,Information and communication,E_AI_TIR,Vision por computador,16.1,
DK,2025,J,Information and communication,E_AI_TIR,Vision por computador,20.61,
EE,2025,J,Information and communication,E_AI_TIR,Vision por computador,12.61,
EL,2025,J,Information and communication,E_AI_TIR,Vision por computador,13.2,
ES,2025,J,Information and communication,E_AI_TIR,Vision por computador,23.12,
EU27_2020,2025,J,Information and communication,E_AI_TIR,Vision por computador,15.97,
FI,2025,J,Information and communication,E_AI_TIR,Vision por computador,20.54,
FR,2025,J,Information and communication,E_AI_TIR,Vision por computador,14.1,
HR,2025,J,Information and communication,E_AI_TIR,Vision por computador,11.99,
HU,2025,J,Information and communication,E_AI_TIR,Vision por computador,13.43,
IE,2025,J,Information and communication,E_AI_TIR,Vision por computador,12.69,
IT,2025,J,Information and communication,E_AI_TIR,Vision por computador,13.09,
LT,2025,J,Information and communication,E_AI_TIR,Vision por computador,23.04,
LU,2025,J,Information and communication,E_AI_TIR,Vision por computador,17.54,
LV,2025,J,Information and communication,E_AI_TIR,Vision por computador,10.65,
MT,2025,J,Information and communication,E_AI_TIR,Vision por computador,14.17,
NL,2025,J,Information and communication,E_AI_TIR,Vision por computador,18.57,
PL,2025,J,Information and communication,E_AI_TIR,Vision por computador,11.06,
PT,2025,J,Information and communication,E_AI_TIR,Vision por computador,21.63,
RO,2025,J,Information and communication,E_AI_TIR,Vision por computador,11.56,
SE,2025,J,Information and communication,E_AI_TIR,Vision por computador,20.06,
SI,2025,J,Information and communication,E_AI_TIR,Vision por computador,20.72,
SK,2025,J,Information and communication,E_AI_TIR,Vision por computador,10.85,
AT,2025,J,Information and communication,E_AI_TML,Machine learning,41.93,
BE,2025,J,Information and communication,E_AI_TML,Machine learning,,u
BG,2025,J,Information and communication,E_AI_TML,Machine learning,17.2,
CY,2025,J,Information and communication,E_AI_TML,Machine learning,28.97,
CZ,2025,J,Information and communication,E_AI_TML,Machine learning,33.36,
DE,2025,J,Information and communication,E_AI_TML,Machine learning,30.16,
DK,2025,J,Information and communication,E_AI_TML,Machine learning,46.77,
EE,2025,J,Information and communication,E_AI_TML,Machine learning,29.97,
EL,2025,J,Information and communication,E_AI_TML,Machine learning,20.5,
ES,2025,J,Information and communication,E_AI_TML,Machine learning,33.74,
EU27_2020,2025,J,Information and communication,E_AI_TML,Machine learning,28.58,
FI,2025,J,Information and communication,E_AI_TML,Machine learning,41.82,
FR,2025,J,Information and communication,E_AI_TML,Machine learning,20.73,
HR,2025,J,Information and communication,E_AI_TML,Machine learning,44.89,
HU,2025,J,Information and communication,E_AI_TML,Machine learning,17.29,
IE,2025,J,Information and communication,E_AI_TML,Machine learning,27.89,
IT,2025,J,Information and communication,E_AI_TML,Machine learning,20.05,
LT,2025,J,Information and communication,E_AI_TML,Machine learning,31.06,
LU,2025,J,Information and communication,E_AI_TML,Machine learning,27.62,
LV,2025,J,Information and communication,E_AI_TML,Machine learning,20.93,
MT,2025,J,Information and communication,E_AI_TML,Machine learning,32.27,
NL,2025,J,Information and communication,E_AI_TML,Machine learning,35.51,
PL,2025,J,Information and communication,E_AI_TML,Machine learning,16.1,
PT,2025,J,Information and communication,E_AI_TML,Machine learning,33.33,
RO,2025,J,Information and communication,E_AI_TML,Machine learning,22.58,
SE,2025,J,Information and communication,E_AI_TML,Machine learning,42.92,
SI,2025,J,Information and communication,E_AI_TML,Machine learning,26.52,
SK,2025,J,Information and communication,E_AI_TML,Machine learning,22.37,
AT,2025,J,Information and communication,E_AI_TNLG,Generacion de lenguaje,61.48,
BE,2025,J,Information and communication,E_AI_TNLG,Generacion de lenguaje,,u
BG,2025,J,Information and communication,E_AI_TNLG,Generacion de lenguaje,21.99,
CY,2025,J,Information and communication,E_AI_TNLG,Generacion de lenguaje,27.49,
CZ,2025,J,Information and communication,E_AI_TNLG,Generacion de lenguaje,51.71,
DE,2025,J,Information and communication,E_AI_TNLG,Generacion de lenguaje,47.27,
DK,2025,J,Information and communication,E_AI_TNLG,Generacion de lenguaje,62.74,
EE,2025,J,Information and communication,E_AI_TNLG,Generacion de lenguaje,43.91,
EL,2025,J,Information and communication,E_AI_TNLG,Generacion de lenguaje,27.45,
ES,2025,J,Information and communication,E_AI_TNLG,Generacion de lenguaje,40.38,
EU27_2020,2025,J,Information and communication,E_AI_TNLG,Generacion de lenguaje,42.23,
FI,2025,J,Information and communication,E_AI_TNLG,Generacion de lenguaje,56.1,
FR,2025,J,Information and communication,E_AI_TNLG,Generacion de lenguaje,39.37,
HR,2025,J,Information and communication,E_AI_TNLG,Generacion de lenguaje,51.18,
HU,2025,J,Information and communication,E_AI_TNLG,Generacion de lenguaje,29.48,
IE,2025,J,Information and communication,E_AI_TNLG,Generacion de lenguaje,38.21,
IT,2025,J,Information and communication,E_AI_TNLG,Generacion de lenguaje,33.99,
LT,2025,J,Information and communication,E_AI_TNLG,Generacion de lenguaje,32.59,
LU,2025,J,Information and communication,E_AI_TNLG,Generacion de lenguaje,52.34,
LV,2025,J,Information and communication,E_AI_TNLG,Generacion de lenguaje,17.18,
MT,2025,J,Information and communication,E_AI_TNLG,Generacion de lenguaje,23.87,
NL,2025,J,Information and communication,E_AI_TNLG,Generacion de lenguaje,50.61,
PL,2025,J,Information and communication,E_AI_TNLG,Generacion de lenguaje,27.33,
PT,2025,J,Information and communication,E_AI_TNLG,Generacion de lenguaje,38.78,
RO,2025,J,Information and communication,E_AI_TNLG,Generacion de lenguaje,22.41,
SE,2025,J,Information and communication,E_AI_TNLG,Generacion de lenguaje,65.77,
SI,2025,J,Information and communication,E_AI_TNLG,Generacion de lenguaje,31.59,
SK,2025,J,Information and communication,E_AI_TNLG,Generacion de lenguaje,38.7,
AT,2025,J,Information and communication,E_AI_TPA,Automatizacion de procesos,29.86,
BE,2025,J,Information and communication,E_AI_TPA,Automatizacion de procesos,27.29,
BG,2025,J,Information and communication,E_AI_TPA,Automatizacion de procesos,26.2,
CY,2025,J,Information and communication,E_AI_TPA,Automatizacion de procesos,18.9,
CZ,2025,J,Information and communication,E_AI_TPA,Automatizacion de procesos,18.17,
DE,2025,J,Information and communication,E_AI_TPA,Automatizacion de procesos,27.42,
DK,2025,J,Information and communication,E_AI_TPA,Automatizacion de procesos,39.37,
EE,2025,J,Information and communication,E_AI_TPA,Automatizacion de procesos,13.74,
EL,2025,J,Information and communication,E_AI_TPA,Automatizacion de procesos,14.67,
ES,2025,J,Information and communication,E_AI_TPA,Automatizacion de procesos,28.7,
EU27_2020,2025,J,Information and communication,E_AI_TPA,Automatizacion de procesos,23.72,
FI,2025,J,Information and communication,E_AI_TPA,Automatizacion de procesos,41.66,
FR,2025,J,Information and communication,E_AI_TPA,Automatizacion de procesos,17.05,
HR,2025,J,Information and communication,E_AI_TPA,Automatizacion de procesos,14.73,
HU,2025,J,Information and communication,E_AI_TPA,Automatizacion de procesos,19.39,
IE,2025,J,Information and communication,E_AI_TPA,Automatizacion de procesos,25.19,
IT,2025,J,Information and communication,E_AI_TPA,Automatizacion de procesos,13.75,
LT,2025,J,Information and communication,E_AI_TPA,Automatizacion de procesos,41.81,
LU,2025,J,Information and communication,E_AI_TPA,Automatizacion de procesos,20.97,
LV,2025,J,Information and communication,E_AI_TPA,Automatizacion de procesos,22.04,
MT,2025,J,Information and communication,E_AI_TPA,Automatizacion de procesos,26.76,
NL,2025,J,Information and communication,E_AI_TPA,Automatizacion de procesos,29.4,
PL,2025,J,Information and communication,E_AI_TPA,Automatizacion de procesos,16.37,
PT,2025,J,Information and communication,E_AI_TPA,Automatizacion de procesos,27.23,
RO,2025,J,Information and communication,E_AI_TPA,Automatizacion de procesos,16.99,
SE,2025,J,Information and communication,E_AI_TPA,Automatizacion de procesos,35.61,
SI,2025,J,Information and communication,E_AI_TPA,Automatizacion de procesos,13.16,
SK,2025,J,Information and communication,E_AI_TPA,Automatizacion de procesos,17.48,
AT,2025,J,Information and communication,E_AI_TPVSG,Generacion de imagen/audio,45.76,
BE,2025,J,Information and communication,E_AI_TPVSG,Generacion de imagen/audio,,u
BG,2025,J,Information and communication,E_AI_TPVSG,Generacion de imagen/audio,23.83,
CY,2025,J,Information and communication,E_AI_TPVSG,Generacion de imagen/audio,26.63,
CZ,2025,J,Information and communication,E_AI_TPVSG,Generacion de imagen/audio,38.33,
DE,2025,J,Information and communication,E_AI_TPVSG,Generacion de imagen/audio,50.31,
DK,2025,J,Information and communication,E_AI_TPVSG,Generacion de imagen/audio,37.16,
EE,2025,J,Information and communication,E_AI_TPVSG,Generacion de imagen/audio,18.7,
EL,2025,J,Information and communication,E_AI_TPVSG,Generacion de imagen/audio,22.91,
ES,2025,J,Information and communication,E_AI_TPVSG,Generacion de imagen/audio,36.92,
EU27_2020,2025,J,Information and communication,E_AI_TPVSG,Generacion de imagen/audio,35.53,
FI,2025,J,Information and communication,E_AI_TPVSG,Generacion de imagen/audio,51.57,
FR,2025,J,Information and communication,E_AI_TPVSG,Generacion de imagen/audio,25.84,
HR,2025,J,Information and communication,E_AI_TPVSG,Generacion de imagen/audio,29.0,
HU,2025,J,Information and communication,E_AI_TPVSG,Generacion de imagen/audio,19.03,
IE,2025,J,Information and communication,E_AI_TPVSG,Generacion de imagen/audio,25.53,
IT,2025,J,Information and communication,E_AI_TPVSG,Generacion de imagen/audio,27.76,
LT,2025,J,Information and communication,E_AI_TPVSG,Generacion de imagen/audio,36.18,
LU,2025,J,Information and communication,E_AI_TPVSG,Generacion de imagen/audio,37.3,
LV,2025,J,Information and communication,E_AI_TPVSG,Generacion de imagen/audio,20.62,
MT,2025,J,Information and communication,E_AI_TPVSG,Generacion de imagen/audio,29.6,
NL,2025,J,Information and communication,E_AI_TPVSG,Generacion de imagen/audio,40.51,
PL,2025,J,Information and communication,E_AI_TPVSG,Generacion de imagen/audio,17.5,
PT,2025,J,Information and communication,E_AI_TPVSG,Generacion de imagen/audio,27.11,
RO,2025,J,Information and communication,E_AI_TPVSG,Generacion de imagen/audio,22.79,
SE,2025,J,Information and communication,E_AI_TPVSG,Generacion de imagen/audio,50.03,
SI,2025,J,Information and communication,E_AI_TPVSG,Generacion de imagen/audio,29.45,
SK,2025,J,Information and communication,E_AI_TPVSG,Generacion de imagen/audio,36.03,
AT,2025,J,Information and communication,E_AI_TSR,Reconocimiento de voz,37.14,
BE,2025,J,Information and communication,E_AI_TSR,Reconocimiento de voz,,u
BG,2025,J,Information and communication,E_AI_TSR,Reconocimiento de voz,19.11,
CY,2025,J,Information and communication,E_AI_TSR,Reconocimiento de voz,19.35,
CZ,2025,J,Information and communication,E_AI_TSR,Reconocimiento de voz,19.11,
DE,2025,J,Information and communication,E_AI_TSR,Reconocimiento de voz,37.36,
DK,2025,J,Information and communication,E_AI_TSR,Reconocimiento de voz,36.66,
EE,2025,J,Information and communication,E_AI_TSR,Reconocimiento de voz,20.38,
EL,2025,J,Information and communication,E_AI_TSR,Reconocimiento de voz,21.01,
ES,2025,J,Information and communication,E_AI_TSR,Reconocimiento de voz,28.08,
EU27_2020,2025,J,Information and communication,E_AI_TSR,Reconocimiento de voz,28.81,
FI,2025,J,Information and communication,E_AI_TSR,Reconocimiento de voz,41.94,
FR,2025,J,Information and communication,E_AI_TSR,Reconocimiento de voz,28.87,
HR,2025,J,Information and communication,E_AI_TSR,Reconocimiento de voz,17.71,
HU,2025,J,Information and communication,E_AI_TSR,Reconocimiento de voz,19.4,
IE,2025,J,Information and communication,E_AI_TSR,Reconocimiento de voz,19.57,
IT,2025,J,Information and communication,E_AI_TSR,Reconocimiento de voz,24.36,
LT,2025,J,Information and communication,E_AI_TSR,Reconocimiento de voz,21.67,
LU,2025,J,Information and communication,E_AI_TSR,Reconocimiento de voz,33.71,
LV,2025,J,Information and communication,E_AI_TSR,Reconocimiento de voz,21.23,
MT,2025,J,Information and communication,E_AI_TSR,Reconocimiento de voz,15.23,
NL,2025,J,Information and communication,E_AI_TSR,Reconocimiento de voz,35.0,
PL,2025,J,Information and communication,E_AI_TSR,Reconocimiento de voz,10.27,
PT,2025,J,Information and communication,E_AI_TSR,Reconocimiento de voz,24.76,
RO,2025,J,Information and communication,E_AI_TSR,Reconocimiento de voz,19.35,
SE,2025,J,Information and communication,E_AI_TSR,Reconocimiento de voz,34.38,
SI,2025,J,Information and communication,E_AI_TSR,Reconocimiento de voz,21.87,
SK,2025,J,Information and communication,E_AI_TSR,Reconocimiento de voz,24.59,
AT,2025,J,Information and communication,E_AI_TTM,Mineria de texto,61.47,
BE,2025,J,Information and communication,E_AI_TTM,Mineria de texto,,u
BG,2025,J,Information and communication,E_AI_TTM,Mineria de texto,28.65,
CY,2025,J,Information and communication,E_AI_TTM,Mineria de texto,30.06,
CZ,2025,J,Information and communication,E_AI_TTM,Mineria de texto,32.85,
DE,2025,J,Information and communication,E_AI_TTM,Mineria de texto,44.55,
DK,2025,J,Information and communication,E_AI_TTM,Mineria de texto,61.95,
EE,2025,J,Information and communication,E_AI_TTM,Mineria de texto,37.13,
EL,2025,J,Information and communication,E_AI_TTM,Mineria de texto,30.29,
ES,2025,J,Information and communication,E_AI_TTM,Mineria de texto,41.44,
EU27_2020,2025,J,Information and communication,E_AI_TTM,Mineria de texto,42.22,
FI,2025,J,Information and communication,E_AI_TTM,Mineria de texto,65.37,
FR,2025,J,Information and communication,E_AI_TTM,Mineria de texto,39.98,
HR,2025,J,Information and communication,E_AI_TTM,Mineria de texto,55.14,
HU,2025,J,Information and communication,E_AI_TTM,Mineria de texto,26.87,
IE,2025,J,Information and communication,E_AI_TTM,Mineria de texto,38.67,
IT,2025,J,Information and communication,E_AI_TTM,Mineria de texto,39.84,
LT,2025,J,Information and communication,E_AI_TTM,Mineria de texto,50.17,
LU,2025,J,Information and communication,E_AI_TTM,Mineria de texto,58.45,
LV,2025,J,Information and communication,E_AI_TTM,Mineria de texto,36.5,
MT,2025,J,Information and communication,E_AI_TTM,Mineria de texto,31.96,
NL,2025,J,Information and communication,E_AI_TTM,Mineria de texto,50.96,
PL,2025,J,Information and communication,E_AI_TTM,Mineria de texto,13.8,
PT,2025,J,Information and communication,E_AI_TTM,Mineria de texto,36.13,
RO,2025,J,Information and communication,E_AI_TTM,Mineria de texto,24.87,
SE,2025,J,Information and communication,E_AI_TTM,Mineria de texto,71.64,
SI,2025,J,Information and communication,E_AI_TTM,Mineria de texto,50.42,
SK,2025,J,Information and communication,E_AI_TTM,Mineria de texto,30.66,
AT,2025,L,Real estate activities,E_AI_TANY,Cualquier IA,,u
BE,2025,L,Real estate activities,E_AI_TANY,Cualquier IA,,u
BG,2025,L,Real estate activities,E_AI_TANY,Cualquier IA,10.58,
CY,2025,L,Real estate activities,E_AI_TANY,Cualquier IA,8.95,
CZ,2025,L,Real estate activities,E_AI_TANY,Cualquier IA,15.86,
DE,2025,L,Real estate activities,E_AI_TANY,Cualquier IA,29.06,
DK,2025,L,Real estate activities,E_AI_TANY,Cualquier IA,,u
EE,2025,L,Real estate activities,E_AI_TANY,Cualquier IA,23.25,
EL,2025,L,Real estate activities,E_AI_TANY,Cualquier IA,12.91,
ES,2025,L,Real estate activities,E_AI_TANY,Cualquier IA,34.39,
EU27_2020,2025,L,Real estate activities,E_AI_TANY,Cualquier IA,24.76,
FI,2025,L,Real estate activities,E_AI_TANY,Cualquier IA,50.93,
FR,2025,L,Real estate activities,E_AI_TANY,Cualquier IA,26.25,
HR,2025,L,Real estate activities,E_AI_TANY,Cualquier IA,27.47,
HU,2025,L,Real estate activities,E_AI_TANY,Cualquier IA,4.69,
IE,2025,L,Real estate activities,E_AI_TANY,Cualquier IA,18.53,
IT,2025,L,Real estate activities,E_AI_TANY,Cualquier IA,13.96,
LT,2025,L,Real estate activities,E_AI_TANY,Cualquier IA,19.03,
LU,2025,L,Real estate activities,E_AI_TANY,Cualquier IA,,@C
LV,2025,L,Real estate activities,E_AI_TANY,Cualquier IA,11.45,
MT,2025,L,Real estate activities,E_AI_TANY,Cualquier IA,19.79,
NL,2025,L,Real estate activities,E_AI_TANY,Cualquier IA,,u
PL,2025,L,Real estate activities,E_AI_TANY,Cualquier IA,4.09,
PT,2025,L,Real estate activities,E_AI_TANY,Cualquier IA,14.8,
RO,2025,L,Real estate activities,E_AI_TANY,Cualquier IA,0.58,
SE,2025,L,Real estate activities,E_AI_TANY,Cualquier IA,56.44,
SI,2025,L,Real estate activities,E_AI_TANY,Cualquier IA,23.15,
SK,2025,L,Real estate activities,E_AI_TANY,Cualquier IA,8.55,
AT,2025,L,Real estate activities,E_AI_TAR,Robots autonomos,,u
BE,2025,L,Real estate activities,E_AI_TAR,Robots autonomos,0.0,
BG,2025,L,Real estate activities,E_AI_TAR,Robots autonomos,0.0,
CY,2025,L,Real estate activities,E_AI_TAR,Robots autonomos,0.0,
CZ,2025,L,Real estate activities,E_AI_TAR,Robots autonomos,1.04,
DE,2025,L,Real estate activities,E_AI_TAR,Robots autonomos,0.83,
DK,2025,L,Real estate activities,E_AI_TAR,Robots autonomos,1.09,
EE,2025,L,Real estate activities,E_AI_TAR,Robots autonomos,0.0,
EL,2025,L,Real estate activities,E_AI_TAR,Robots autonomos,0.49,
ES,2025,L,Real estate activities,E_AI_TAR,Robots autonomos,0.88,
EU27_2020,2025,L,Real estate activities,E_AI_TAR,Robots autonomos,1.12,
FI,2025,L,Real estate activities,E_AI_TAR,Robots autonomos,2.21,
FR,2025,L,Real estate activities,E_AI_TAR,Robots autonomos,3.45,
HR,2025,L,Real estate activities,E_AI_TAR,Robots autonomos,0.0,
HU,2025,L,Real estate activities,E_AI_TAR,Robots autonomos,0.13,
IE,2025,L,Real estate activities,E_AI_TAR,Robots autonomos,0.0,
IT,2025,L,Real estate activities,E_AI_TAR,Robots autonomos,,@C
LT,2025,L,Real estate activities,E_AI_TAR,Robots autonomos,0.0,
LU,2025,L,Real estate activities,E_AI_TAR,Robots autonomos,,@C
LV,2025,L,Real estate activities,E_AI_TAR,Robots autonomos,0.75,
MT,2025,L,Real estate activities,E_AI_TAR,Robots autonomos,0.0,
NL,2025,L,Real estate activities,E_AI_TAR,Robots autonomos,4.61,
PL,2025,L,Real estate activities,E_AI_TAR,Robots autonomos,0.05,
PT,2025,L,Real estate activities,E_AI_TAR,Robots autonomos,0.36,
RO,2025,L,Real estate activities,E_AI_TAR,Robots autonomos,0.0,
SE,2025,L,Real estate activities,E_AI_TAR,Robots autonomos,0.11,
SI,2025,L,Real estate activities,E_AI_TAR,Robots autonomos,0.0,
SK,2025,L,Real estate activities,E_AI_TAR,Robots autonomos,1.55,
AT,2025,L,Real estate activities,E_AI_TIR,Vision por computador,6.22,
BE,2025,L,Real estate activities,E_AI_TIR,Vision por computador,,u
BG,2025,L,Real estate activities,E_AI_TIR,Vision por computador,,u
CY,2025,L,Real estate activities,E_AI_TIR,Vision por computador,1.88,
CZ,2025,L,Real estate activities,E_AI_TIR,Vision por computador,2.27,
DE,2025,L,Real estate activities,E_AI_TIR,Vision por computador,2.6,
DK,2025,L,Real estate activities,E_AI_TIR,Vision por computador,4.87,
EE,2025,L,Real estate activities,E_AI_TIR,Vision por computador,4.63,
EL,2025,L,Real estate activities,E_AI_TIR,Vision por computador,0.49,
ES,2025,L,Real estate activities,E_AI_TIR,Vision por computador,6.43,
EU27_2020,2025,L,Real estate activities,E_AI_TIR,Vision por computador,3.45,
FI,2025,L,Real estate activities,E_AI_TIR,Vision por computador,8.44,
FR,2025,L,Real estate activities,E_AI_TIR,Vision por computador,3.86,
HR,2025,L,Real estate activities,E_AI_TIR,Vision por computador,0.0,
HU,2025,L,Real estate activities,E_AI_TIR,Vision por computador,1.05,
IE,2025,L,Real estate activities,E_AI_TIR,Vision por computador,1.27,
IT,2025,L,Real estate activities,E_AI_TIR,Vision por computador,3.03,
LT,2025,L,Real estate activities,E_AI_TIR,Vision por computador,2.43,
LU,2025,L,Real estate activities,E_AI_TIR,Vision por computador,,@C
LV,2025,L,Real estate activities,E_AI_TIR,Vision por computador,3.18,
MT,2025,L,Real estate activities,E_AI_TIR,Vision por computador,5.96,
NL,2025,L,Real estate activities,E_AI_TIR,Vision por computador,3.74,
PL,2025,L,Real estate activities,E_AI_TIR,Vision por computador,2.02,
PT,2025,L,Real estate activities,E_AI_TIR,Vision por computador,2.69,
RO,2025,L,Real estate activities,E_AI_TIR,Vision por computador,0.19,
SE,2025,L,Real estate activities,E_AI_TIR,Vision por computador,6.11,
SI,2025,L,Real estate activities,E_AI_TIR,Vision por computador,21.72,
SK,2025,L,Real estate activities,E_AI_TIR,Vision por computador,2.25,
AT,2025,L,Real estate activities,E_AI_TML,Machine learning,8.36,
BE,2025,L,Real estate activities,E_AI_TML,Machine learning,,u
BG,2025,L,Real estate activities,E_AI_TML,Machine learning,,u
CY,2025,L,Real estate activities,E_AI_TML,Machine learning,0.0,
CZ,2025,L,Real estate activities,E_AI_TML,Machine learning,6.91,
DE,2025,L,Real estate activities,E_AI_TML,Machine learning,2.69,
DK,2025,L,Real estate activities,E_AI_TML,Machine learning,,u
EE,2025,L,Real estate activities,E_AI_TML,Machine learning,6.19,
EL,2025,L,Real estate activities,E_AI_TML,Machine learning,6.07,
ES,2025,L,Real estate activities,E_AI_TML,Machine learning,4.95,
EU27_2020,2025,L,Real estate activities,E_AI_TML,Machine learning,4.58,
FI,2025,L,Real estate activities,E_AI_TML,Machine learning,15.45,
FR,2025,L,Real estate activities,E_AI_TML,Machine learning,4.03,
HR,2025,L,Real estate activities,E_AI_TML,Machine learning,16.98,
HU,2025,L,Real estate activities,E_AI_TML,Machine learning,0.4,
IE,2025,L,Real estate activities,E_AI_TML,Machine learning,2.61,
IT,2025,L,Real estate activities,E_AI_TML,Machine learning,2.19,
LT,2025,L,Real estate activities,E_AI_TML,Machine learning,2.02,
LU,2025,L,Real estate activities,E_AI_TML,Machine learning,,@C
LV,2025,L,Real estate activities,E_AI_TML,Machine learning,0.29,
MT,2025,L,Real estate activities,E_AI_TML,Machine learning,4.9,
NL,2025,L,Real estate activities,E_AI_TML,Machine learning,11.38,
PL,2025,L,Real estate activities,E_AI_TML,Machine learning,0.95,
PT,2025,L,Real estate activities,E_AI_TML,Machine learning,5.98,
RO,2025,L,Real estate activities,E_AI_TML,Machine learning,0.19,
SE,2025,L,Real estate activities,E_AI_TML,Machine learning,15.49,
SI,2025,L,Real estate activities,E_AI_TML,Machine learning,0.0,
SK,2025,L,Real estate activities,E_AI_TML,Machine learning,0.0,
AT,2025,L,Real estate activities,E_AI_TNLG,Generacion de lenguaje,14.6,
BE,2025,L,Real estate activities,E_AI_TNLG,Generacion de lenguaje,,u
BG,2025,L,Real estate activities,E_AI_TNLG,Generacion de lenguaje,,u
CY,2025,L,Real estate activities,E_AI_TNLG,Generacion de lenguaje,3.32,
CZ,2025,L,Real estate activities,E_AI_TNLG,Generacion de lenguaje,11.02,
DE,2025,L,Real estate activities,E_AI_TNLG,Generacion de lenguaje,8.04,
DK,2025,L,Real estate activities,E_AI_TNLG,Generacion de lenguaje,,u
EE,2025,L,Real estate activities,E_AI_TNLG,Generacion de lenguaje,13.19,
EL,2025,L,Real estate activities,E_AI_TNLG,Generacion de lenguaje,8.93,
ES,2025,L,Real estate activities,E_AI_TNLG,Generacion de lenguaje,17.97,
EU27_2020,2025,L,Real estate activities,E_AI_TNLG,Generacion de lenguaje,10.15,
FI,2025,L,Real estate activities,E_AI_TNLG,Generacion de lenguaje,22.86,
FR,2025,L,Real estate activities,E_AI_TNLG,Generacion de lenguaje,8.19,
HR,2025,L,Real estate activities,E_AI_TNLG,Generacion de lenguaje,9.16,
HU,2025,L,Real estate activities,E_AI_TNLG,Generacion de lenguaje,1.04,
IE,2025,L,Real estate activities,E_AI_TNLG,Generacion de lenguaje,9.57,
IT,2025,L,Real estate activities,E_AI_TNLG,Generacion de lenguaje,5.37,
LT,2025,L,Real estate activities,E_AI_TNLG,Generacion de lenguaje,4.86,
LU,2025,L,Real estate activities,E_AI_TNLG,Generacion de lenguaje,,@C
LV,2025,L,Real estate activities,E_AI_TNLG,Generacion de lenguaje,4.05,
MT,2025,L,Real estate activities,E_AI_TNLG,Generacion de lenguaje,5.96,
NL,2025,L,Real estate activities,E_AI_TNLG,Generacion de lenguaje,22.63,
PL,2025,L,Real estate activities,E_AI_TNLG,Generacion de lenguaje,1.93,
PT,2025,L,Real estate activities,E_AI_TNLG,Generacion de lenguaje,8.51,
RO,2025,L,Real estate activities,E_AI_TNLG,Generacion de lenguaje,0.58,
SE,2025,L,Real estate activities,E_AI_TNLG,Generacion de lenguaje,33.25,
SI,2025,L,Real estate activities,E_AI_TNLG,Generacion de lenguaje,0.0,
SK,2025,L,Real estate activities,E_AI_TNLG,Generacion de lenguaje,3.63,
AT,2025,L,Real estate activities,E_AI_TPA,Automatizacion de procesos,10.17,
BE,2025,L,Real estate activities,E_AI_TPA,Automatizacion de procesos,,u
BG,2025,L,Real estate activities,E_AI_TPA,Automatizacion de procesos,,u
CY,2025,L,Real estate activities,E_AI_TPA,Automatizacion de procesos,3.75,
CZ,2025,L,Real estate activities,E_AI_TPA,Automatizacion de procesos,3.33,
DE,2025,L,Real estate activities,E_AI_TPA,Automatizacion de procesos,5.01,
DK,2025,L,Real estate activities,E_AI_TPA,Automatizacion de procesos,,u
EE,2025,L,Real estate activities,E_AI_TPA,Automatizacion de procesos,3.87,
EL,2025,L,Real estate activities,E_AI_TPA,Automatizacion de procesos,6.58,
ES,2025,L,Real estate activities,E_AI_TPA,Automatizacion de procesos,10.11,
EU27_2020,2025,L,Real estate activities,E_AI_TPA,Automatizacion de procesos,5.76,
FI,2025,L,Real estate activities,E_AI_TPA,Automatizacion de procesos,16.45,
FR,2025,L,Real estate activities,E_AI_TPA,Automatizacion de procesos,5.97,
HR,2025,L,Real estate activities,E_AI_TPA,Automatizacion de procesos,8.49,
HU,2025,L,Real estate activities,E_AI_TPA,Automatizacion de procesos,1.35,
IE,2025,L,Real estate activities,E_AI_TPA,Automatizacion de procesos,5.11,
IT,2025,L,Real estate activities,E_AI_TPA,Automatizacion de procesos,1.69,
LT,2025,L,Real estate activities,E_AI_TPA,Automatizacion de procesos,3.64,
LU,2025,L,Real estate activities,E_AI_TPA,Automatizacion de procesos,,@C
LV,2025,L,Real estate activities,E_AI_TPA,Automatizacion de procesos,2.43,
MT,2025,L,Real estate activities,E_AI_TPA,Automatizacion de procesos,8.93,
NL,2025,L,Real estate activities,E_AI_TPA,Automatizacion de procesos,16.46,
PL,2025,L,Real estate activities,E_AI_TPA,Automatizacion de procesos,1.73,
PT,2025,L,Real estate activities,E_AI_TPA,Automatizacion de procesos,1.92,
RO,2025,L,Real estate activities,E_AI_TPA,Automatizacion de procesos,0.19,
SE,2025,L,Real estate activities,E_AI_TPA,Automatizacion de procesos,13.9,
SI,2025,L,Real estate activities,E_AI_TPA,Automatizacion de procesos,0.0,
SK,2025,L,Real estate activities,E_AI_TPA,Automatizacion de procesos,1.13,
AT,2025,L,Real estate activities,E_AI_TPVSG,Generacion de imagen/audio,14.79,
BE,2025,L,Real estate activities,E_AI_TPVSG,Generacion de imagen/audio,,u
BG,2025,L,Real estate activities,E_AI_TPVSG,Generacion de imagen/audio,,u
CY,2025,L,Real estate activities,E_AI_TPVSG,Generacion de imagen/audio,7.08,
CZ,2025,L,Real estate activities,E_AI_TPVSG,Generacion de imagen/audio,9.0,
DE,2025,L,Real estate activities,E_AI_TPVSG,Generacion de imagen/audio,11.27,
DK,2025,L,Real estate activities,E_AI_TPVSG,Generacion de imagen/audio,,u
EE,2025,L,Real estate activities,E_AI_TPVSG,Generacion de imagen/audio,4.69,
EL,2025,L,Real estate activities,E_AI_TPVSG,Generacion de imagen/audio,8.02,
ES,2025,L,Real estate activities,E_AI_TPVSG,Generacion de imagen/audio,7.4,
EU27_2020,2025,L,Real estate activities,E_AI_TPVSG,Generacion de imagen/audio,9.75,
FI,2025,L,Real estate activities,E_AI_TPVSG,Generacion de imagen/audio,30.29,
FR,2025,L,Real estate activities,E_AI_TPVSG,Generacion de imagen/audio,11.24,
HR,2025,L,Real estate activities,E_AI_TPVSG,Generacion de imagen/audio,9.82,
HU,2025,L,Real estate activities,E_AI_TPVSG,Generacion de imagen/audio,3.12,
IE,2025,L,Real estate activities,E_AI_TPVSG,Generacion de imagen/audio,2.54,
IT,2025,L,Real estate activities,E_AI_TPVSG,Generacion de imagen/audio,4.33,
LT,2025,L,Real estate activities,E_AI_TPVSG,Generacion de imagen/audio,10.93,
LU,2025,L,Real estate activities,E_AI_TPVSG,Generacion de imagen/audio,,@C
LV,2025,L,Real estate activities,E_AI_TPVSG,Generacion de imagen/audio,4.22,
MT,2025,L,Real estate activities,E_AI_TPVSG,Generacion de imagen/audio,5.96,
NL,2025,L,Real estate activities,E_AI_TPVSG,Generacion de imagen/audio,23.55,
PL,2025,L,Real estate activities,E_AI_TPVSG,Generacion de imagen/audio,1.59,
PT,2025,L,Real estate activities,E_AI_TPVSG,Generacion de imagen/audio,6.47,
RO,2025,L,Real estate activities,E_AI_TPVSG,Generacion de imagen/audio,0.58,
SE,2025,L,Real estate activities,E_AI_TPVSG,Generacion de imagen/audio,22.51,
SI,2025,L,Real estate activities,E_AI_TPVSG,Generacion de imagen/audio,0.0,
SK,2025,L,Real estate activities,E_AI_TPVSG,Generacion de imagen/audio,3.38,
AT,2025,L,Real estate activities,E_AI_TSR,Reconocimiento de voz,10.97,
BE,2025,L,Real estate activities,E_AI_TSR,Reconocimiento de voz,,u
BG,2025,L,Real estate activities,E_AI_TSR,Reconocimiento de voz,,u
CY,2025,L,Real estate activities,E_AI_TSR,Reconocimiento de voz,1.45,
CZ,2025,L,Real estate activities,E_AI_TSR,Reconocimiento de voz,5.45,
DE,2025,L,Real estate activities,E_AI_TSR,Reconocimiento de voz,13.64,
DK,2025,L,Real estate activities,E_AI_TSR,Reconocimiento de voz,,u
EE,2025,L,Real estate activities,E_AI_TSR,Reconocimiento de voz,3.87,
EL,2025,L,Real estate activities,E_AI_TSR,Reconocimiento de voz,7.09,
ES,2025,L,Real estate activities,E_AI_TSR,Reconocimiento de voz,5.12,
EU27_2020,2025,L,Real estate activities,E_AI_TSR,Reconocimiento de voz,8.81,
FI,2025,L,Real estate activities,E_AI_TSR,Reconocimiento de voz,16.66,
FR,2025,L,Real estate activities,E_AI_TSR,Reconocimiento de voz,6.27,
HR,2025,L,Real estate activities,E_AI_TSR,Reconocimiento de voz,8.49,
HU,2025,L,Real estate activities,E_AI_TSR,Reconocimiento de voz,0.95,
IE,2025,L,Real estate activities,E_AI_TSR,Reconocimiento de voz,8.3,
IT,2025,L,Real estate activities,E_AI_TSR,Reconocimiento de voz,7.92,
LT,2025,L,Real estate activities,E_AI_TSR,Reconocimiento de voz,2.83,
LU,2025,L,Real estate activities,E_AI_TSR,Reconocimiento de voz,,@C
LV,2025,L,Real estate activities,E_AI_TSR,Reconocimiento de voz,2.08,
MT,2025,L,Real estate activities,E_AI_TSR,Reconocimiento de voz,2.98,
NL,2025,L,Real estate activities,E_AI_TSR,Reconocimiento de voz,23.99,
PL,2025,L,Real estate activities,E_AI_TSR,Reconocimiento de voz,1.36,
PT,2025,L,Real estate activities,E_AI_TSR,Reconocimiento de voz,7.28,
RO,2025,L,Real estate activities,E_AI_TSR,Reconocimiento de voz,0.39,
SE,2025,L,Real estate activities,E_AI_TSR,Reconocimiento de voz,14.91,
SI,2025,L,Real estate activities,E_AI_TSR,Reconocimiento de voz,14.61,
SK,2025,L,Real estate activities,E_AI_TSR,Reconocimiento de voz,4.5,
AT,2025,L,Real estate activities,E_AI_TTM,Mineria de texto,,u
BE,2025,L,Real estate activities,E_AI_TTM,Mineria de texto,,u
BG,2025,L,Real estate activities,E_AI_TTM,Mineria de texto,,u
CY,2025,L,Real estate activities,E_AI_TTM,Mineria de texto,7.08,
CZ,2025,L,Real estate activities,E_AI_TTM,Mineria de texto,6.79,
DE,2025,L,Real estate activities,E_AI_TTM,Mineria de texto,15.1,
DK,2025,L,Real estate activities,E_AI_TTM,Mineria de texto,,u
EE,2025,L,Real estate activities,E_AI_TTM,Mineria de texto,3.13,
EL,2025,L,Real estate activities,E_AI_TTM,Mineria de texto,11.01,
ES,2025,L,Real estate activities,E_AI_TTM,Mineria de texto,23.11,
EU27_2020,2025,L,Real estate activities,E_AI_TTM,Mineria de texto,15.31,
FI,2025,L,Real estate activities,E_AI_TTM,Mineria de texto,43.31,
FR,2025,L,Real estate activities,E_AI_TTM,Mineria de texto,14.77,
HR,2025,L,Real estate activities,E_AI_TTM,Mineria de texto,,u
HU,2025,L,Real estate activities,E_AI_TTM,Mineria de texto,1.91,
IE,2025,L,Real estate activities,E_AI_TTM,Mineria de texto,5.77,
IT,2025,L,Real estate activities,E_AI_TTM,Mineria de texto,12.14,
LT,2025,L,Real estate activities,E_AI_TTM,Mineria de texto,15.79,
LU,2025,L,Real estate activities,E_AI_TTM,Mineria de texto,,@C
LV,2025,L,Real estate activities,E_AI_TTM,Mineria de texto,7.57,
MT,2025,L,Real estate activities,E_AI_TTM,Mineria de texto,11.91,
NL,2025,L,Real estate activities,E_AI_TTM,Mineria de texto,,u
PL,2025,L,Real estate activities,E_AI_TTM,Mineria de texto,0.8,
PT,2025,L,Real estate activities,E_AI_TTM,Mineria de texto,12.57,
RO,2025,L,Real estate activities,E_AI_TTM,Mineria de texto,0.58,
SE,2025,L,Real estate activities,E_AI_TTM,Mineria de texto,40.94,
SI,2025,L,Real estate activities,E_AI_TTM,Mineria de texto,4.25,
SK,2025,L,Real estate activities,E_AI_TTM,Mineria de texto,3.38,
AT,2025,M,"Professional, scientific and technical activities",E_AI_TANY,Cualquier IA,52.8,
BE,2025,M,"Professional, scientific and technical activities",E_AI_TANY,Cualquier IA,57.11,
BG,2025,M,"Professional, scientific and technical activities",E_AI_TANY,Cualquier IA,26.38,
CY,2025,M,"Professional, scientific and technical activities",E_AI_TANY,Cualquier IA,14.14,
CZ,2025,M,"Professional, scientific and technical activities",E_AI_TANY,Cualquier IA,33.31,
DE,2025,M,"Professional, scientific and technical activities",E_AI_TANY,Cualquier IA,48.3,
DK,2025,M,"Professional, scientific and technical activities",E_AI_TANY,Cualquier IA,63.71,
EE,2025,M,"Professional, scientific and technical activities",E_AI_TANY,Cualquier IA,52.24,
EL,2025,M,"Professional, scientific and technical activities",E_AI_TANY,Cualquier IA,30.81,
ES,2025,M,"Professional, scientific and technical activities",E_AI_TANY,Cualquier IA,38.35,
EU27_2020,2025,M,"Professional, scientific and technical activities",E_AI_TANY,Cualquier IA,40.43,
FI,2025,M,"Professional, scientific and technical activities",E_AI_TANY,Cualquier IA,74.75,
FR,2025,M,"Professional, scientific and technical activities",E_AI_TANY,Cualquier IA,32.5,
HR,2025,M,"Professional, scientific and technical activities",E_AI_TANY,Cualquier IA,35.28,
HU,2025,M,"Professional, scientific and technical activities",E_AI_TANY,Cualquier IA,22.86,
IE,2025,M,"Professional, scientific and technical activities",E_AI_TANY,Cualquier IA,31.76,
IT,2025,M,"Professional, scientific and technical activities",E_AI_TANY,Cualquier IA,35.72,
LT,2025,M,"Professional, scientific and technical activities",E_AI_TANY,Cualquier IA,37.68,
LU,2025,M,"Professional, scientific and technical activities",E_AI_TANY,Cualquier IA,51.65,
LV,2025,M,"Professional, scientific and technical activities",E_AI_TANY,Cualquier IA,29.02,
MT,2025,M,"Professional, scientific and technical activities",E_AI_TANY,Cualquier IA,35.43,
NL,2025,M,"Professional, scientific and technical activities",E_AI_TANY,Cualquier IA,54.98,
PL,2025,M,"Professional, scientific and technical activities",E_AI_TANY,Cualquier IA,22.16,
PT,2025,M,"Professional, scientific and technical activities",E_AI_TANY,Cualquier IA,25.68,
RO,2025,M,"Professional, scientific and technical activities",E_AI_TANY,Cualquier IA,15.6,
SE,2025,M,"Professional, scientific and technical activities",E_AI_TANY,Cualquier IA,64.88,
SI,2025,M,"Professional, scientific and technical activities",E_AI_TANY,Cualquier IA,28.29,
SK,2025,M,"Professional, scientific and technical activities",E_AI_TANY,Cualquier IA,28.48,
AT,2025,M,"Professional, scientific and technical activities",E_AI_TAR,Robots autonomos,1.35,
BE,2025,M,"Professional, scientific and technical activities",E_AI_TAR,Robots autonomos,2.74,
BG,2025,M,"Professional, scientific and technical activities",E_AI_TAR,Robots autonomos,,u
CY,2025,M,"Professional, scientific and technical activities",E_AI_TAR,Robots autonomos,0.29,
CZ,2025,M,"Professional, scientific and technical activities",E_AI_TAR,Robots autonomos,1.17,
DE,2025,M,"Professional, scientific and technical activities",E_AI_TAR,Robots autonomos,1.38,
DK,2025,M,"Professional, scientific and technical activities",E_AI_TAR,Robots autonomos,3.62,
EE,2025,M,"Professional, scientific and technical activities",E_AI_TAR,Robots autonomos,0.55,
EL,2025,M,"Professional, scientific and technical activities",E_AI_TAR,Robots autonomos,1.23,
ES,2025,M,"Professional, scientific and technical activities",E_AI_TAR,Robots autonomos,2.74,
EU27_2020,2025,M,"Professional, scientific and technical activities",E_AI_TAR,Robots autonomos,2.07,
FI,2025,M,"Professional, scientific and technical activities",E_AI_TAR,Robots autonomos,3.68,
FR,2025,M,"Professional, scientific and technical activities",E_AI_TAR,Robots autonomos,3.26,
HR,2025,M,"Professional, scientific and technical activities",E_AI_TAR,Robots autonomos,1.65,
HU,2025,M,"Professional, scientific and technical activities",E_AI_TAR,Robots autonomos,3.08,
IE,2025,M,"Professional, scientific and technical activities",E_AI_TAR,Robots autonomos,1.08,
IT,2025,M,"Professional, scientific and technical activities",E_AI_TAR,Robots autonomos,1.51,
LT,2025,M,"Professional, scientific and technical activities",E_AI_TAR,Robots autonomos,3.19,
LU,2025,M,"Professional, scientific and technical activities",E_AI_TAR,Robots autonomos,1.7,
LV,2025,M,"Professional, scientific and technical activities",E_AI_TAR,Robots autonomos,2.44,
MT,2025,M,"Professional, scientific and technical activities",E_AI_TAR,Robots autonomos,2.63,
NL,2025,M,"Professional, scientific and technical activities",E_AI_TAR,Robots autonomos,2.41,
PL,2025,M,"Professional, scientific and technical activities",E_AI_TAR,Robots autonomos,1.55,
PT,2025,M,"Professional, scientific and technical activities",E_AI_TAR,Robots autonomos,1.09,
RO,2025,M,"Professional, scientific and technical activities",E_AI_TAR,Robots autonomos,1.78,
SE,2025,M,"Professional, scientific and technical activities",E_AI_TAR,Robots autonomos,1.21,
SI,2025,M,"Professional, scientific and technical activities",E_AI_TAR,Robots autonomos,0.0,
SK,2025,M,"Professional, scientific and technical activities",E_AI_TAR,Robots autonomos,2.1,
AT,2025,M,"Professional, scientific and technical activities",E_AI_TIR,Vision por computador,3.92,
BE,2025,M,"Professional, scientific and technical activities",E_AI_TIR,Vision por computador,8.7,
BG,2025,M,"Professional, scientific and technical activities",E_AI_TIR,Vision por computador,8.21,
CY,2025,M,"Professional, scientific and technical activities",E_AI_TIR,Vision por computador,3.67,
CZ,2025,M,"Professional, scientific and technical activities",E_AI_TIR,Vision por computador,3.13,
DE,2025,M,"Professional, scientific and technical activities",E_AI_TIR,Vision por computador,6.63,
DK,2025,M,"Professional, scientific and technical activities",E_AI_TIR,Vision por computador,9.95,
EE,2025,M,"Professional, scientific and technical activities",E_AI_TIR,Vision por computador,7.68,
EL,2025,M,"Professional, scientific and technical activities",E_AI_TIR,Vision por computador,6.38,
ES,2025,M,"Professional, scientific and technical activities",E_AI_TIR,Vision por computador,9.7,
EU27_2020,2025,M,"Professional, scientific and technical activities",E_AI_TIR,Vision por computador,6.81,
FI,2025,M,"Professional, scientific and technical activities",E_AI_TIR,Vision por computador,18.63,
FR,2025,M,"Professional, scientific and technical activities",E_AI_TIR,Vision por computador,5.38,
HR,2025,M,"Professional, scientific and technical activities",E_AI_TIR,Vision por computador,9.11,
HU,2025,M,"Professional, scientific and technical activities",E_AI_TIR,Vision por computador,6.66,
IE,2025,M,"Professional, scientific and technical activities",E_AI_TIR,Vision por computador,4.09,
IT,2025,M,"Professional, scientific and technical activities",E_AI_TIR,Vision por computador,7.6,
LT,2025,M,"Professional, scientific and technical activities",E_AI_TIR,Vision por computador,12.01,
LU,2025,M,"Professional, scientific and technical activities",E_AI_TIR,Vision por computador,7.13,
LV,2025,M,"Professional, scientific and technical activities",E_AI_TIR,Vision por computador,9.34,
MT,2025,M,"Professional, scientific and technical activities",E_AI_TIR,Vision por computador,3.82,
NL,2025,M,"Professional, scientific and technical activities",E_AI_TIR,Vision por computador,7.73,
PL,2025,M,"Professional, scientific and technical activities",E_AI_TIR,Vision por computador,2.9,
PT,2025,M,"Professional, scientific and technical activities",E_AI_TIR,Vision por computador,4.75,
RO,2025,M,"Professional, scientific and technical activities",E_AI_TIR,Vision por computador,6.36,
SE,2025,M,"Professional, scientific and technical activities",E_AI_TIR,Vision por computador,9.56,
SI,2025,M,"Professional, scientific and technical activities",E_AI_TIR,Vision por computador,11.32,
SK,2025,M,"Professional, scientific and technical activities",E_AI_TIR,Vision por computador,6.86,
AT,2025,M,"Professional, scientific and technical activities",E_AI_TML,Machine learning,16.83,
BE,2025,M,"Professional, scientific and technical activities",E_AI_TML,Machine learning,24.57,
BG,2025,M,"Professional, scientific and technical activities",E_AI_TML,Machine learning,8.96,
CY,2025,M,"Professional, scientific and technical activities",E_AI_TML,Machine learning,6.58,
CZ,2025,M,"Professional, scientific and technical activities",E_AI_TML,Machine learning,14.0,
DE,2025,M,"Professional, scientific and technical activities",E_AI_TML,Machine learning,14.53,
DK,2025,M,"Professional, scientific and technical activities",E_AI_TML,Machine learning,17.83,
EE,2025,M,"Professional, scientific and technical activities",E_AI_TML,Machine learning,9.02,
EL,2025,M,"Professional, scientific and technical activities",E_AI_TML,Machine learning,12.86,
ES,2025,M,"Professional, scientific and technical activities",E_AI_TML,Machine learning,12.68,
EU27_2020,2025,M,"Professional, scientific and technical activities",E_AI_TML,Machine learning,12.46,
FI,2025,M,"Professional, scientific and technical activities",E_AI_TML,Machine learning,33.55,
FR,2025,M,"Professional, scientific and technical activities",E_AI_TML,Machine learning,8.0,
HR,2025,M,"Professional, scientific and technical activities",E_AI_TML,Machine learning,8.29,
HU,2025,M,"Professional, scientific and technical activities",E_AI_TML,Machine learning,4.91,
IE,2025,M,"Professional, scientific and technical activities",E_AI_TML,Machine learning,7.69,
IT,2025,M,"Professional, scientific and technical activities",E_AI_TML,Machine learning,10.41,
LT,2025,M,"Professional, scientific and technical activities",E_AI_TML,Machine learning,12.01,
LU,2025,M,"Professional, scientific and technical activities",E_AI_TML,Machine learning,13.87,
LV,2025,M,"Professional, scientific and technical activities",E_AI_TML,Machine learning,10.89,
MT,2025,M,"Professional, scientific and technical activities",E_AI_TML,Machine learning,11.0,
NL,2025,M,"Professional, scientific and technical activities",E_AI_TML,Machine learning,18.03,
PL,2025,M,"Professional, scientific and technical activities",E_AI_TML,Machine learning,4.15,
PT,2025,M,"Professional, scientific and technical activities",E_AI_TML,Machine learning,12.21,
RO,2025,M,"Professional, scientific and technical activities",E_AI_TML,Machine learning,8.85,
SE,2025,M,"Professional, scientific and technical activities",E_AI_TML,Machine learning,18.66,
SI,2025,M,"Professional, scientific and technical activities",E_AI_TML,Machine learning,9.69,
SK,2025,M,"Professional, scientific and technical activities",E_AI_TML,Machine learning,12.28,
AT,2025,M,"Professional, scientific and technical activities",E_AI_TNLG,Generacion de lenguaje,26.92,
BE,2025,M,"Professional, scientific and technical activities",E_AI_TNLG,Generacion de lenguaje,25.41,
BG,2025,M,"Professional, scientific and technical activities",E_AI_TNLG,Generacion de lenguaje,11.33,
CY,2025,M,"Professional, scientific and technical activities",E_AI_TNLG,Generacion de lenguaje,6.8,
CZ,2025,M,"Professional, scientific and technical activities",E_AI_TNLG,Generacion de lenguaje,25.19,
DE,2025,M,"Professional, scientific and technical activities",E_AI_TNLG,Generacion de lenguaje,14.74,
DK,2025,M,"Professional, scientific and technical activities",E_AI_TNLG,Generacion de lenguaje,49.96,
EE,2025,M,"Professional, scientific and technical activities",E_AI_TNLG,Generacion de lenguaje,40.57,
EL,2025,M,"Professional, scientific and technical activities",E_AI_TNLG,Generacion de lenguaje,13.95,
ES,2025,M,"Professional, scientific and technical activities",E_AI_TNLG,Generacion de lenguaje,17.31,
EU27_2020,2025,M,"Professional, scientific and technical activities",E_AI_TNLG,Generacion de lenguaje,17.74,
FI,2025,M,"Professional, scientific and technical activities",E_AI_TNLG,Generacion de lenguaje,43.6,
FR,2025,M,"Professional, scientific and technical activities",E_AI_TNLG,Generacion de lenguaje,11.8,
HR,2025,M,"Professional, scientific and technical activities",E_AI_TNLG,Generacion de lenguaje,19.28,
HU,2025,M,"Professional, scientific and technical activities",E_AI_TNLG,Generacion de lenguaje,11.37,
IE,2025,M,"Professional, scientific and technical activities",E_AI_TNLG,Generacion de lenguaje,13.29,
IT,2025,M,"Professional, scientific and technical activities",E_AI_TNLG,Generacion de lenguaje,17.65,
LT,2025,M,"Professional, scientific and technical activities",E_AI_TNLG,Generacion de lenguaje,13.41,
LU,2025,M,"Professional, scientific and technical activities",E_AI_TNLG,Generacion de lenguaje,24.49,
LV,2025,M,"Professional, scientific and technical activities",E_AI_TNLG,Generacion de lenguaje,10.98,
MT,2025,M,"Professional, scientific and technical activities",E_AI_TNLG,Generacion de lenguaje,10.53,
NL,2025,M,"Professional, scientific and technical activities",E_AI_TNLG,Generacion de lenguaje,30.18,
PL,2025,M,"Professional, scientific and technical activities",E_AI_TNLG,Generacion de lenguaje,13.58,
PT,2025,M,"Professional, scientific and technical activities",E_AI_TNLG,Generacion de lenguaje,11.92,
RO,2025,M,"Professional, scientific and technical activities",E_AI_TNLG,Generacion de lenguaje,8.69,
SE,2025,M,"Professional, scientific and technical activities",E_AI_TNLG,Generacion de lenguaje,43.0,
SI,2025,M,"Professional, scientific and technical activities",E_AI_TNLG,Generacion de lenguaje,7.96,
SK,2025,M,"Professional, scientific and technical activities",E_AI_TNLG,Generacion de lenguaje,22.55,
AT,2025,M,"Professional, scientific and technical activities",E_AI_TPA,Automatizacion de procesos,13.29,
BE,2025,M,"Professional, scientific and technical activities",E_AI_TPA,Automatizacion de procesos,25.43,
BG,2025,M,"Professional, scientific and technical activities",E_AI_TPA,Automatizacion de procesos,12.78,
CY,2025,M,"Professional, scientific and technical activities",E_AI_TPA,Automatizacion de procesos,3.95,
CZ,2025,M,"Professional, scientific and technical activities",E_AI_TPA,Automatizacion de procesos,7.28,
DE,2025,M,"Professional, scientific and technical activities",E_AI_TPA,Automatizacion de procesos,17.84,
DK,2025,M,"Professional, scientific and technical activities",E_AI_TPA,Automatizacion de procesos,24.28,
EE,2025,M,"Professional, scientific and technical activities",E_AI_TPA,Automatizacion de procesos,6.84,
EL,2025,M,"Professional, scientific and technical activities",E_AI_TPA,Automatizacion de procesos,9.97,
ES,2025,M,"Professional, scientific and technical activities",E_AI_TPA,Automatizacion de procesos,16.12,
EU27_2020,2025,M,"Professional, scientific and technical activities",E_AI_TPA,Automatizacion de procesos,12.83,
FI,2025,M,"Professional, scientific and technical activities",E_AI_TPA,Automatizacion de procesos,32.02,
FR,2025,M,"Professional, scientific and technical activities",E_AI_TPA,Automatizacion de procesos,7.08,
HR,2025,M,"Professional, scientific and technical activities",E_AI_TPA,Automatizacion de procesos,3.3,
HU,2025,M,"Professional, scientific and technical activities",E_AI_TPA,Automatizacion de procesos,10.2,
IE,2025,M,"Professional, scientific and technical activities",E_AI_TPA,Automatizacion de procesos,7.69,
IT,2025,M,"Professional, scientific and technical activities",E_AI_TPA,Automatizacion de procesos,6.94,
LT,2025,M,"Professional, scientific and technical activities",E_AI_TPA,Automatizacion de procesos,18.26,
LU,2025,M,"Professional, scientific and technical activities",E_AI_TPA,Automatizacion de procesos,14.46,
LV,2025,M,"Professional, scientific and technical activities",E_AI_TPA,Automatizacion de procesos,9.81,
MT,2025,M,"Professional, scientific and technical activities",E_AI_TPA,Automatizacion de procesos,12.2,
NL,2025,M,"Professional, scientific and technical activities",E_AI_TPA,Automatizacion de procesos,13.64,
PL,2025,M,"Professional, scientific and technical activities",E_AI_TPA,Automatizacion de procesos,6.4,
PT,2025,M,"Professional, scientific and technical activities",E_AI_TPA,Automatizacion de procesos,12.6,
RO,2025,M,"Professional, scientific and technical activities",E_AI_TPA,Automatizacion de procesos,6.99,
SE,2025,M,"Professional, scientific and technical activities",E_AI_TPA,Automatizacion de procesos,16.62,
SI,2025,M,"Professional, scientific and technical activities",E_AI_TPA,Automatizacion de procesos,3.57,
SK,2025,M,"Professional, scientific and technical activities",E_AI_TPA,Automatizacion de procesos,11.3,
AT,2025,M,"Professional, scientific and technical activities",E_AI_TPVSG,Generacion de imagen/audio,20.79,
BE,2025,M,"Professional, scientific and technical activities",E_AI_TPVSG,Generacion de imagen/audio,30.0,
BG,2025,M,"Professional, scientific and technical activities",E_AI_TPVSG,Generacion de imagen/audio,16.07,
CY,2025,M,"Professional, scientific and technical activities",E_AI_TPVSG,Generacion de imagen/audio,6.22,
CZ,2025,M,"Professional, scientific and technical activities",E_AI_TPVSG,Generacion de imagen/audio,17.22,
DE,2025,M,"Professional, scientific and technical activities",E_AI_TPVSG,Generacion de imagen/audio,19.9,
DK,2025,M,"Professional, scientific and technical activities",E_AI_TPVSG,Generacion de imagen/audio,29.59,
EE,2025,M,"Professional, scientific and technical activities",E_AI_TPVSG,Generacion de imagen/audio,24.19,
EL,2025,M,"Professional, scientific and technical activities",E_AI_TPVSG,Generacion de imagen/audio,16.51,
ES,2025,M,"Professional, scientific and technical activities",E_AI_TPVSG,Generacion de imagen/audio,18.49,
EU27_2020,2025,M,"Professional, scientific and technical activities",E_AI_TPVSG,Generacion de imagen/audio,18.72,
FI,2025,M,"Professional, scientific and technical activities",E_AI_TPVSG,Generacion de imagen/audio,46.97,
FR,2025,M,"Professional, scientific and technical activities",E_AI_TPVSG,Generacion de imagen/audio,13.86,
HR,2025,M,"Professional, scientific and technical activities",E_AI_TPVSG,Generacion de imagen/audio,19.42,
HU,2025,M,"Professional, scientific and technical activities",E_AI_TPVSG,Generacion de imagen/audio,12.23,
IE,2025,M,"Professional, scientific and technical activities",E_AI_TPVSG,Generacion de imagen/audio,8.15,
IT,2025,M,"Professional, scientific and technical activities",E_AI_TPVSG,Generacion de imagen/audio,17.75,
LT,2025,M,"Professional, scientific and technical activities",E_AI_TPVSG,Generacion de imagen/audio,25.03,
LU,2025,M,"Professional, scientific and technical activities",E_AI_TPVSG,Generacion de imagen/audio,21.16,
LV,2025,M,"Professional, scientific and technical activities",E_AI_TPVSG,Generacion de imagen/audio,12.59,
MT,2025,M,"Professional, scientific and technical activities",E_AI_TPVSG,Generacion de imagen/audio,13.22,
NL,2025,M,"Professional, scientific and technical activities",E_AI_TPVSG,Generacion de imagen/audio,27.91,
PL,2025,M,"Professional, scientific and technical activities",E_AI_TPVSG,Generacion de imagen/audio,7.0,
PT,2025,M,"Professional, scientific and technical activities",E_AI_TPVSG,Generacion de imagen/audio,13.65,
RO,2025,M,"Professional, scientific and technical activities",E_AI_TPVSG,Generacion de imagen/audio,10.61,
SE,2025,M,"Professional, scientific and technical activities",E_AI_TPVSG,Generacion de imagen/audio,44.68,
SI,2025,M,"Professional, scientific and technical activities",E_AI_TPVSG,Generacion de imagen/audio,7.96,
SK,2025,M,"Professional, scientific and technical activities",E_AI_TPVSG,Generacion de imagen/audio,16.29,
AT,2025,M,"Professional, scientific and technical activities",E_AI_TSR,Reconocimiento de voz,20.41,
BE,2025,M,"Professional, scientific and technical activities",E_AI_TSR,Reconocimiento de voz,26.41,
BG,2025,M,"Professional, scientific and technical activities",E_AI_TSR,Reconocimiento de voz,12.39,
CY,2025,M,"Professional, scientific and technical activities",E_AI_TSR,Reconocimiento de voz,6.08,
CZ,2025,M,"Professional, scientific and technical activities",E_AI_TSR,Reconocimiento de voz,6.12,
DE,2025,M,"Professional, scientific and technical activities",E_AI_TSR,Reconocimiento de voz,22.76,
DK,2025,M,"Professional, scientific and technical activities",E_AI_TSR,Reconocimiento de voz,27.35,
EE,2025,M,"Professional, scientific and technical activities",E_AI_TSR,Reconocimiento de voz,12.98,
EL,2025,M,"Professional, scientific and technical activities",E_AI_TSR,Reconocimiento de voz,10.21,
ES,2025,M,"Professional, scientific and technical activities",E_AI_TSR,Reconocimiento de voz,12.72,
EU27_2020,2025,M,"Professional, scientific and technical activities",E_AI_TSR,Reconocimiento de voz,16.09,
FI,2025,M,"Professional, scientific and technical activities",E_AI_TSR,Reconocimiento de voz,32.92,
FR,2025,M,"Professional, scientific and technical activities",E_AI_TSR,Reconocimiento de voz,8.82,
HR,2025,M,"Professional, scientific and technical activities",E_AI_TSR,Reconocimiento de voz,11.88,
HU,2025,M,"Professional, scientific and technical activities",E_AI_TSR,Reconocimiento de voz,6.92,
IE,2025,M,"Professional, scientific and technical activities",E_AI_TSR,Reconocimiento de voz,13.43,
IT,2025,M,"Professional, scientific and technical activities",E_AI_TSR,Reconocimiento de voz,17.77,
LT,2025,M,"Professional, scientific and technical activities",E_AI_TSR,Reconocimiento de voz,8.05,
LU,2025,M,"Professional, scientific and technical activities",E_AI_TSR,Reconocimiento de voz,23.94,
LV,2025,M,"Professional, scientific and technical activities",E_AI_TSR,Reconocimiento de voz,10.68,
MT,2025,M,"Professional, scientific and technical activities",E_AI_TSR,Reconocimiento de voz,9.44,
NL,2025,M,"Professional, scientific and technical activities",E_AI_TSR,Reconocimiento de voz,23.62,
PL,2025,M,"Professional, scientific and technical activities",E_AI_TSR,Reconocimiento de voz,4.13,
PT,2025,M,"Professional, scientific and technical activities",E_AI_TSR,Reconocimiento de voz,10.1,
RO,2025,M,"Professional, scientific and technical activities",E_AI_TSR,Reconocimiento de voz,6.94,
SE,2025,M,"Professional, scientific and technical activities",E_AI_TSR,Reconocimiento de voz,27.04,
SI,2025,M,"Professional, scientific and technical activities",E_AI_TSR,Reconocimiento de voz,5.59,
SK,2025,M,"Professional, scientific and technical activities",E_AI_TSR,Reconocimiento de voz,19.6,
AT,2025,M,"Professional, scientific and technical activities",E_AI_TTM,Mineria de texto,39.79,
BE,2025,M,"Professional, scientific and technical activities",E_AI_TTM,Mineria de texto,42.9,
BG,2025,M,"Professional, scientific and technical activities",E_AI_TTM,Mineria de texto,17.54,
CY,2025,M,"Professional, scientific and technical activities",E_AI_TTM,Mineria de texto,9.6,
CZ,2025,M,"Professional, scientific and technical activities",E_AI_TTM,Mineria de texto,12.32,
DE,2025,M,"Professional, scientific and technical activities",E_AI_TTM,Mineria de texto,26.84,
DK,2025,M,"Professional, scientific and technical activities",E_AI_TTM,Mineria de texto,48.54,
EE,2025,M,"Professional, scientific and technical activities",E_AI_TTM,Mineria de texto,27.2,
EL,2025,M,"Professional, scientific and technical activities",E_AI_TTM,Mineria de texto,24.0,
ES,2025,M,"Professional, scientific and technical activities",E_AI_TTM,Mineria de texto,19.57,
EU27_2020,2025,M,"Professional, scientific and technical activities",E_AI_TTM,Mineria de texto,25.22,
FI,2025,M,"Professional, scientific and technical activities",E_AI_TTM,Mineria de texto,61.12,
FR,2025,M,"Professional, scientific and technical activities",E_AI_TTM,Mineria de texto,19.33,
HR,2025,M,"Professional, scientific and technical activities",E_AI_TTM,Mineria de texto,21.74,
HU,2025,M,"Professional, scientific and technical activities",E_AI_TTM,Mineria de texto,13.14,
IE,2025,M,"Professional, scientific and technical activities",E_AI_TTM,Mineria de texto,19.21,
IT,2025,M,"Professional, scientific and technical activities",E_AI_TTM,Mineria de texto,31.0,
LT,2025,M,"Professional, scientific and technical activities",E_AI_TTM,Mineria de texto,31.42,
LU,2025,M,"Professional, scientific and technical activities",E_AI_TTM,Mineria de texto,42.87,
LV,2025,M,"Professional, scientific and technical activities",E_AI_TTM,Mineria de texto,23.9,
MT,2025,M,"Professional, scientific and technical activities",E_AI_TTM,Mineria de texto,21.64,
NL,2025,M,"Professional, scientific and technical activities",E_AI_TTM,Mineria de texto,38.51,
PL,2025,M,"Professional, scientific and technical activities",E_AI_TTM,Mineria de texto,3.8,
PT,2025,M,"Professional, scientific and technical activities",E_AI_TTM,Mineria de texto,17.37,
RO,2025,M,"Professional, scientific and technical activities",E_AI_TTM,Mineria de texto,11.35,
SE,2025,M,"Professional, scientific and technical activities",E_AI_TTM,Mineria de texto,47.86,
SI,2025,M,"Professional, scientific and technical activities",E_AI_TTM,Mineria de texto,22.31,
SK,2025,M,"Professional, scientific and technical activities",E_AI_TTM,Mineria de texto,21.1,
AT,2025,N,Administrative and support service activities,E_AI_TANY,Cualquier IA,25.72,
BE,2025,N,Administrative and support service activities,E_AI_TANY,Cualquier IA,28.95,
BG,2025,N,Administrative and support service activities,E_AI_TANY,Cualquier IA,7.83,
CY,2025,N,Administrative and support service activities,E_AI_TANY,Cualquier IA,10.95,
CZ,2025,N,Administrative and support service activities,E_AI_TANY,Cualquier IA,13.01,
DE,2025,N,Administrative and support service activities,E_AI_TANY,Cualquier IA,22.08,
DK,2025,N,Administrative and support service activities,E_AI_TANY,Cualquier IA,33.06,
EE,2025,N,Administrative and support service activities,E_AI_TANY,Cualquier IA,19.07,
EL,2025,N,Administrative and support service activities,E_AI_TANY,Cualquier IA,14.79,
ES,2025,N,Administrative and support service activities,E_AI_TANY,Cualquier IA,18.79,
EU27_2020,2025,N,Administrative and support service activities,E_AI_TANY,Cualquier IA,19.86,
FI,2025,N,Administrative and support service activities,E_AI_TANY,Cualquier IA,38.65,
FR,2025,N,Administrative and support service activities,E_AI_TANY,Cualquier IA,19.32,
HR,2025,N,Administrative and support service activities,E_AI_TANY,Cualquier IA,16.43,
HU,2025,N,Administrative and support service activities,E_AI_TANY,Cualquier IA,8.68,
IE,2025,N,Administrative and support service activities,E_AI_TANY,Cualquier IA,25.61,
IT,2025,N,Administrative and support service activities,E_AI_TANY,Cualquier IA,15.97,
LT,2025,N,Administrative and support service activities,E_AI_TANY,Cualquier IA,29.75,
LU,2025,N,Administrative and support service activities,E_AI_TANY,Cualquier IA,31.88,
LV,2025,N,Administrative and support service activities,E_AI_TANY,Cualquier IA,12.33,
MT,2025,N,Administrative and support service activities,E_AI_TANY,Cualquier IA,23.2,
NL,2025,N,Administrative and support service activities,E_AI_TANY,Cualquier IA,30.85,
PL,2025,N,Administrative and support service activities,E_AI_TANY,Cualquier IA,10.47,
PT,2025,N,Administrative and support service activities,E_AI_TANY,Cualquier IA,11.06,
RO,2025,N,Administrative and support service activities,E_AI_TANY,Cualquier IA,5.04,
SE,2025,N,Administrative and support service activities,E_AI_TANY,Cualquier IA,31.61,
SI,2025,N,Administrative and support service activities,E_AI_TANY,Cualquier IA,20.2,
SK,2025,N,Administrative and support service activities,E_AI_TANY,Cualquier IA,19.79,
AT,2025,N,Administrative and support service activities,E_AI_TAR,Robots autonomos,1.31,
BE,2025,N,Administrative and support service activities,E_AI_TAR,Robots autonomos,3.44,
BG,2025,N,Administrative and support service activities,E_AI_TAR,Robots autonomos,,u
CY,2025,N,Administrative and support service activities,E_AI_TAR,Robots autonomos,0.0,
CZ,2025,N,Administrative and support service activities,E_AI_TAR,Robots autonomos,0.57,
DE,2025,N,Administrative and support service activities,E_AI_TAR,Robots autonomos,2.47,
DK,2025,N,Administrative and support service activities,E_AI_TAR,Robots autonomos,1.01,
EE,2025,N,Administrative and support service activities,E_AI_TAR,Robots autonomos,0.24,
EL,2025,N,Administrative and support service activities,E_AI_TAR,Robots autonomos,1.86,
ES,2025,N,Administrative and support service activities,E_AI_TAR,Robots autonomos,0.88,
EU27_2020,2025,N,Administrative and support service activities,E_AI_TAR,Robots autonomos,1.44,
FI,2025,N,Administrative and support service activities,E_AI_TAR,Robots autonomos,3.25,
FR,2025,N,Administrative and support service activities,E_AI_TAR,Robots autonomos,1.02,
HR,2025,N,Administrative and support service activities,E_AI_TAR,Robots autonomos,0.0,
HU,2025,N,Administrative and support service activities,E_AI_TAR,Robots autonomos,0.58,
IE,2025,N,Administrative and support service activities,E_AI_TAR,Robots autonomos,2.87,
IT,2025,N,Administrative and support service activities,E_AI_TAR,Robots autonomos,0.62,
LT,2025,N,Administrative and support service activities,E_AI_TAR,Robots autonomos,2.91,
LU,2025,N,Administrative and support service activities,E_AI_TAR,Robots autonomos,1.11,
LV,2025,N,Administrative and support service activities,E_AI_TAR,Robots autonomos,2.22,
MT,2025,N,Administrative and support service activities,E_AI_TAR,Robots autonomos,1.12,
NL,2025,N,Administrative and support service activities,E_AI_TAR,Robots autonomos,1.53,
PL,2025,N,Administrative and support service activities,E_AI_TAR,Robots autonomos,0.75,
PT,2025,N,Administrative and support service activities,E_AI_TAR,Robots autonomos,0.97,
RO,2025,N,Administrative and support service activities,E_AI_TAR,Robots autonomos,0.61,
SE,2025,N,Administrative and support service activities,E_AI_TAR,Robots autonomos,0.81,
SI,2025,N,Administrative and support service activities,E_AI_TAR,Robots autonomos,,@C
SK,2025,N,Administrative and support service activities,E_AI_TAR,Robots autonomos,2.15,
AT,2025,N,Administrative and support service activities,E_AI_TIR,Vision por computador,2.91,
BE,2025,N,Administrative and support service activities,E_AI_TIR,Vision por computador,4.88,
BG,2025,N,Administrative and support service activities,E_AI_TIR,Vision por computador,0.55,
CY,2025,N,Administrative and support service activities,E_AI_TIR,Vision por computador,1.62,
CZ,2025,N,Administrative and support service activities,E_AI_TIR,Vision por computador,1.7,
DE,2025,N,Administrative and support service activities,E_AI_TIR,Vision por computador,5.66,
DK,2025,N,Administrative and support service activities,E_AI_TIR,Vision por computador,3.17,
EE,2025,N,Administrative and support service activities,E_AI_TIR,Vision por computador,2.28,
EL,2025,N,Administrative and support service activities,E_AI_TIR,Vision por computador,4.21,
ES,2025,N,Administrative and support service activities,E_AI_TIR,Vision por computador,5.31,
EU27_2020,2025,N,Administrative and support service activities,E_AI_TIR,Vision por computador,4.01,
FI,2025,N,Administrative and support service activities,E_AI_TIR,Vision por computador,6.85,
FR,2025,N,Administrative and support service activities,E_AI_TIR,Vision por computador,3.95,
HR,2025,N,Administrative and support service activities,E_AI_TIR,Vision por computador,5.5,
HU,2025,N,Administrative and support service activities,E_AI_TIR,Vision por computador,1.48,
IE,2025,N,Administrative and support service activities,E_AI_TIR,Vision por computador,3.35,
IT,2025,N,Administrative and support service activities,E_AI_TIR,Vision por computador,1.51,
LT,2025,N,Administrative and support service activities,E_AI_TIR,Vision por computador,8.28,
LU,2025,N,Administrative and support service activities,E_AI_TIR,Vision por computador,2.33,
LV,2025,N,Administrative and support service activities,E_AI_TIR,Vision por computador,4.71,
MT,2025,N,Administrative and support service activities,E_AI_TIR,Vision por computador,6.53,
NL,2025,N,Administrative and support service activities,E_AI_TIR,Vision por computador,4.16,
PL,2025,N,Administrative and support service activities,E_AI_TIR,Vision por computador,2.21,
PT,2025,N,Administrative and support service activities,E_AI_TIR,Vision por computador,3.27,
RO,2025,N,Administrative and support service activities,E_AI_TIR,Vision por computador,2.9,
SE,2025,N,Administrative and support service activities,E_AI_TIR,Vision por computador,1.51,
SI,2025,N,Administrative and support service activities,E_AI_TIR,Vision por computador,6.88,
SK,2025,N,Administrative and support service activities,E_AI_TIR,Vision por computador,6.66,
AT,2025,N,Administrative and support service activities,E_AI_TML,Machine learning,4.49,
BE,2025,N,Administrative and support service activities,E_AI_TML,Machine learning,7.83,
BG,2025,N,Administrative and support service activities,E_AI_TML,Machine learning,,u
CY,2025,N,Administrative and support service activities,E_AI_TML,Machine learning,6.64,
CZ,2025,N,Administrative and support service activities,E_AI_TML,Machine learning,5.71,
DE,2025,N,Administrative and support service activities,E_AI_TML,Machine learning,4.78,
DK,2025,N,Administrative and support service activities,E_AI_TML,Machine learning,5.67,
EE,2025,N,Administrative and support service activities,E_AI_TML,Machine learning,0.74,
EL,2025,N,Administrative and support service activities,E_AI_TML,Machine learning,4.57,
ES,2025,N,Administrative and support service activities,E_AI_TML,Machine learning,5.05,
EU27_2020,2025,N,Administrative and support service activities,E_AI_TML,Machine learning,4.43,
FI,2025,N,Administrative and support service activities,E_AI_TML,Machine learning,13.13,
FR,2025,N,Administrative and support service activities,E_AI_TML,Machine learning,4.68,
HR,2025,N,Administrative and support service activities,E_AI_TML,Machine learning,3.65,
HU,2025,N,Administrative and support service activities,E_AI_TML,Machine learning,1.09,
IE,2025,N,Administrative and support service activities,E_AI_TML,Machine learning,7.65,
IT,2025,N,Administrative and support service activities,E_AI_TML,Machine learning,2.24,
LT,2025,N,Administrative and support service activities,E_AI_TML,Machine learning,7.82,
LU,2025,N,Administrative and support service activities,E_AI_TML,Machine learning,5.13,
LV,2025,N,Administrative and support service activities,E_AI_TML,Machine learning,5.74,
MT,2025,N,Administrative and support service activities,E_AI_TML,Machine learning,5.02,
NL,2025,N,Administrative and support service activities,E_AI_TML,Machine learning,6.64,
PL,2025,N,Administrative and support service activities,E_AI_TML,Machine learning,2.18,
PT,2025,N,Administrative and support service activities,E_AI_TML,Machine learning,2.3,
RO,2025,N,Administrative and support service activities,E_AI_TML,Machine learning,1.91,
SE,2025,N,Administrative and support service activities,E_AI_TML,Machine learning,3.1,
SI,2025,N,Administrative and support service activities,E_AI_TML,Machine learning,7.53,
SK,2025,N,Administrative and support service activities,E_AI_TML,Machine learning,3.06,
AT,2025,N,Administrative and support service activities,E_AI_TNLG,Generacion de lenguaje,12.52,
BE,2025,N,Administrative and support service activities,E_AI_TNLG,Generacion de lenguaje,10.05,
BG,2025,N,Administrative and support service activities,E_AI_TNLG,Generacion de lenguaje,2.04,
CY,2025,N,Administrative and support service activities,E_AI_TNLG,Generacion de lenguaje,6.33,
CZ,2025,N,Administrative and support service activities,E_AI_TNLG,Generacion de lenguaje,8.96,
DE,2025,N,Administrative and support service activities,E_AI_TNLG,Generacion de lenguaje,7.96,
DK,2025,N,Administrative and support service activities,E_AI_TNLG,Generacion de lenguaje,24.8,
EE,2025,N,Administrative and support service activities,E_AI_TNLG,Generacion de lenguaje,7.59,
EL,2025,N,Administrative and support service activities,E_AI_TNLG,Generacion de lenguaje,7.19,
ES,2025,N,Administrative and support service activities,E_AI_TNLG,Generacion de lenguaje,9.37,
EU27_2020,2025,N,Administrative and support service activities,E_AI_TNLG,Generacion de lenguaje,8.58,
FI,2025,N,Administrative and support service activities,E_AI_TNLG,Generacion de lenguaje,21.55,
FR,2025,N,Administrative and support service activities,E_AI_TNLG,Generacion de lenguaje,7.58,
HR,2025,N,Administrative and support service activities,E_AI_TNLG,Generacion de lenguaje,4.46,
HU,2025,N,Administrative and support service activities,E_AI_TNLG,Generacion de lenguaje,2.81,
IE,2025,N,Administrative and support service activities,E_AI_TNLG,Generacion de lenguaje,10.6,
IT,2025,N,Administrative and support service activities,E_AI_TNLG,Generacion de lenguaje,5.88,
LT,2025,N,Administrative and support service activities,E_AI_TNLG,Generacion de lenguaje,10.12,
LU,2025,N,Administrative and support service activities,E_AI_TNLG,Generacion de lenguaje,12.77,
LV,2025,N,Administrative and support service activities,E_AI_TNLG,Generacion de lenguaje,6.66,
MT,2025,N,Administrative and support service activities,E_AI_TNLG,Generacion de lenguaje,8.44,
NL,2025,N,Administrative and support service activities,E_AI_TNLG,Generacion de lenguaje,14.0,
PL,2025,N,Administrative and support service activities,E_AI_TNLG,Generacion de lenguaje,7.16,
PT,2025,N,Administrative and support service activities,E_AI_TNLG,Generacion de lenguaje,5.75,
RO,2025,N,Administrative and support service activities,E_AI_TNLG,Generacion de lenguaje,3.3,
SE,2025,N,Administrative and support service activities,E_AI_TNLG,Generacion de lenguaje,16.77,
SI,2025,N,Administrative and support service activities,E_AI_TNLG,Generacion de lenguaje,6.38,
SK,2025,N,Administrative and support service activities,E_AI_TNLG,Generacion de lenguaje,8.71,
AT,2025,N,Administrative and support service activities,E_AI_TPA,Automatizacion de procesos,5.86,
BE,2025,N,Administrative and support service activities,E_AI_TPA,Automatizacion de procesos,10.81,
BG,2025,N,Administrative and support service activities,E_AI_TPA,Automatizacion de procesos,2.6,
CY,2025,N,Administrative and support service activities,E_AI_TPA,Automatizacion de procesos,4.39,
CZ,2025,N,Administrative and support service activities,E_AI_TPA,Automatizacion de procesos,4.15,
DE,2025,N,Administrative and support service activities,E_AI_TPA,Automatizacion de procesos,4.85,
DK,2025,N,Administrative and support service activities,E_AI_TPA,Automatizacion de procesos,8.6,
EE,2025,N,Administrative and support service activities,E_AI_TPA,Automatizacion de procesos,2.21,
EL,2025,N,Administrative and support service activities,E_AI_TPA,Automatizacion de procesos,3.77,
ES,2025,N,Administrative and support service activities,E_AI_TPA,Automatizacion de procesos,5.43,
EU27_2020,2025,N,Administrative and support service activities,E_AI_TPA,Automatizacion de procesos,4.84,
FI,2025,N,Administrative and support service activities,E_AI_TPA,Automatizacion de procesos,18.43,
FR,2025,N,Administrative and support service activities,E_AI_TPA,Automatizacion de procesos,4.07,
HR,2025,N,Administrative and support service activities,E_AI_TPA,Automatizacion de procesos,1.43,
HU,2025,N,Administrative and support service activities,E_AI_TPA,Automatizacion de procesos,2.78,
IE,2025,N,Administrative and support service activities,E_AI_TPA,Automatizacion de procesos,12.06,
IT,2025,N,Administrative and support service activities,E_AI_TPA,Automatizacion de procesos,1.68,
LT,2025,N,Administrative and support service activities,E_AI_TPA,Automatizacion de procesos,12.73,
LU,2025,N,Administrative and support service activities,E_AI_TPA,Automatizacion de procesos,2.36,
LV,2025,N,Administrative and support service activities,E_AI_TPA,Automatizacion de procesos,5.86,
MT,2025,N,Administrative and support service activities,E_AI_TPA,Automatizacion de procesos,6.92,
NL,2025,N,Administrative and support service activities,E_AI_TPA,Automatizacion de procesos,7.19,
PL,2025,N,Administrative and support service activities,E_AI_TPA,Automatizacion de procesos,3.73,
PT,2025,N,Administrative and support service activities,E_AI_TPA,Automatizacion de procesos,3.74,
RO,2025,N,Administrative and support service activities,E_AI_TPA,Automatizacion de procesos,1.62,
SE,2025,N,Administrative and support service activities,E_AI_TPA,Automatizacion de procesos,6.45,
SI,2025,N,Administrative and support service activities,E_AI_TPA,Automatizacion de procesos,2.32,
SK,2025,N,Administrative and support service activities,E_AI_TPA,Automatizacion de procesos,3.81,
AT,2025,N,Administrative and support service activities,E_AI_TPVSG,Generacion de imagen/audio,10.96,
BE,2025,N,Administrative and support service activities,E_AI_TPVSG,Generacion de imagen/audio,11.74,
BG,2025,N,Administrative and support service activities,E_AI_TPVSG,Generacion de imagen/audio,4.15,
CY,2025,N,Administrative and support service activities,E_AI_TPVSG,Generacion de imagen/audio,5.57,
CZ,2025,N,Administrative and support service activities,E_AI_TPVSG,Generacion de imagen/audio,5.82,
DE,2025,N,Administrative and support service activities,E_AI_TPVSG,Generacion de imagen/audio,13.19,
DK,2025,N,Administrative and support service activities,E_AI_TPVSG,Generacion de imagen/audio,10.15,
EE,2025,N,Administrative and support service activities,E_AI_TPVSG,Generacion de imagen/audio,0.76,
EL,2025,N,Administrative and support service activities,E_AI_TPVSG,Generacion de imagen/audio,4.95,
ES,2025,N,Administrative and support service activities,E_AI_TPVSG,Generacion de imagen/audio,9.18,
EU27_2020,2025,N,Administrative and support service activities,E_AI_TPVSG,Generacion de imagen/audio,9.48,
FI,2025,N,Administrative and support service activities,E_AI_TPVSG,Generacion de imagen/audio,22.08,
FR,2025,N,Administrative and support service activities,E_AI_TPVSG,Generacion de imagen/audio,8.69,
HR,2025,N,Administrative and support service activities,E_AI_TPVSG,Generacion de imagen/audio,8.49,
HU,2025,N,Administrative and support service activities,E_AI_TPVSG,Generacion de imagen/audio,3.8,
IE,2025,N,Administrative and support service activities,E_AI_TPVSG,Generacion de imagen/audio,6.77,
IT,2025,N,Administrative and support service activities,E_AI_TPVSG,Generacion de imagen/audio,4.43,
LT,2025,N,Administrative and support service activities,E_AI_TPVSG,Generacion de imagen/audio,22.39,
LU,2025,N,Administrative and support service activities,E_AI_TPVSG,Generacion de imagen/audio,19.09,
LV,2025,N,Administrative and support service activities,E_AI_TPVSG,Generacion de imagen/audio,6.51,
MT,2025,N,Administrative and support service activities,E_AI_TPVSG,Generacion de imagen/audio,5.85,
NL,2025,N,Administrative and support service activities,E_AI_TPVSG,Generacion de imagen/audio,13.35,
PL,2025,N,Administrative and support service activities,E_AI_TPVSG,Generacion de imagen/audio,3.39,
PT,2025,N,Administrative and support service activities,E_AI_TPVSG,Generacion de imagen/audio,6.0,
RO,2025,N,Administrative and support service activities,E_AI_TPVSG,Generacion de imagen/audio,2.6,
SE,2025,N,Administrative and support service activities,E_AI_TPVSG,Generacion de imagen/audio,16.85,
SI,2025,N,Administrative and support service activities,E_AI_TPVSG,Generacion de imagen/audio,8.51,
SK,2025,N,Administrative and support service activities,E_AI_TPVSG,Generacion de imagen/audio,12.34,
AT,2025,N,Administrative and support service activities,E_AI_TSR,Reconocimiento de voz,8.13,
BE,2025,N,Administrative and support service activities,E_AI_TSR,Reconocimiento de voz,10.64,
BG,2025,N,Administrative and support service activities,E_AI_TSR,Reconocimiento de voz,2.13,
CY,2025,N,Administrative and support service activities,E_AI_TSR,Reconocimiento de voz,4.58,
CZ,2025,N,Administrative and support service activities,E_AI_TSR,Reconocimiento de voz,2.78,
DE,2025,N,Administrative and support service activities,E_AI_TSR,Reconocimiento de voz,11.22,
DK,2025,N,Administrative and support service activities,E_AI_TSR,Reconocimiento de voz,10.05,
EE,2025,N,Administrative and support service activities,E_AI_TSR,Reconocimiento de voz,2.99,
EL,2025,N,Administrative and support service activities,E_AI_TSR,Reconocimiento de voz,5.05,
ES,2025,N,Administrative and support service activities,E_AI_TSR,Reconocimiento de voz,8.31,
EU27_2020,2025,N,Administrative and support service activities,E_AI_TSR,Reconocimiento de voz,7.5,
FI,2025,N,Administrative and support service activities,E_AI_TSR,Reconocimiento de voz,14.46,
FR,2025,N,Administrative and support service activities,E_AI_TSR,Reconocimiento de voz,5.06,
HR,2025,N,Administrative and support service activities,E_AI_TSR,Reconocimiento de voz,4.89,
HU,2025,N,Administrative and support service activities,E_AI_TSR,Reconocimiento de voz,2.37,
IE,2025,N,Administrative and support service activities,E_AI_TSR,Reconocimiento de voz,6.58,
IT,2025,N,Administrative and support service activities,E_AI_TSR,Reconocimiento de voz,6.51,
LT,2025,N,Administrative and support service activities,E_AI_TSR,Reconocimiento de voz,5.52,
LU,2025,N,Administrative and support service activities,E_AI_TSR,Reconocimiento de voz,10.09,
LV,2025,N,Administrative and support service activities,E_AI_TSR,Reconocimiento de voz,6.39,
MT,2025,N,Administrative and support service activities,E_AI_TSR,Reconocimiento de voz,2.66,
NL,2025,N,Administrative and support service activities,E_AI_TSR,Reconocimiento de voz,11.25,
PL,2025,N,Administrative and support service activities,E_AI_TSR,Reconocimiento de voz,2.42,
PT,2025,N,Administrative and support service activities,E_AI_TSR,Reconocimiento de voz,3.32,
RO,2025,N,Administrative and support service activities,E_AI_TSR,Reconocimiento de voz,2.1,
SE,2025,N,Administrative and support service activities,E_AI_TSR,Reconocimiento de voz,3.68,
SI,2025,N,Administrative and support service activities,E_AI_TSR,Reconocimiento de voz,3.9,
SK,2025,N,Administrative and support service activities,E_AI_TSR,Reconocimiento de voz,11.38,
AT,2025,N,Administrative and support service activities,E_AI_TTM,Mineria de texto,19.31,
BE,2025,N,Administrative and support service activities,E_AI_TTM,Mineria de texto,24.03,
BG,2025,N,Administrative and support service activities,E_AI_TTM,Mineria de texto,2.52,
CY,2025,N,Administrative and support service activities,E_AI_TTM,Mineria de texto,6.5,
CZ,2025,N,Administrative and support service activities,E_AI_TTM,Mineria de texto,5.31,
DE,2025,N,Administrative and support service activities,E_AI_TTM,Mineria de texto,12.51,
DK,2025,N,Administrative and support service activities,E_AI_TTM,Mineria de texto,20.12,
EE,2025,N,Administrative and support service activities,E_AI_TTM,Mineria de texto,13.6,
EL,2025,N,Administrative and support service activities,E_AI_TTM,Mineria de texto,9.24,
ES,2025,N,Administrative and support service activities,E_AI_TTM,Mineria de texto,8.37,
EU27_2020,2025,N,Administrative and support service activities,E_AI_TTM,Mineria de texto,12.2,
FI,2025,N,Administrative and support service activities,E_AI_TTM,Mineria de texto,30.57,
FR,2025,N,Administrative and support service activities,E_AI_TTM,Mineria de texto,12.16,
HR,2025,N,Administrative and support service activities,E_AI_TTM,Mineria de texto,12.25,
HU,2025,N,Administrative and support service activities,E_AI_TTM,Mineria de texto,3.85,
IE,2025,N,Administrative and support service activities,E_AI_TTM,Mineria de texto,14.66,
IT,2025,N,Administrative and support service activities,E_AI_TTM,Mineria de texto,11.08,
LT,2025,N,Administrative and support service activities,E_AI_TTM,Mineria de texto,20.4,
LU,2025,N,Administrative and support service activities,E_AI_TTM,Mineria de texto,21.31,
LV,2025,N,Administrative and support service activities,E_AI_TTM,Mineria de texto,10.54,
MT,2025,N,Administrative and support service activities,E_AI_TTM,Mineria de texto,14.34,
NL,2025,N,Administrative and support service activities,E_AI_TTM,Mineria de texto,22.98,
PL,2025,N,Administrative and support service activities,E_AI_TTM,Mineria de texto,2.21,
PT,2025,N,Administrative and support service activities,E_AI_TTM,Mineria de texto,8.88,
RO,2025,N,Administrative and support service activities,E_AI_TTM,Mineria de texto,2.66,
SE,2025,N,Administrative and support service activities,E_AI_TTM,Mineria de texto,24.09,
SI,2025,N,Administrative and support service activities,E_AI_TTM,Mineria de texto,9.04,
SK,2025,N,Administrative and support service activities,E_AI_TTM,Mineria de texto,11.07,
