pais,anio,ind_type,sexo,grupo,indic_is,indicador,pct,flag
AT,2021,F_I0_2,Mujeres,Educacion baja,I_DSK2_AB,Por encima de basicas,10.7,
BE,2021,F_I0_2,Mujeres,Educacion baja,I_DSK2_AB,Por encima de basicas,5.68,
BG,2021,F_I0_2,Mujeres,Educacion baja,I_DSK2_AB,Por encima de basicas,1.33,
CY,2021,F_I0_2,Mujeres,Educacion baja,I_DSK2_AB,Por encima de basicas,5.82,
CZ,2021,F_I0_2,Mujeres,Educacion baja,I_DSK2_AB,Por encima de basicas,15.58,
DE,2021,F_I0_2,Mujeres,Educacion baja,I_DSK2_AB,Por encima de basicas,6.59,
DK,2021,F_I0_2,Mujeres,Educacion baja,I_DSK2_AB,Por encima de basicas,20.42,
EE,2021,F_I0_2,Mujeres,Educacion baja,I_DSK2_AB,Por encima de basicas,22.26,
EL,2021,F_I0_2,Mujeres,Educacion baja,I_DSK2_AB,Por encima de basicas,1.74,
ES,2021,F_I0_2,Mujeres,Educacion baja,I_DSK2_AB,Por encima de basicas,12.3,
EU27_2020,2021,F_I0_2,Mujeres,Educacion baja,I_DSK2_AB,Por encima de basicas,10.18,
FI,2021,F_I0_2,Mujeres,Educacion baja,I_DSK2_AB,Por encima de basicas,41.68,
FR,2021,F_I0_2,Mujeres,Educacion baja,I_DSK2_AB,Por encima de basicas,15.49,
HR,2021,F_I0_2,Mujeres,Educacion baja,I_DSK2_AB,Por encima de basicas,4.56,
HU,2021,F_I0_2,Mujeres,Educacion baja,I_DSK2_AB,Por encima de basicas,6.33,
IE,2021,F_I0_2,Mujeres,Educacion baja,I_DSK2_AB,Por encima de basicas,2.19,u
IT,2021,F_I0_2,Mujeres,Educacion baja,I_DSK2_AB,Por encima de basicas,5.51,
LT,2021,F_I0_2,Mujeres,Educacion baja,I_DSK2_AB,Por encima de basicas,20.02,
LU,2021,F_I0_2,Mujeres,Educacion baja,I_DSK2_AB,Por encima de basicas,7.4,
LV,2021,F_I0_2,Mujeres,Educacion baja,I_DSK2_AB,Por encima de basicas,22.61,
MT,2021,F_I0_2,Mujeres,Educacion baja,I_DSK2_AB,Por encima de basicas,11.96,
NL,2021,F_I0_2,Mujeres,Educacion baja,I_DSK2_AB,Por encima de basicas,26.82,
PL,2021,F_I0_2,Mujeres,Educacion baja,I_DSK2_AB,Por encima de basicas,16.79,
PT,2021,F_I0_2,Mujeres,Educacion baja,I_DSK2_AB,Por encima de basicas,4.44,
RO,2021,F_I0_2,Mujeres,Educacion baja,I_DSK2_AB,Por encima de basicas,1.5,
SE,2021,F_I0_2,Mujeres,Educacion baja,I_DSK2_AB,Por encima de basicas,27.05,
SI,2021,F_I0_2,Mujeres,Educacion baja,I_DSK2_AB,Por encima de basicas,12.52,
SK,2021,F_I0_2,Mujeres,Educacion baja,I_DSK2_AB,Por encima de basicas,8.29,
AT,2021,F_I0_2,Mujeres,Educacion baja,I_DSK2_B,Basicas,24.5,
BE,2021,F_I0_2,Mujeres,Educacion baja,I_DSK2_B,Basicas,18.03,
BG,2021,F_I0_2,Mujeres,Educacion baja,I_DSK2_B,Basicas,7.27,
CY,2021,F_I0_2,Mujeres,Educacion baja,I_DSK2_B,Basicas,14.86,
CZ,2021,F_I0_2,Mujeres,Educacion baja,I_DSK2_B,Basicas,25.77,
DE,2021,F_I0_2,Mujeres,Educacion baja,I_DSK2_B,Basicas,19.51,
DK,2021,F_I0_2,Mujeres,Educacion baja,I_DSK2_B,Basicas,30.87,
EE,2021,F_I0_2,Mujeres,Educacion baja,I_DSK2_B,Basicas,25.84,
EL,2021,F_I0_2,Mujeres,Educacion baja,I_DSK2_B,Basicas,12.88,
ES,2021,F_I0_2,Mujeres,Educacion baja,I_DSK2_B,Basicas,21.98,
EU27_2020,2021,F_I0_2,Mujeres,Educacion baja,I_DSK2_B,Basicas,18.66,
FI,2021,F_I0_2,Mujeres,Educacion baja,I_DSK2_B,Basicas,27.67,
FR,2021,F_I0_2,Mujeres,Educacion baja,I_DSK2_B,Basicas,21.68,
HR,2021,F_I0_2,Mujeres,Educacion baja,I_DSK2_B,Basicas,13.76,
HU,2021,F_I0_2,Mujeres,Educacion baja,I_DSK2_B,Basicas,14.3,
IE,2021,F_I0_2,Mujeres,Educacion baja,I_DSK2_B,Basicas,26.11,u
IT,2021,F_I0_2,Mujeres,Educacion baja,I_DSK2_B,Basicas,13.03,
LT,2021,F_I0_2,Mujeres,Educacion baja,I_DSK2_B,Basicas,26.87,
LU,2021,F_I0_2,Mujeres,Educacion baja,I_DSK2_B,Basicas,27.91,
LV,2021,F_I0_2,Mujeres,Educacion baja,I_DSK2_B,Basicas,24.22,
MT,2021,F_I0_2,Mujeres,Educacion baja,I_DSK2_B,Basicas,20.01,
NL,2021,F_I0_2,Mujeres,Educacion baja,I_DSK2_B,Basicas,29.01,
PL,2021,F_I0_2,Mujeres,Educacion baja,I_DSK2_B,Basicas,20.39,
PT,2021,F_I0_2,Mujeres,Educacion baja,I_DSK2_B,Basicas,16.49,
RO,2021,F_I0_2,Mujeres,Educacion baja,I_DSK2_B,Basicas,8.88,
SE,2021,F_I0_2,Mujeres,Educacion baja,I_DSK2_B,Basicas,28.0,
SI,2021,F_I0_2,Mujeres,Educacion baja,I_DSK2_B,Basicas,16.63,
SK,2021,F_I0_2,Mujeres,Educacion baja,I_DSK2_B,Basicas,15.84,
AT,2021,F_I3_4,Mujeres,Educacion media,I_DSK2_AB,Por encima de basicas,21.76,
BE,2021,F_I3_4,Mujeres,Educacion media,I_DSK2_AB,Por encima de basicas,17.61,
BG,2021,F_I3_4,Mujeres,Educacion media,I_DSK2_AB,Por encima de basicas,4.07,
CY,2021,F_I3_4,Mujeres,Educacion media,I_DSK2_AB,Por encima de basicas,14.03,
CZ,2021,F_I3_4,Mujeres,Educacion media,I_DSK2_AB,Por encima de basicas,14.48,
DE,2021,F_I3_4,Mujeres,Educacion media,I_DSK2_AB,Por encima de basicas,12.68,
DK,2021,F_I3_4,Mujeres,Educacion media,I_DSK2_AB,Por encima de basicas,27.22,
EE,2021,F_I3_4,Mujeres,Educacion media,I_DSK2_AB,Por encima de basicas,18.87,
EL,2021,F_I3_4,Mujeres,Educacion media,I_DSK2_AB,Por encima de basicas,17.39,
ES,2021,F_I3_4,Mujeres,Educacion media,I_DSK2_AB,Por encima de basicas,38.05,
EU27_2020,2021,F_I3_4,Mujeres,Educacion media,I_DSK2_AB,Por encima de basicas,18.63,
FI,2021,F_I3_4,Mujeres,Educacion media,I_DSK2_AB,Por encima de basicas,40.39,
FR,2021,F_I3_4,Mujeres,Educacion media,I_DSK2_AB,Por encima de basicas,25.95,
HR,2021,F_I3_4,Mujeres,Educacion media,I_DSK2_AB,Por encima de basicas,30.5,
HU,2021,F_I3_4,Mujeres,Educacion media,I_DSK2_AB,Por encima de basicas,12.45,
IE,2021,F_I3_4,Mujeres,Educacion media,I_DSK2_AB,Por encima de basicas,22.9,
IT,2021,F_I3_4,Mujeres,Educacion media,I_DSK2_AB,Por encima de basicas,21.83,
LT,2021,F_I3_4,Mujeres,Educacion media,I_DSK2_AB,Por encima de basicas,13.03,
LU,2021,F_I3_4,Mujeres,Educacion media,I_DSK2_AB,Por encima de basicas,24.06,
LV,2021,F_I3_4,Mujeres,Educacion media,I_DSK2_AB,Por encima de basicas,12.4,
MT,2021,F_I3_4,Mujeres,Educacion media,I_DSK2_AB,Por encima de basicas,39.92,
NL,2021,F_I3_4,Mujeres,Educacion media,I_DSK2_AB,Por encima de basicas,44.38,
PL,2021,F_I3_4,Mujeres,Educacion media,I_DSK2_AB,Por encima de basicas,9.34,
PT,2021,F_I3_4,Mujeres,Educacion media,I_DSK2_AB,Por encima de basicas,29.28,
RO,2021,F_I3_4,Mujeres,Educacion media,I_DSK2_AB,Por encima de basicas,3.66,
SE,2021,F_I3_4,Mujeres,Educacion media,I_DSK2_AB,Por encima de basicas,25.74,
SI,2021,F_I3_4,Mujeres,Educacion media,I_DSK2_AB,Por encima de basicas,10.41,
SK,2021,F_I3_4,Mujeres,Educacion media,I_DSK2_AB,Por encima de basicas,11.68,
AT,2021,F_I3_4,Mujeres,Educacion media,I_DSK2_B,Basicas,33.12,
BE,2021,F_I3_4,Mujeres,Educacion media,I_DSK2_B,Basicas,27.5,
BG,2021,F_I3_4,Mujeres,Educacion media,I_DSK2_B,Basicas,21.86,
CY,2021,F_I3_4,Mujeres,Educacion media,I_DSK2_B,Basicas,27.07,
CZ,2021,F_I3_4,Mujeres,Educacion media,I_DSK2_B,Basicas,38.8,
DE,2021,F_I3_4,Mujeres,Educacion media,I_DSK2_B,Basicas,30.53,
DK,2021,F_I3_4,Mujeres,Educacion media,I_DSK2_B,Basicas,36.66,
EE,2021,F_I3_4,Mujeres,Educacion media,I_DSK2_B,Basicas,26.54,
EL,2021,F_I3_4,Mujeres,Educacion media,I_DSK2_B,Basicas,33.96,
ES,2021,F_I3_4,Mujeres,Educacion media,I_DSK2_B,Basicas,32.59,
EU27_2020,2021,F_I3_4,Mujeres,Educacion media,I_DSK2_B,Basicas,29.01,
FI,2021,F_I3_4,Mujeres,Educacion media,I_DSK2_B,Basicas,35.19,
FR,2021,F_I3_4,Mujeres,Educacion media,I_DSK2_B,Basicas,33.66,
HR,2021,F_I3_4,Mujeres,Educacion media,I_DSK2_B,Basicas,43.47,
HU,2021,F_I3_4,Mujeres,Educacion media,I_DSK2_B,Basicas,25.85,
IE,2021,F_I3_4,Mujeres,Educacion media,I_DSK2_B,Basicas,38.42,
IT,2021,F_I3_4,Mujeres,Educacion media,I_DSK2_B,Basicas,28.31,
LT,2021,F_I3_4,Mujeres,Educacion media,I_DSK2_B,Basicas,17.74,
LU,2021,F_I3_4,Mujeres,Educacion media,I_DSK2_B,Basicas,31.29,
LV,2021,F_I3_4,Mujeres,Educacion media,I_DSK2_B,Basicas,24.39,
MT,2021,F_I3_4,Mujeres,Educacion media,I_DSK2_B,Basicas,26.16,
NL,2021,F_I3_4,Mujeres,Educacion media,I_DSK2_B,Basicas,33.87,
PL,2021,F_I3_4,Mujeres,Educacion media,I_DSK2_B,Basicas,17.04,
PT,2021,F_I3_4,Mujeres,Educacion media,I_DSK2_B,Basicas,37.91,
RO,2021,F_I3_4,Mujeres,Educacion media,I_DSK2_B,Basicas,17.11,
SE,2021,F_I3_4,Mujeres,Educacion media,I_DSK2_B,Basicas,30.55,
SI,2021,F_I3_4,Mujeres,Educacion media,I_DSK2_B,Basicas,30.98,
SK,2021,F_I3_4,Mujeres,Educacion media,I_DSK2_B,Basicas,35.65,
AT,2021,F_I5_8,Mujeres,Educacion alta,I_DSK2_AB,Por encima de basicas,49.1,
BE,2021,F_I5_8,Mujeres,Educacion alta,I_DSK2_AB,Por encima de basicas,38.23,
BG,2021,F_I5_8,Mujeres,Educacion alta,I_DSK2_AB,Por encima de basicas,18.98,
CY,2021,F_I5_8,Mujeres,Educacion alta,I_DSK2_AB,Por encima de basicas,37.13,
CZ,2021,F_I5_8,Mujeres,Educacion alta,I_DSK2_AB,Por encima de basicas,47.52,
DE,2021,F_I5_8,Mujeres,Educacion alta,I_DSK2_AB,Por encima de basicas,30.68,
DK,2021,F_I5_8,Mujeres,Educacion alta,I_DSK2_AB,Por encima de basicas,46.05,
EE,2021,F_I5_8,Mujeres,Educacion alta,I_DSK2_AB,Por encima de basicas,34.99,
EL,2021,F_I5_8,Mujeres,Educacion alta,I_DSK2_AB,Por encima de basicas,43.32,
ES,2021,F_I5_8,Mujeres,Educacion alta,I_DSK2_AB,Por encima de basicas,59.14,
EU27_2020,2021,F_I5_8,Mujeres,Educacion alta,I_DSK2_AB,Por encima de basicas,44.7,
FI,2021,F_I5_8,Mujeres,Educacion alta,I_DSK2_AB,Por encima de basicas,58.65,
FR,2021,F_I5_8,Mujeres,Educacion alta,I_DSK2_AB,Por encima de basicas,47.76,
HR,2021,F_I5_8,Mujeres,Educacion alta,I_DSK2_AB,Por encima de basicas,56.86,
HU,2021,F_I5_8,Mujeres,Educacion alta,I_DSK2_AB,Por encima de basicas,39.07,
IE,2021,F_I5_8,Mujeres,Educacion alta,I_DSK2_AB,Por encima de basicas,47.94,
IT,2021,F_I5_8,Mujeres,Educacion alta,I_DSK2_AB,Por encima de basicas,42.08,
LT,2021,F_I5_8,Mujeres,Educacion alta,I_DSK2_AB,Por encima de basicas,33.39,
LU,2021,F_I5_8,Mujeres,Educacion alta,I_DSK2_AB,Por encima de basicas,45.42,
LV,2021,F_I5_8,Mujeres,Educacion alta,I_DSK2_AB,Por encima de basicas,38.75,
MT,2021,F_I5_8,Mujeres,Educacion alta,I_DSK2_AB,Por encima de basicas,61.46,
NL,2021,F_I5_8,Mujeres,Educacion alta,I_DSK2_AB,Por encima de basicas,65.58,
PL,2021,F_I5_8,Mujeres,Educacion alta,I_DSK2_AB,Por encima de basicas,38.5,
PT,2021,F_I5_8,Mujeres,Educacion alta,I_DSK2_AB,Por encima de basicas,54.71,
RO,2021,F_I5_8,Mujeres,Educacion alta,I_DSK2_AB,Por encima de basicas,29.19,
SE,2021,F_I5_8,Mujeres,Educacion alta,I_DSK2_AB,Por encima de basicas,43.48,
SI,2021,F_I5_8,Mujeres,Educacion alta,I_DSK2_AB,Por encima de basicas,35.01,
SK,2021,F_I5_8,Mujeres,Educacion alta,I_DSK2_AB,Por encima de basicas,38.0,
AT,2021,F_I5_8,Mujeres,Educacion alta,I_DSK2_B,Basicas,34.69,
BE,2021,F_I5_8,Mujeres,Educacion alta,I_DSK2_B,Basicas,35.34,
BG,2021,F_I5_8,Mujeres,Educacion alta,I_DSK2_B,Basicas,42.57,
CY,2021,F_I5_8,Mujeres,Educacion alta,I_DSK2_B,Basicas,37.49,
CZ,2021,F_I5_8,Mujeres,Educacion alta,I_DSK2_B,Basicas,40.74,
DE,2021,F_I5_8,Mujeres,Educacion alta,I_DSK2_B,Basicas,37.2,
DK,2021,F_I5_8,Mujeres,Educacion alta,I_DSK2_B,Basicas,32.39,
EE,2021,F_I5_8,Mujeres,Educacion alta,I_DSK2_B,Basicas,30.88,
EL,2021,F_I5_8,Mujeres,Educacion alta,I_DSK2_B,Basicas,40.19,
ES,2021,F_I5_8,Mujeres,Educacion alta,I_DSK2_B,Basicas,25.08,
EU27_2020,2021,F_I5_8,Mujeres,Educacion alta,I_DSK2_B,Basicas,32.92,
FI,2021,F_I5_8,Mujeres,Educacion alta,I_DSK2_B,Basicas,31.54,
FR,2021,F_I5_8,Mujeres,Educacion alta,I_DSK2_B,Basicas,35.52,
HR,2021,F_I5_8,Mujeres,Educacion alta,I_DSK2_B,Basicas,37.3,
HU,2021,F_I5_8,Mujeres,Educacion alta,I_DSK2_B,Basicas,35.25,
IE,2021,F_I5_8,Mujeres,Educacion alta,I_DSK2_B,Basicas,34.76,
IT,2021,F_I5_8,Mujeres,Educacion alta,I_DSK2_B,Basicas,30.59,
LT,2021,F_I5_8,Mujeres,Educacion alta,I_DSK2_B,Basicas,32.55,
LU,2021,F_I5_8,Mujeres,Educacion alta,I_DSK2_B,Basicas,33.82,
LV,2021,F_I5_8,Mujeres,Educacion alta,I_DSK2_B,Basicas,34.15,
MT,2021,F_I5_8,Mujeres,Educacion alta,I_DSK2_B,Basicas,31.52,
NL,2021,F_I5_8,Mujeres,Educacion alta,I_DSK2_B,Basicas,26.65,
PL,2021,F_I5_8,Mujeres,Educacion alta,I_DSK2_B,Basicas,28.19,
PT,2021,F_I5_8,Mujeres,Educacion alta,I_DSK2_B,Basicas,34.55,
RO,2021,F_I5_8,Mujeres,Educacion alta,I_DSK2_B,Basicas,35.67,
SE,2021,F_I5_8,Mujeres,Educacion alta,I_DSK2_B,Basicas,36.54,
SI,2021,F_I5_8,Mujeres,Educacion alta,I_DSK2_B,Basicas,37.43,
SK,2021,F_I5_8,Mujeres,Educacion alta,I_DSK2_B,Basicas,39.81,
AT,2021,F_Y16_74,Mujeres,16-74,I_DSK2_AB,Por encima de basicas,28.86,
BE,2021,F_Y16_74,Mujeres,16-74,I_DSK2_AB,Por encima de basicas,23.16,
BG,2021,F_Y16_74,Mujeres,16-74,I_DSK2_AB,Por encima de basicas,7.33,
CY,2021,F_Y16_74,Mujeres,16-74,I_DSK2_AB,Por encima de basicas,22.65,
CZ,2021,F_Y16_74,Mujeres,16-74,I_DSK2_AB,Por encima de basicas,22.19,
DE,2021,F_Y16_74,Mujeres,16-74,I_DSK2_AB,Por encima de basicas,15.83,
DK,2021,F_Y16_74,Mujeres,16-74,I_DSK2_AB,Por encima de basicas,32.4,
EE,2021,F_Y16_74,Mujeres,16-74,I_DSK2_AB,Por encima de basicas,26.81,
EL,2021,F_Y16_74,Mujeres,16-74,I_DSK2_AB,Por encima de basicas,21.32,
ES,2021,F_Y16_74,Mujeres,16-74,I_DSK2_AB,Por encima de basicas,36.82,
EU27_2020,2021,F_Y16_74,Mujeres,16-74,I_DSK2_AB,Por encima de basicas,24.59,
FI,2021,F_Y16_74,Mujeres,16-74,I_DSK2_AB,Por encima de basicas,47.95,
FR,2021,F_Y16_74,Mujeres,16-74,I_DSK2_AB,Por encima de basicas,31.27,
HR,2021,F_Y16_74,Mujeres,16-74,I_DSK2_AB,Por encima de basicas,27.71,
HU,2021,F_Y16_74,Mujeres,16-74,I_DSK2_AB,Por encima de basicas,19.59,
IE,2021,F_Y16_74,Mujeres,16-74,I_DSK2_AB,Por encima de basicas,36.57,
IT,2021,F_Y16_74,Mujeres,16-74,I_DSK2_AB,Por encima de basicas,19.98,
LT,2021,F_Y16_74,Mujeres,16-74,I_DSK2_AB,Por encima de basicas,23.59,
LU,2021,F_Y16_74,Mujeres,16-74,I_DSK2_AB,Por encima de basicas,27.02,
LV,2021,F_Y16_74,Mujeres,16-74,I_DSK2_AB,Por encima de basicas,24.2,
MT,2021,F_Y16_74,Mujeres,16-74,I_DSK2_AB,Por encima de basicas,35.48,
NL,2021,F_Y16_74,Mujeres,16-74,I_DSK2_AB,Por encima de basicas,47.5,
PL,2021,F_Y16_74,Mujeres,16-74,I_DSK2_AB,Por encima de basicas,19.83,
PT,2021,F_Y16_74,Mujeres,16-74,I_DSK2_AB,Por encima de basicas,27.64,
RO,2021,F_Y16_74,Mujeres,16-74,I_DSK2_AB,Por encima de basicas,7.47,
SE,2021,F_Y16_74,Mujeres,16-74,I_DSK2_AB,Por encima de basicas,32.65,
SI,2021,F_Y16_74,Mujeres,16-74,I_DSK2_AB,Por encima de basicas,18.63,
SK,2021,F_Y16_74,Mujeres,16-74,I_DSK2_AB,Por encima de basicas,18.02,
AT,2021,F_Y16_74,Mujeres,16-74,I_DSK2_B,Basicas,32.17,
BE,2021,F_Y16_74,Mujeres,16-74,I_DSK2_B,Basicas,28.47,
BG,2021,F_Y16_74,Mujeres,16-74,I_DSK2_B,Basicas,23.91,
CY,2021,F_Y16_74,Mujeres,16-74,I_DSK2_B,Basicas,29.34,
CZ,2021,F_Y16_74,Mujeres,16-74,I_DSK2_B,Basicas,37.5,
DE,2021,F_Y16_74,Mujeres,16-74,I_DSK2_B,Basicas,29.9,
DK,2021,F_Y16_74,Mujeres,16-74,I_DSK2_B,Basicas,33.36,
EE,2021,F_Y16_74,Mujeres,16-74,I_DSK2_B,Basicas,28.47,
EL,2021,F_Y16_74,Mujeres,16-74,I_DSK2_B,Basicas,30.07,
ES,2021,F_Y16_74,Mujeres,16-74,I_DSK2_B,Basicas,25.84,
EU27_2020,2021,F_Y16_74,Mujeres,16-74,I_DSK2_B,Basicas,27.67,
FI,2021,F_Y16_74,Mujeres,16-74,I_DSK2_B,Basicas,32.22,
FR,2021,F_Y16_74,Mujeres,16-74,I_DSK2_B,Basicas,31.4,
HR,2021,F_Y16_74,Mujeres,16-74,I_DSK2_B,Basicas,32.36,
HU,2021,F_Y16_74,Mujeres,16-74,I_DSK2_B,Basicas,26.75,
IE,2021,F_Y16_74,Mujeres,16-74,I_DSK2_B,Basicas,35.3,
IT,2021,F_Y16_74,Mujeres,16-74,I_DSK2_B,Basicas,23.11,
LT,2021,F_Y16_74,Mujeres,16-74,I_DSK2_B,Basicas,25.7,
LU,2021,F_Y16_74,Mujeres,16-74,I_DSK2_B,Basicas,31.24,
LV,2021,F_Y16_74,Mujeres,16-74,I_DSK2_B,Basicas,28.44,
MT,2021,F_Y16_74,Mujeres,16-74,I_DSK2_B,Basicas,25.37,
NL,2021,F_Y16_74,Mujeres,16-74,I_DSK2_B,Basicas,29.45,
PL,2021,F_Y16_74,Mujeres,16-74,I_DSK2_B,Basicas,21.1,
PT,2021,F_Y16_74,Mujeres,16-74,I_DSK2_B,Basicas,27.74,
RO,2021,F_Y16_74,Mujeres,16-74,I_DSK2_B,Basicas,18.24,
SE,2021,F_Y16_74,Mujeres,16-74,I_DSK2_B,Basicas,32.24,
SI,2021,F_Y16_74,Mujeres,16-74,I_DSK2_B,Basicas,29.99,
SK,2021,F_Y16_74,Mujeres,16-74,I_DSK2_B,Basicas,34.33,
AT,2021,IND_TOTAL,Total,16-74,I_DSK2_AB,Por encima de basicas,33.28,
BE,2021,IND_TOTAL,Total,16-74,I_DSK2_AB,Por encima de basicas,26.34,
BG,2021,IND_TOTAL,Total,16-74,I_DSK2_AB,Por encima de basicas,7.82,
CY,2021,IND_TOTAL,Total,16-74,I_DSK2_AB,Por encima de basicas,20.95,
CZ,2021,IND_TOTAL,Total,16-74,I_DSK2_AB,Por encima de basicas,24.06,
DE,2021,IND_TOTAL,Total,16-74,I_DSK2_AB,Por encima de basicas,18.84,
DK,2021,IND_TOTAL,Total,16-74,I_DSK2_AB,Por encima de basicas,37.37,
EE,2021,IND_TOTAL,Total,16-74,I_DSK2_AB,Por encima de basicas,27.68,
EL,2021,IND_TOTAL,Total,16-74,I_DSK2_AB,Por encima de basicas,21.7,
ES,2021,IND_TOTAL,Total,16-74,I_DSK2_AB,Por encima de basicas,38.06,
EU27_2020,2021,IND_TOTAL,Total,16-74,I_DSK2_AB,Por encima de basicas,26.46,
FI,2021,IND_TOTAL,Total,16-74,I_DSK2_AB,Por encima de basicas,48.13,
FR,2021,IND_TOTAL,Total,16-74,I_DSK2_AB,Por encima de basicas,31.25,
HR,2021,IND_TOTAL,Total,16-74,I_DSK2_AB,Por encima de basicas,31.18,
HU,2021,IND_TOTAL,Total,16-74,I_DSK2_AB,Por encima de basicas,21.54,
IE,2021,IND_TOTAL,Total,16-74,I_DSK2_AB,Por encima de basicas,39.69,
IT,2021,IND_TOTAL,Total,16-74,I_DSK2_AB,Por encima de basicas,22.52,
LT,2021,IND_TOTAL,Total,16-74,I_DSK2_AB,Por encima de basicas,23.01,
LU,2021,IND_TOTAL,Total,16-74,I_DSK2_AB,Por encima de basicas,31.81,
LV,2021,IND_TOTAL,Total,16-74,I_DSK2_AB,Por encima de basicas,23.79,
MT,2021,IND_TOTAL,Total,16-74,I_DSK2_AB,Por encima de basicas,35.49,
NL,2021,IND_TOTAL,Total,16-74,I_DSK2_AB,Por encima de basicas,51.77,
PL,2021,IND_TOTAL,Total,16-74,I_DSK2_AB,Por encima de basicas,20.64,
PT,2021,IND_TOTAL,Total,16-74,I_DSK2_AB,Por encima de basicas,28.54,
RO,2021,IND_TOTAL,Total,16-74,I_DSK2_AB,Por encima de basicas,8.73,
SE,2021,IND_TOTAL,Total,16-74,I_DSK2_AB,Por encima de basicas,35.68,
SI,2021,IND_TOTAL,Total,16-74,I_DSK2_AB,Por encima de basicas,19.72,
SK,2021,IND_TOTAL,Total,16-74,I_DSK2_AB,Por encima de basicas,20.83,
AT,2021,IND_TOTAL,Total,16-74,I_DSK2_B,Basicas,30.05,
BE,2021,IND_TOTAL,Total,16-74,I_DSK2_B,Basicas,27.89,
BG,2021,IND_TOTAL,Total,16-74,I_DSK2_B,Basicas,23.36,
CY,2021,IND_TOTAL,Total,16-74,I_DSK2_B,Basicas,29.26,
CZ,2021,IND_TOTAL,Total,16-74,I_DSK2_B,Basicas,35.63,
DE,2021,IND_TOTAL,Total,16-74,I_DSK2_B,Basicas,30.08,
DK,2021,IND_TOTAL,Total,16-74,I_DSK2_B,Basicas,31.27,
EE,2021,IND_TOTAL,Total,16-74,I_DSK2_B,Basicas,28.69,
EL,2021,IND_TOTAL,Total,16-74,I_DSK2_B,Basicas,30.78,
ES,2021,IND_TOTAL,Total,16-74,I_DSK2_B,Basicas,26.11,
EU27_2020,2021,IND_TOTAL,Total,16-74,I_DSK2_B,Basicas,27.46,
FI,2021,IND_TOTAL,Total,16-74,I_DSK2_B,Basicas,31.04,
FR,2021,IND_TOTAL,Total,16-74,I_DSK2_B,Basicas,30.71,
HR,2021,IND_TOTAL,Total,16-74,I_DSK2_B,Basicas,32.19,
HU,2021,IND_TOTAL,Total,16-74,I_DSK2_B,Basicas,27.56,
IE,2021,IND_TOTAL,Total,16-74,I_DSK2_B,Basicas,30.8,
IT,2021,IND_TOTAL,Total,16-74,I_DSK2_B,Basicas,23.08,
LT,2021,IND_TOTAL,Total,16-74,I_DSK2_B,Basicas,25.83,
LU,2021,IND_TOTAL,Total,16-74,I_DSK2_B,Basicas,31.98,
LV,2021,IND_TOTAL,Total,16-74,I_DSK2_B,Basicas,27.01,
MT,2021,IND_TOTAL,Total,16-74,I_DSK2_B,Basicas,25.74,
NL,2021,IND_TOTAL,Total,16-74,I_DSK2_B,Basicas,27.18,
PL,2021,IND_TOTAL,Total,16-74,I_DSK2_B,Basicas,22.28,
PT,2021,IND_TOTAL,Total,16-74,I_DSK2_B,Basicas,26.76,
RO,2021,IND_TOTAL,Total,16-74,I_DSK2_B,Basicas,19.09,
SE,2021,IND_TOTAL,Total,16-74,I_DSK2_B,Basicas,30.92,
SI,2021,IND_TOTAL,Total,16-74,I_DSK2_B,Basicas,29.95,
SK,2021,IND_TOTAL,Total,16-74,I_DSK2_B,Basicas,34.36,
AT,2021,M_I0_2,Hombres,Educacion baja,I_DSK2_AB,Por encima de basicas,15.6,
BE,2021,M_I0_2,Hombres,Educacion baja,I_DSK2_AB,Por encima de basicas,9.3,
BG,2021,M_I0_2,Hombres,Educacion baja,I_DSK2_AB,Por encima de basicas,1.95,
CY,2021,M_I0_2,Hombres,Educacion baja,I_DSK2_AB,Por encima de basicas,7.61,
CZ,2021,M_I0_2,Hombres,Educacion baja,I_DSK2_AB,Por encima de basicas,24.09,
DE,2021,M_I0_2,Hombres,Educacion baja,I_DSK2_AB,Por encima de basicas,8.51,
DK,2021,M_I0_2,Hombres,Educacion baja,I_DSK2_AB,Por encima de basicas,25.47,
EE,2021,M_I0_2,Hombres,Educacion baja,I_DSK2_AB,Por encima de basicas,25.21,
EL,2021,M_I0_2,Hombres,Educacion baja,I_DSK2_AB,Por encima de basicas,3.03,
ES,2021,M_I0_2,Hombres,Educacion baja,I_DSK2_AB,Por encima de basicas,15.27,
EU27_2020,2021,M_I0_2,Hombres,Educacion baja,I_DSK2_AB,Por encima de basicas,12.57,
FI,2021,M_I0_2,Hombres,Educacion baja,I_DSK2_AB,Por encima de basicas,35.03,
FR,2021,M_I0_2,Hombres,Educacion baja,I_DSK2_AB,Por encima de basicas,13.07,
HR,2021,M_I0_2,Hombres,Educacion baja,I_DSK2_AB,Por encima de basicas,5.45,
HU,2021,M_I0_2,Hombres,Educacion baja,I_DSK2_AB,Por encima de basicas,9.87,
IE,2021,M_I0_2,Hombres,Educacion baja,I_DSK2_AB,Por encima de basicas,3.38,
IT,2021,M_I0_2,Hombres,Educacion baja,I_DSK2_AB,Por encima de basicas,8.48,
LT,2021,M_I0_2,Hombres,Educacion baja,I_DSK2_AB,Por encima de basicas,20.54,
LU,2021,M_I0_2,Hombres,Educacion baja,I_DSK2_AB,Por encima de basicas,12.97,
LV,2021,M_I0_2,Hombres,Educacion baja,I_DSK2_AB,Por encima de basicas,12.82,
MT,2021,M_I0_2,Hombres,Educacion baja,I_DSK2_AB,Por encima de basicas,16.05,
NL,2021,M_I0_2,Hombres,Educacion baja,I_DSK2_AB,Por encima de basicas,35.16,
PL,2021,M_I0_2,Hombres,Educacion baja,I_DSK2_AB,Por encima de basicas,20.62,
PT,2021,M_I0_2,Hombres,Educacion baja,I_DSK2_AB,Por encima de basicas,8.46,
RO,2021,M_I0_2,Hombres,Educacion baja,I_DSK2_AB,Por encima de basicas,5.13,
SE,2021,M_I0_2,Hombres,Educacion baja,I_DSK2_AB,Por encima de basicas,25.13,
SI,2021,M_I0_2,Hombres,Educacion baja,I_DSK2_AB,Por encima de basicas,10.23,
SK,2021,M_I0_2,Hombres,Educacion baja,I_DSK2_AB,Por encima de basicas,1.85,
AT,2021,M_I0_2,Hombres,Educacion baja,I_DSK2_B,Basicas,24.73,
BE,2021,M_I0_2,Hombres,Educacion baja,I_DSK2_B,Basicas,19.43,
BG,2021,M_I0_2,Hombres,Educacion baja,I_DSK2_B,Basicas,10.09,
CY,2021,M_I0_2,Hombres,Educacion baja,I_DSK2_B,Basicas,12.9,
CZ,2021,M_I0_2,Hombres,Educacion baja,I_DSK2_B,Basicas,33.51,
DE,2021,M_I0_2,Hombres,Educacion baja,I_DSK2_B,Basicas,23.03,
DK,2021,M_I0_2,Hombres,Educacion baja,I_DSK2_B,Basicas,30.85,
EE,2021,M_I0_2,Hombres,Educacion baja,I_DSK2_B,Basicas,29.52,
EL,2021,M_I0_2,Hombres,Educacion baja,I_DSK2_B,Basicas,15.38,
ES,2021,M_I0_2,Hombres,Educacion baja,I_DSK2_B,Basicas,26.41,
EU27_2020,2021,M_I0_2,Hombres,Educacion baja,I_DSK2_B,Basicas,22.42,
FI,2021,M_I0_2,Hombres,Educacion baja,I_DSK2_B,Basicas,35.4,
FR,2021,M_I0_2,Hombres,Educacion baja,I_DSK2_B,Basicas,26.3,
HR,2021,M_I0_2,Hombres,Educacion baja,I_DSK2_B,Basicas,15.59,
HU,2021,M_I0_2,Hombres,Educacion baja,I_DSK2_B,Basicas,22.56,
IE,2021,M_I0_2,Hombres,Educacion baja,I_DSK2_B,Basicas,25.94,
IT,2021,M_I0_2,Hombres,Educacion baja,I_DSK2_B,Basicas,16.64,
LT,2021,M_I0_2,Hombres,Educacion baja,I_DSK2_B,Basicas,19.91,
LU,2021,M_I0_2,Hombres,Educacion baja,I_DSK2_B,Basicas,27.19,
LV,2021,M_I0_2,Hombres,Educacion baja,I_DSK2_B,Basicas,25.9,
MT,2021,M_I0_2,Hombres,Educacion baja,I_DSK2_B,Basicas,25.23,
NL,2021,M_I0_2,Hombres,Educacion baja,I_DSK2_B,Basicas,29.35,
PL,2021,M_I0_2,Hombres,Educacion baja,I_DSK2_B,Basicas,25.34,
PT,2021,M_I0_2,Hombres,Educacion baja,I_DSK2_B,Basicas,19.44,
RO,2021,M_I0_2,Hombres,Educacion baja,I_DSK2_B,Basicas,12.1,
SE,2021,M_I0_2,Hombres,Educacion baja,I_DSK2_B,Basicas,27.85,
SI,2021,M_I0_2,Hombres,Educacion baja,I_DSK2_B,Basicas,25.19,
SK,2021,M_I0_2,Hombres,Educacion baja,I_DSK2_B,Basicas,28.92,
AT,2021,M_I3_4,Hombres,Educacion media,I_DSK2_AB,Por encima de basicas,30.3,
BE,2021,M_I3_4,Hombres,Educacion media,I_DSK2_AB,Por encima de basicas,23.15,
BG,2021,M_I3_4,Hombres,Educacion media,I_DSK2_AB,Por encima de basicas,5.7,
CY,2021,M_I3_4,Hombres,Educacion media,I_DSK2_AB,Por encima de basicas,8.99,
CZ,2021,M_I3_4,Hombres,Educacion media,I_DSK2_AB,Por encima de basicas,18.91,
DE,2021,M_I3_4,Hombres,Educacion media,I_DSK2_AB,Por encima de basicas,17.86,
DK,2021,M_I3_4,Hombres,Educacion media,I_DSK2_AB,Por encima de basicas,38.63,
EE,2021,M_I3_4,Hombres,Educacion media,I_DSK2_AB,Por encima de basicas,24.44,
EL,2021,M_I3_4,Hombres,Educacion media,I_DSK2_AB,Por encima de basicas,22.34,
ES,2021,M_I3_4,Hombres,Educacion media,I_DSK2_AB,Por encima de basicas,44.55,
EU27_2020,2021,M_I3_4,Hombres,Educacion media,I_DSK2_AB,Por encima de basicas,23.28,
FI,2021,M_I3_4,Hombres,Educacion media,I_DSK2_AB,Por encima de basicas,45.07,
FR,2021,M_I3_4,Hombres,Educacion media,I_DSK2_AB,Por encima de basicas,24.33,
HR,2021,M_I3_4,Hombres,Educacion media,I_DSK2_AB,Por encima de basicas,34.73,
HU,2021,M_I3_4,Hombres,Educacion media,I_DSK2_AB,Por encima de basicas,16.05,
IE,2021,M_I3_4,Hombres,Educacion media,I_DSK2_AB,Por encima de basicas,21.51,
IT,2021,M_I3_4,Hombres,Educacion media,I_DSK2_AB,Por encima de basicas,30.24,
LT,2021,M_I3_4,Hombres,Educacion media,I_DSK2_AB,Por encima de basicas,11.08,
LU,2021,M_I3_4,Hombres,Educacion media,I_DSK2_AB,Por encima de basicas,29.03,
LV,2021,M_I3_4,Hombres,Educacion media,I_DSK2_AB,Por encima de basicas,15.49,
MT,2021,M_I3_4,Hombres,Educacion media,I_DSK2_AB,Por encima de basicas,36.3,
NL,2021,M_I3_4,Hombres,Educacion media,I_DSK2_AB,Por encima de basicas,55.25,
PL,2021,M_I3_4,Hombres,Educacion media,I_DSK2_AB,Por encima de basicas,12.09,
PT,2021,M_I3_4,Hombres,Educacion media,I_DSK2_AB,Por encima de basicas,41.45,
RO,2021,M_I3_4,Hombres,Educacion media,I_DSK2_AB,Por encima de basicas,5.31,
SE,2021,M_I3_4,Hombres,Educacion media,I_DSK2_AB,Por encima de basicas,34.25,
SI,2021,M_I3_4,Hombres,Educacion media,I_DSK2_AB,Por encima de basicas,15.06,
SK,2021,M_I3_4,Hombres,Educacion media,I_DSK2_AB,Por encima de basicas,19.05,
AT,2021,M_I3_4,Hombres,Educacion media,I_DSK2_B,Basicas,27.87,
BE,2021,M_I3_4,Hombres,Educacion media,I_DSK2_B,Basicas,29.38,
BG,2021,M_I3_4,Hombres,Educacion media,I_DSK2_B,Basicas,22.65,
CY,2021,M_I3_4,Hombres,Educacion media,I_DSK2_B,Basicas,29.85,
CZ,2021,M_I3_4,Hombres,Educacion media,I_DSK2_B,Basicas,33.59,
DE,2021,M_I3_4,Hombres,Educacion media,I_DSK2_B,Basicas,29.88,
DK,2021,M_I3_4,Hombres,Educacion media,I_DSK2_B,Basicas,29.92,
EE,2021,M_I3_4,Hombres,Educacion media,I_DSK2_B,Basicas,27.5,
EL,2021,M_I3_4,Hombres,Educacion media,I_DSK2_B,Basicas,37.53,
ES,2021,M_I3_4,Hombres,Educacion media,I_DSK2_B,Basicas,29.93,
EU27_2020,2021,M_I3_4,Hombres,Educacion media,I_DSK2_B,Basicas,28.35,
FI,2021,M_I3_4,Hombres,Educacion media,I_DSK2_B,Basicas,29.11,
FR,2021,M_I3_4,Hombres,Educacion media,I_DSK2_B,Basicas,31.97,
HR,2021,M_I3_4,Hombres,Educacion media,I_DSK2_B,Basicas,38.01,
HU,2021,M_I3_4,Hombres,Educacion media,I_DSK2_B,Basicas,29.16,
IE,2021,M_I3_4,Hombres,Educacion media,I_DSK2_B,Basicas,30.71,
IT,2021,M_I3_4,Hombres,Educacion media,I_DSK2_B,Basicas,26.86,
LT,2021,M_I3_4,Hombres,Educacion media,I_DSK2_B,Basicas,23.86,
LU,2021,M_I3_4,Hombres,Educacion media,I_DSK2_B,Basicas,38.18,
LV,2021,M_I3_4,Hombres,Educacion media,I_DSK2_B,Basicas,25.05,
MT,2021,M_I3_4,Hombres,Educacion media,I_DSK2_B,Basicas,30.82,
NL,2021,M_I3_4,Hombres,Educacion media,I_DSK2_B,Basicas,27.45,
PL,2021,M_I3_4,Hombres,Educacion media,I_DSK2_B,Basicas,21.35,
PT,2021,M_I3_4,Hombres,Educacion media,I_DSK2_B,Basicas,35.1,
RO,2021,M_I3_4,Hombres,Educacion media,I_DSK2_B,Basicas,18.67,
SE,2021,M_I3_4,Hombres,Educacion media,I_DSK2_B,Basicas,31.53,
SI,2021,M_I3_4,Hombres,Educacion media,I_DSK2_B,Basicas,29.18,
SK,2021,M_I3_4,Hombres,Educacion media,I_DSK2_B,Basicas,34.46,
AT,2021,M_I5_8,Hombres,Educacion alta,I_DSK2_AB,Por encima de basicas,55.16,
BE,2021,M_I5_8,Hombres,Educacion alta,I_DSK2_AB,Por encima de basicas,51.61,
BG,2021,M_I5_8,Hombres,Educacion alta,I_DSK2_AB,Por encima de basicas,25.36,
CY,2021,M_I5_8,Hombres,Educacion alta,I_DSK2_AB,Por encima de basicas,37.06,
CZ,2021,M_I5_8,Hombres,Educacion alta,I_DSK2_AB,Por encima de basicas,53.13,
DE,2021,M_I5_8,Hombres,Educacion alta,I_DSK2_AB,Por encima de basicas,36.54,
DK,2021,M_I5_8,Hombres,Educacion alta,I_DSK2_AB,Por encima de basicas,61.63,
EE,2021,M_I5_8,Hombres,Educacion alta,I_DSK2_AB,Por encima de basicas,37.24,
EL,2021,M_I5_8,Hombres,Educacion alta,I_DSK2_AB,Por encima de basicas,43.19,
ES,2021,M_I5_8,Hombres,Educacion alta,I_DSK2_AB,Por encima de basicas,61.05,
EU27_2020,2021,M_I5_8,Hombres,Educacion alta,I_DSK2_AB,Por encima de basicas,51.03,
FI,2021,M_I5_8,Hombres,Educacion alta,I_DSK2_AB,Por encima de basicas,66.25,
FR,2021,M_I5_8,Hombres,Educacion alta,I_DSK2_AB,Por encima de basicas,54.9,
HR,2021,M_I5_8,Hombres,Educacion alta,I_DSK2_AB,Por encima de basicas,66.51,
HU,2021,M_I5_8,Hombres,Educacion alta,I_DSK2_AB,Por encima de basicas,48.75,
IE,2021,M_I5_8,Hombres,Educacion alta,I_DSK2_AB,Por encima de basicas,60.76,
IT,2021,M_I5_8,Hombres,Educacion alta,I_DSK2_AB,Por encima de basicas,51.71,
LT,2021,M_I5_8,Hombres,Educacion alta,I_DSK2_AB,Por encima de basicas,39.65,
LU,2021,M_I5_8,Hombres,Educacion alta,I_DSK2_AB,Por encima de basicas,56.56,
LV,2021,M_I5_8,Hombres,Educacion alta,I_DSK2_AB,Por encima de basicas,44.04,
MT,2021,M_I5_8,Hombres,Educacion alta,I_DSK2_AB,Por encima de basicas,69.38,
NL,2021,M_I5_8,Hombres,Educacion alta,I_DSK2_AB,Por encima de basicas,74.76,
PL,2021,M_I5_8,Hombres,Educacion alta,I_DSK2_AB,Por encima de basicas,46.54,
PT,2021,M_I5_8,Hombres,Educacion alta,I_DSK2_AB,Por encima de basicas,58.64,
RO,2021,M_I5_8,Hombres,Educacion alta,I_DSK2_AB,Por encima de basicas,35.15,
SE,2021,M_I5_8,Hombres,Educacion alta,I_DSK2_AB,Por encima de basicas,57.19,
SI,2021,M_I5_8,Hombres,Educacion alta,I_DSK2_AB,Por encima de basicas,44.99,
SK,2021,M_I5_8,Hombres,Educacion alta,I_DSK2_AB,Por encima de basicas,48.01,
AT,2021,M_I5_8,Hombres,Educacion alta,I_DSK2_B,Basicas,28.95,
BE,2021,M_I5_8,Hombres,Educacion alta,I_DSK2_B,Basicas,30.43,
BG,2021,M_I5_8,Hombres,Educacion alta,I_DSK2_B,Basicas,40.06,
CY,2021,M_I5_8,Hombres,Educacion alta,I_DSK2_B,Basicas,36.23,
CZ,2021,M_I5_8,Hombres,Educacion alta,I_DSK2_B,Basicas,34.25,
DE,2021,M_I5_8,Hombres,Educacion alta,I_DSK2_B,Basicas,35.12,
DK,2021,M_I5_8,Hombres,Educacion alta,I_DSK2_B,Basicas,26.72,
EE,2021,M_I5_8,Hombres,Educacion alta,I_DSK2_B,Basicas,31.21,
EL,2021,M_I5_8,Hombres,Educacion alta,I_DSK2_B,Basicas,40.27,
ES,2021,M_I5_8,Hombres,Educacion alta,I_DSK2_B,Basicas,23.85,
EU27_2020,2021,M_I5_8,Hombres,Educacion alta,I_DSK2_B,Basicas,29.56,
FI,2021,M_I5_8,Hombres,Educacion alta,I_DSK2_B,Basicas,26.02,
FR,2021,M_I5_8,Hombres,Educacion alta,I_DSK2_B,Basicas,29.95,
HR,2021,M_I5_8,Hombres,Educacion alta,I_DSK2_B,Basicas,23.71,
HU,2021,M_I5_8,Hombres,Educacion alta,I_DSK2_B,Basicas,29.81,
IE,2021,M_I5_8,Hombres,Educacion alta,I_DSK2_B,Basicas,24.39,
IT,2021,M_I5_8,Hombres,Educacion alta,I_DSK2_B,Basicas,28.27,
LT,2021,M_I5_8,Hombres,Educacion alta,I_DSK2_B,Basicas,30.77,
LU,2021,M_I5_8,Hombres,Educacion alta,I_DSK2_B,Basicas,32.51,
LV,2021,M_I5_8,Hombres,Educacion alta,I_DSK2_B,Basicas,26.03,
MT,2021,M_I5_8,Hombres,Educacion alta,I_DSK2_B,Basicas,21.4,
NL,2021,M_I5_8,Hombres,Educacion alta,I_DSK2_B,Basicas,18.81,
PL,2021,M_I5_8,Hombres,Educacion alta,I_DSK2_B,Basicas,28.61,
PT,2021,M_I5_8,Hombres,Educacion alta,I_DSK2_B,Basicas,26.97,
RO,2021,M_I5_8,Hombres,Educacion alta,I_DSK2_B,Basicas,34.79,
SE,2021,M_I5_8,Hombres,Educacion alta,I_DSK2_B,Basicas,26.99,
SI,2021,M_I5_8,Hombres,Educacion alta,I_DSK2_B,Basicas,35.59,
SK,2021,M_I5_8,Hombres,Educacion alta,I_DSK2_B,Basicas,36.55,
AT,2021,M_Y16_74,Hombres,16-74,I_DSK2_AB,Por encima de basicas,37.74,
BE,2021,M_Y16_74,Hombres,16-74,I_DSK2_AB,Por encima de basicas,29.53,
BG,2021,M_Y16_74,Hombres,16-74,I_DSK2_AB,Por encima de basicas,8.32,
CY,2021,M_Y16_74,Hombres,16-74,I_DSK2_AB,Por encima de basicas,19.17,
CZ,2021,M_Y16_74,Hombres,16-74,I_DSK2_AB,Por encima de basicas,25.98,
DE,2021,M_Y16_74,Hombres,16-74,I_DSK2_AB,Por encima de basicas,21.85,
DK,2021,M_Y16_74,Hombres,16-74,I_DSK2_AB,Por encima de basicas,42.31,
EE,2021,M_Y16_74,Hombres,16-74,I_DSK2_AB,Por encima de basicas,28.59,
EL,2021,M_Y16_74,Hombres,16-74,I_DSK2_AB,Por encima de basicas,22.1,
ES,2021,M_Y16_74,Hombres,16-74,I_DSK2_AB,Por encima de basicas,39.31,
EU27_2020,2021,M_Y16_74,Hombres,16-74,I_DSK2_AB,Por encima de basicas,28.37,
FI,2021,M_Y16_74,Hombres,16-74,I_DSK2_AB,Por encima de basicas,48.32,
FR,2021,M_Y16_74,Hombres,16-74,I_DSK2_AB,Por encima de basicas,31.23,
HR,2021,M_Y16_74,Hombres,16-74,I_DSK2_AB,Por encima de basicas,34.76,
HU,2021,M_Y16_74,Hombres,16-74,I_DSK2_AB,Por encima de basicas,23.59,
IE,2021,M_Y16_74,Hombres,16-74,I_DSK2_AB,Por encima de basicas,42.77,
IT,2021,M_Y16_74,Hombres,16-74,I_DSK2_AB,Por encima de basicas,25.11,
LT,2021,M_Y16_74,Hombres,16-74,I_DSK2_AB,Por encima de basicas,22.39,
LU,2021,M_Y16_74,Hombres,16-74,I_DSK2_AB,Por encima de basicas,36.42,
LV,2021,M_Y16_74,Hombres,16-74,I_DSK2_AB,Por encima de basicas,23.34,
MT,2021,M_Y16_74,Hombres,16-74,I_DSK2_AB,Por encima de basicas,35.49,
NL,2021,M_Y16_74,Hombres,16-74,I_DSK2_AB,Por encima de basicas,56.03,
PL,2021,M_Y16_74,Hombres,16-74,I_DSK2_AB,Por encima de basicas,21.5,
PT,2021,M_Y16_74,Hombres,16-74,I_DSK2_AB,Por encima de basicas,29.53,
RO,2021,M_Y16_74,Hombres,16-74,I_DSK2_AB,Por encima de basicas,10.01,
SE,2021,M_Y16_74,Hombres,16-74,I_DSK2_AB,Por encima de basicas,38.6,
SI,2021,M_Y16_74,Hombres,16-74,I_DSK2_AB,Por encima de basicas,20.75,
SK,2021,M_Y16_74,Hombres,16-74,I_DSK2_AB,Por encima de basicas,23.68,
AT,2021,M_Y16_74,Hombres,16-74,I_DSK2_B,Basicas,27.9,
BE,2021,M_Y16_74,Hombres,16-74,I_DSK2_B,Basicas,27.32,
BG,2021,M_Y16_74,Hombres,16-74,I_DSK2_B,Basicas,22.8,
CY,2021,M_Y16_74,Hombres,16-74,I_DSK2_B,Basicas,29.17,
CZ,2021,M_Y16_74,Hombres,16-74,I_DSK2_B,Basicas,33.71,
DE,2021,M_Y16_74,Hombres,16-74,I_DSK2_B,Basicas,30.25,
DK,2021,M_Y16_74,Hombres,16-74,I_DSK2_B,Basicas,29.2,
EE,2021,M_Y16_74,Hombres,16-74,I_DSK2_B,Basicas,28.93,
EL,2021,M_Y16_74,Hombres,16-74,I_DSK2_B,Basicas,31.54,
ES,2021,M_Y16_74,Hombres,16-74,I_DSK2_B,Basicas,26.38,
EU27_2020,2021,M_Y16_74,Hombres,16-74,I_DSK2_B,Basicas,27.25,
FI,2021,M_Y16_74,Hombres,16-74,I_DSK2_B,Basicas,29.87,
FR,2021,M_Y16_74,Hombres,16-74,I_DSK2_B,Basicas,29.99,
HR,2021,M_Y16_74,Hombres,16-74,I_DSK2_B,Basicas,32.02,
HU,2021,M_Y16_74,Hombres,16-74,I_DSK2_B,Basicas,28.4,
IE,2021,M_Y16_74,Hombres,16-74,I_DSK2_B,Basicas,26.37,
IT,2021,M_Y16_74,Hombres,16-74,I_DSK2_B,Basicas,23.04,
LT,2021,M_Y16_74,Hombres,16-74,I_DSK2_B,Basicas,25.98,
LU,2021,M_Y16_74,Hombres,16-74,I_DSK2_B,Basicas,32.69,
LV,2021,M_Y16_74,Hombres,16-74,I_DSK2_B,Basicas,25.43,
MT,2021,M_Y16_74,Hombres,16-74,I_DSK2_B,Basicas,26.06,
NL,2021,M_Y16_74,Hombres,16-74,I_DSK2_B,Basicas,24.91,
PL,2021,M_Y16_74,Hombres,16-74,I_DSK2_B,Basicas,23.53,
PT,2021,M_Y16_74,Hombres,16-74,I_DSK2_B,Basicas,25.7,
RO,2021,M_Y16_74,Hombres,16-74,I_DSK2_B,Basicas,19.97,
SE,2021,M_Y16_74,Hombres,16-74,I_DSK2_B,Basicas,29.64,
SI,2021,M_Y16_74,Hombres,16-74,I_DSK2_B,Basicas,29.91,
SK,2021,M_Y16_74,Hombres,16-74,I_DSK2_B,Basicas,34.38,
AT,2023,F_I0_2,Mujeres,Educacion baja,I_DSK2_AB,Por encima de basicas,12.02,
BE,2023,F_I0_2,Mujeres,Educacion baja,I_DSK2_AB,Por encima de basicas,6.59,
BG,2023,F_I0_2,Mujeres,Educacion baja,I_DSK2_AB,Por encima de basicas,0.87,
CY,2023,F_I0_2,Mujeres,Educacion baja,I_DSK2_AB,Por encima de basicas,4.27,
CZ,2023,F_I0_2,Mujeres,Educacion baja,I_DSK2_AB,Por encima de basicas,21.38,
DE,2023,F_I0_2,Mujeres,Educacion baja,I_DSK2_AB,Por encima de basicas,5.08,
DK,2023,F_I0_2,Mujeres,Educacion baja,I_DSK2_AB,Por encima de basicas,23.09,
EE,2023,F_I0_2,Mujeres,Educacion baja,I_DSK2_AB,Por encima de basicas,33.97,
EL,2023,F_I0_2,Mujeres,Educacion baja,I_DSK2_AB,Por encima de basicas,5.27,
ES,2023,F_I0_2,Mujeres,Educacion baja,I_DSK2_AB,Por encima de basicas,15.8,
EU27_2020,2023,F_I0_2,Mujeres,Educacion baja,I_DSK2_AB,Por encima de basicas,10.83,
FI,2023,F_I0_2,Mujeres,Educacion baja,I_DSK2_AB,Por encima de basicas,56.66,
FR,2023,F_I0_2,Mujeres,Educacion baja,I_DSK2_AB,Por encima de basicas,15.38,
HR,2023,F_I0_2,Mujeres,Educacion baja,I_DSK2_AB,Por encima de basicas,6.51,
HU,2023,F_I0_2,Mujeres,Educacion baja,I_DSK2_AB,Por encima de basicas,10.69,
IE,2023,F_I0_2,Mujeres,Educacion baja,I_DSK2_AB,Por encima de basicas,4.73,
IT,2023,F_I0_2,Mujeres,Educacion baja,I_DSK2_AB,Por encima de basicas,5.6,
LT,2023,F_I0_2,Mujeres,Educacion baja,I_DSK2_AB,Por encima de basicas,31.55,
LU,2023,F_I0_2,Mujeres,Educacion baja,I_DSK2_AB,Por encima de basicas,4.07,
LV,2023,F_I0_2,Mujeres,Educacion baja,I_DSK2_AB,Por encima de basicas,12.83,
MT,2023,F_I0_2,Mujeres,Educacion baja,I_DSK2_AB,Por encima de basicas,12.49,
NL,2023,F_I0_2,Mujeres,Educacion baja,I_DSK2_AB,Por encima de basicas,29.37,
PL,2023,F_I0_2,Mujeres,Educacion baja,I_DSK2_AB,Por encima de basicas,9.67,
PT,2023,F_I0_2,Mujeres,Educacion baja,I_DSK2_AB,Por encima de basicas,3.86,
RO,2023,F_I0_2,Mujeres,Educacion baja,I_DSK2_AB,Por encima de basicas,1.87,
SE,2023,F_I0_2,Mujeres,Educacion baja,I_DSK2_AB,Por encima de basicas,22.75,
SI,2023,F_I0_2,Mujeres,Educacion baja,I_DSK2_AB,Por encima de basicas,11.5,
SK,2023,F_I0_2,Mujeres,Educacion baja,I_DSK2_AB,Por encima de basicas,11.38,
AT,2023,F_I0_2,Mujeres,Educacion baja,I_DSK2_B,Basicas,19.67,
BE,2023,F_I0_2,Mujeres,Educacion baja,I_DSK2_B,Basicas,25.11,
BG,2023,F_I0_2,Mujeres,Educacion baja,I_DSK2_B,Basicas,12.41,
CY,2023,F_I0_2,Mujeres,Educacion baja,I_DSK2_B,Basicas,10.56,
CZ,2023,F_I0_2,Mujeres,Educacion baja,I_DSK2_B,Basicas,29.27,
DE,2023,F_I0_2,Mujeres,Educacion baja,I_DSK2_B,Basicas,22.78,
DK,2023,F_I0_2,Mujeres,Educacion baja,I_DSK2_B,Basicas,33.98,
EE,2023,F_I0_2,Mujeres,Educacion baja,I_DSK2_B,Basicas,25.92,
EL,2023,F_I0_2,Mujeres,Educacion baja,I_DSK2_B,Basicas,12.63,
ES,2023,F_I0_2,Mujeres,Educacion baja,I_DSK2_B,Basicas,26.21,
EU27_2020,2023,F_I0_2,Mujeres,Educacion baja,I_DSK2_B,Basicas,20.24,
FI,2023,F_I0_2,Mujeres,Educacion baja,I_DSK2_B,Basicas,22.06,
FR,2023,F_I0_2,Mujeres,Educacion baja,I_DSK2_B,Basicas,19.8,
HR,2023,F_I0_2,Mujeres,Educacion baja,I_DSK2_B,Basicas,15.11,
HU,2023,F_I0_2,Mujeres,Educacion baja,I_DSK2_B,Basicas,19.27,
IE,2023,F_I0_2,Mujeres,Educacion baja,I_DSK2_B,Basicas,8.39,
IT,2023,F_I0_2,Mujeres,Educacion baja,I_DSK2_B,Basicas,13.87,
LT,2023,F_I0_2,Mujeres,Educacion baja,I_DSK2_B,Basicas,25.75,
LU,2023,F_I0_2,Mujeres,Educacion baja,I_DSK2_B,Basicas,24.55,
LV,2023,F_I0_2,Mujeres,Educacion baja,I_DSK2_B,Basicas,19.64,
MT,2023,F_I0_2,Mujeres,Educacion baja,I_DSK2_B,Basicas,15.96,
NL,2023,F_I0_2,Mujeres,Educacion baja,I_DSK2_B,Basicas,36.9,
PL,2023,F_I0_2,Mujeres,Educacion baja,I_DSK2_B,Basicas,19.45,
PT,2023,F_I0_2,Mujeres,Educacion baja,I_DSK2_B,Basicas,15.26,
RO,2023,F_I0_2,Mujeres,Educacion baja,I_DSK2_B,Basicas,7.52,
SE,2023,F_I0_2,Mujeres,Educacion baja,I_DSK2_B,Basicas,29.73,
SI,2023,F_I0_2,Mujeres,Educacion baja,I_DSK2_B,Basicas,16.0,
SK,2023,F_I0_2,Mujeres,Educacion baja,I_DSK2_B,Basicas,13.86,
AT,2023,F_I3_4,Mujeres,Educacion media,I_DSK2_AB,Por encima de basicas,22.93,
BE,2023,F_I3_4,Mujeres,Educacion media,I_DSK2_AB,Por encima de basicas,17.54,
BG,2023,F_I3_4,Mujeres,Educacion media,I_DSK2_AB,Por encima de basicas,5.12,
CY,2023,F_I3_4,Mujeres,Educacion media,I_DSK2_AB,Por encima de basicas,15.87,
CZ,2023,F_I3_4,Mujeres,Educacion media,I_DSK2_AB,Por encima de basicas,26.95,
DE,2023,F_I3_4,Mujeres,Educacion media,I_DSK2_AB,Por encima de basicas,14.32,
DK,2023,F_I3_4,Mujeres,Educacion media,I_DSK2_AB,Por encima de basicas,28.58,
EE,2023,F_I3_4,Mujeres,Educacion media,I_DSK2_AB,Por encima de basicas,25.01,
EL,2023,F_I3_4,Mujeres,Educacion media,I_DSK2_AB,Por encima de basicas,14.54,
ES,2023,F_I3_4,Mujeres,Educacion media,I_DSK2_AB,Por encima de basicas,31.86,
EU27_2020,2023,F_I3_4,Mujeres,Educacion media,I_DSK2_AB,Por encima de basicas,19.24,
FI,2023,F_I3_4,Mujeres,Educacion media,I_DSK2_AB,Por encima de basicas,44.51,
FR,2023,F_I3_4,Mujeres,Educacion media,I_DSK2_AB,Por encima de basicas,21.87,
HR,2023,F_I3_4,Mujeres,Educacion media,I_DSK2_AB,Por encima de basicas,22.86,
HU,2023,F_I3_4,Mujeres,Educacion media,I_DSK2_AB,Por encima de basicas,17.75,
IE,2023,F_I3_4,Mujeres,Educacion media,I_DSK2_AB,Por encima de basicas,30.69,
IT,2023,F_I3_4,Mujeres,Educacion media,I_DSK2_AB,Por encima de basicas,21.73,
LT,2023,F_I3_4,Mujeres,Educacion media,I_DSK2_AB,Por encima de basicas,11.87,
LU,2023,F_I3_4,Mujeres,Educacion media,I_DSK2_AB,Por encima de basicas,16.81,
LV,2023,F_I3_4,Mujeres,Educacion media,I_DSK2_AB,Por encima de basicas,9.08,
MT,2023,F_I3_4,Mujeres,Educacion media,I_DSK2_AB,Por encima de basicas,39.08,
NL,2023,F_I3_4,Mujeres,Educacion media,I_DSK2_AB,Por encima de basicas,47.96,
PL,2023,F_I3_4,Mujeres,Educacion media,I_DSK2_AB,Por encima de basicas,9.54,
PT,2023,F_I3_4,Mujeres,Educacion media,I_DSK2_AB,Por encima de basicas,30.84,
RO,2023,F_I3_4,Mujeres,Educacion media,I_DSK2_AB,Por encima de basicas,4.65,
SE,2023,F_I3_4,Mujeres,Educacion media,I_DSK2_AB,Por encima de basicas,27.29,
SI,2023,F_I3_4,Mujeres,Educacion media,I_DSK2_AB,Por encima de basicas,12.74,
SK,2023,F_I3_4,Mujeres,Educacion media,I_DSK2_AB,Por encima de basicas,14.34,
AT,2023,F_I3_4,Mujeres,Educacion media,I_DSK2_B,Basicas,36.51,
BE,2023,F_I3_4,Mujeres,Educacion media,I_DSK2_B,Basicas,33.04,
BG,2023,F_I3_4,Mujeres,Educacion media,I_DSK2_B,Basicas,23.08,
CY,2023,F_I3_4,Mujeres,Educacion media,I_DSK2_B,Basicas,27.54,
CZ,2023,F_I3_4,Mujeres,Educacion media,I_DSK2_B,Basicas,36.0,
DE,2023,F_I3_4,Mujeres,Educacion media,I_DSK2_B,Basicas,33.19,
DK,2023,F_I3_4,Mujeres,Educacion media,I_DSK2_B,Basicas,34.47,
EE,2023,F_I3_4,Mujeres,Educacion media,I_DSK2_B,Basicas,26.87,
EL,2023,F_I3_4,Mujeres,Educacion media,I_DSK2_B,Basicas,35.74,
ES,2023,F_I3_4,Mujeres,Educacion media,I_DSK2_B,Basicas,35.73,
EU27_2020,2023,F_I3_4,Mujeres,Educacion media,I_DSK2_B,Basicas,30.59,
FI,2023,F_I3_4,Mujeres,Educacion media,I_DSK2_B,Basicas,31.56,
FR,2023,F_I3_4,Mujeres,Educacion media,I_DSK2_B,Basicas,33.6,
HR,2023,F_I3_4,Mujeres,Educacion media,I_DSK2_B,Basicas,48.24,
HU,2023,F_I3_4,Mujeres,Educacion media,I_DSK2_B,Basicas,35.05,
IE,2023,F_I3_4,Mujeres,Educacion media,I_DSK2_B,Basicas,35.86,
IT,2023,F_I3_4,Mujeres,Educacion media,I_DSK2_B,Basicas,28.77,
LT,2023,F_I3_4,Mujeres,Educacion media,I_DSK2_B,Basicas,23.96,
LU,2023,F_I3_4,Mujeres,Educacion media,I_DSK2_B,Basicas,35.84,
LV,2023,F_I3_4,Mujeres,Educacion media,I_DSK2_B,Basicas,22.79,
MT,2023,F_I3_4,Mujeres,Educacion media,I_DSK2_B,Basicas,33.74,
NL,2023,F_I3_4,Mujeres,Educacion media,I_DSK2_B,Basicas,32.67,
PL,2023,F_I3_4,Mujeres,Educacion media,I_DSK2_B,Basicas,19.7,
PT,2023,F_I3_4,Mujeres,Educacion media,I_DSK2_B,Basicas,37.91,
RO,2023,F_I3_4,Mujeres,Educacion media,I_DSK2_B,Basicas,18.5,
SE,2023,F_I3_4,Mujeres,Educacion media,I_DSK2_B,Basicas,31.87,
SI,2023,F_I3_4,Mujeres,Educacion media,I_DSK2_B,Basicas,28.72,
SK,2023,F_I3_4,Mujeres,Educacion media,I_DSK2_B,Basicas,28.55,
AT,2023,F_I5_8,Mujeres,Educacion alta,I_DSK2_AB,Por encima de basicas,45.41,
BE,2023,F_I5_8,Mujeres,Educacion alta,I_DSK2_AB,Por encima de basicas,43.38,
BG,2023,F_I5_8,Mujeres,Educacion alta,I_DSK2_AB,Por encima de basicas,16.29,
CY,2023,F_I5_8,Mujeres,Educacion alta,I_DSK2_AB,Por encima de basicas,41.73,
CZ,2023,F_I5_8,Mujeres,Educacion alta,I_DSK2_AB,Por encima de basicas,63.03,
DE,2023,F_I5_8,Mujeres,Educacion alta,I_DSK2_AB,Por encima de basicas,30.49,
DK,2023,F_I5_8,Mujeres,Educacion alta,I_DSK2_AB,Por encima de basicas,46.39,
EE,2023,F_I5_8,Mujeres,Educacion alta,I_DSK2_AB,Por encima de basicas,39.18,
EL,2023,F_I5_8,Mujeres,Educacion alta,I_DSK2_AB,Por encima de basicas,38.05,
ES,2023,F_I5_8,Mujeres,Educacion alta,I_DSK2_AB,Por encima de basicas,57.92,
EU27_2020,2023,F_I5_8,Mujeres,Educacion alta,I_DSK2_AB,Por encima de basicas,44.71,
FI,2023,F_I5_8,Mujeres,Educacion alta,I_DSK2_AB,Por encima de basicas,64.53,
FR,2023,F_I5_8,Mujeres,Educacion alta,I_DSK2_AB,Por encima de basicas,45.86,
HR,2023,F_I5_8,Mujeres,Educacion alta,I_DSK2_AB,Por encima de basicas,59.77,
HU,2023,F_I5_8,Mujeres,Educacion alta,I_DSK2_AB,Por encima de basicas,46.17,
IE,2023,F_I5_8,Mujeres,Educacion alta,I_DSK2_AB,Por encima de basicas,45.92,
IT,2023,F_I5_8,Mujeres,Educacion alta,I_DSK2_AB,Por encima de basicas,41.87,
LT,2023,F_I5_8,Mujeres,Educacion alta,I_DSK2_AB,Por encima de basicas,38.76,
LU,2023,F_I5_8,Mujeres,Educacion alta,I_DSK2_AB,Por encima de basicas,39.66,
LV,2023,F_I5_8,Mujeres,Educacion alta,I_DSK2_AB,Por encima de basicas,26.23,
MT,2023,F_I5_8,Mujeres,Educacion alta,I_DSK2_AB,Por encima de basicas,57.56,
NL,2023,F_I5_8,Mujeres,Educacion alta,I_DSK2_AB,Por encima de basicas,69.7,
PL,2023,F_I5_8,Mujeres,Educacion alta,I_DSK2_AB,Por encima de basicas,37.03,
PT,2023,F_I5_8,Mujeres,Educacion alta,I_DSK2_AB,Por encima de basicas,57.54,
RO,2023,F_I5_8,Mujeres,Educacion alta,I_DSK2_AB,Por encima de basicas,29.6,
SE,2023,F_I5_8,Mujeres,Educacion alta,I_DSK2_AB,Por encima de basicas,45.95,
SI,2023,F_I5_8,Mujeres,Educacion alta,I_DSK2_AB,Por encima de basicas,27.29,
SK,2023,F_I5_8,Mujeres,Educacion alta,I_DSK2_AB,Por encima de basicas,37.15,
AT,2023,F_I5_8,Mujeres,Educacion alta,I_DSK2_B,Basicas,35.39,
BE,2023,F_I5_8,Mujeres,Educacion alta,I_DSK2_B,Basicas,35.29,
BG,2023,F_I5_8,Mujeres,Educacion alta,I_DSK2_B,Basicas,48.08,
CY,2023,F_I5_8,Mujeres,Educacion alta,I_DSK2_B,Basicas,31.25,
CZ,2023,F_I5_8,Mujeres,Educacion alta,I_DSK2_B,Basicas,30.5,
DE,2023,F_I5_8,Mujeres,Educacion alta,I_DSK2_B,Basicas,39.46,
DK,2023,F_I5_8,Mujeres,Educacion alta,I_DSK2_B,Basicas,34.7,
EE,2023,F_I5_8,Mujeres,Educacion alta,I_DSK2_B,Basicas,31.99,
EL,2023,F_I5_8,Mujeres,Educacion alta,I_DSK2_B,Basicas,44.32,
ES,2023,F_I5_8,Mujeres,Educacion alta,I_DSK2_B,Basicas,26.85,
EU27_2020,2023,F_I5_8,Mujeres,Educacion alta,I_DSK2_B,Basicas,33.67,
FI,2023,F_I5_8,Mujeres,Educacion alta,I_DSK2_B,Basicas,27.13,
FR,2023,F_I5_8,Mujeres,Educacion alta,I_DSK2_B,Basicas,35.24,
HR,2023,F_I5_8,Mujeres,Educacion alta,I_DSK2_B,Basicas,21.54,
HU,2023,F_I5_8,Mujeres,Educacion alta,I_DSK2_B,Basicas,35.91,
IE,2023,F_I5_8,Mujeres,Educacion alta,I_DSK2_B,Basicas,42.29,
IT,2023,F_I5_8,Mujeres,Educacion alta,I_DSK2_B,Basicas,30.21,
LT,2023,F_I5_8,Mujeres,Educacion alta,I_DSK2_B,Basicas,31.85,
LU,2023,F_I5_8,Mujeres,Educacion alta,I_DSK2_B,Basicas,36.67,
LV,2023,F_I5_8,Mujeres,Educacion alta,I_DSK2_B,Basicas,38.01,
MT,2023,F_I5_8,Mujeres,Educacion alta,I_DSK2_B,Basicas,27.55,
NL,2023,F_I5_8,Mujeres,Educacion alta,I_DSK2_B,Basicas,24.64,
PL,2023,F_I5_8,Mujeres,Educacion alta,I_DSK2_B,Basicas,32.88,
PT,2023,F_I5_8,Mujeres,Educacion alta,I_DSK2_B,Basicas,30.62,
RO,2023,F_I5_8,Mujeres,Educacion alta,I_DSK2_B,Basicas,32.58,
SE,2023,F_I5_8,Mujeres,Educacion alta,I_DSK2_B,Basicas,36.4,
SI,2023,F_I5_8,Mujeres,Educacion alta,I_DSK2_B,Basicas,39.04,
SK,2023,F_I5_8,Mujeres,Educacion alta,I_DSK2_B,Basicas,39.25,
AT,2023,F_Y16_74,Mujeres,16-74,I_DSK2_AB,Por encima de basicas,28.02,
BE,2023,F_Y16_74,Mujeres,16-74,I_DSK2_AB,Por encima de basicas,25.83,
BG,2023,F_Y16_74,Mujeres,16-74,I_DSK2_AB,Por encima de basicas,7.66,
CY,2023,F_Y16_74,Mujeres,16-74,I_DSK2_AB,Por encima de basicas,24.57,
CZ,2023,F_Y16_74,Mujeres,16-74,I_DSK2_AB,Por encima de basicas,34.96,
DE,2023,F_Y16_74,Mujeres,16-74,I_DSK2_AB,Por encima de basicas,16.7,
DK,2023,F_Y16_74,Mujeres,16-74,I_DSK2_AB,Por encima de basicas,33.57,
EE,2023,F_Y16_74,Mujeres,16-74,I_DSK2_AB,Por encima de basicas,32.94,
EL,2023,F_Y16_74,Mujeres,16-74,I_DSK2_AB,Por encima de basicas,19.47,
ES,2023,F_Y16_74,Mujeres,16-74,I_DSK2_AB,Por encima de basicas,37.38,
EU27_2020,2023,F_Y16_74,Mujeres,16-74,I_DSK2_AB,Por encima de basicas,25.4,
FI,2023,F_Y16_74,Mujeres,16-74,I_DSK2_AB,Por encima de basicas,55.15,
FR,2023,F_Y16_74,Mujeres,16-74,I_DSK2_AB,Por encima de basicas,29.27,
HR,2023,F_Y16_74,Mujeres,16-74,I_DSK2_AB,Por encima de basicas,23.16,
HU,2023,F_Y16_74,Mujeres,16-74,I_DSK2_AB,Por encima de basicas,25.78,
IE,2023,F_Y16_74,Mujeres,16-74,I_DSK2_AB,Por encima de basicas,35.82,
IT,2023,F_Y16_74,Mujeres,16-74,I_DSK2_AB,Por encima de basicas,20.4,
LT,2023,F_Y16_74,Mujeres,16-74,I_DSK2_AB,Por encima de basicas,27.11,
LU,2023,F_Y16_74,Mujeres,16-74,I_DSK2_AB,Por encima de basicas,23.39,
LV,2023,F_Y16_74,Mujeres,16-74,I_DSK2_AB,Por encima de basicas,17.1,
MT,2023,F_Y16_74,Mujeres,16-74,I_DSK2_AB,Por encima de basicas,36.69,
NL,2023,F_Y16_74,Mujeres,16-74,I_DSK2_AB,Por encima de basicas,52.0,
PL,2023,F_Y16_74,Mujeres,16-74,I_DSK2_AB,Por encima de basicas,18.86,
PT,2023,F_Y16_74,Mujeres,16-74,I_DSK2_AB,Por encima de basicas,28.38,
RO,2023,F_Y16_74,Mujeres,16-74,I_DSK2_AB,Por encima de basicas,8.21,
SE,2023,F_Y16_74,Mujeres,16-74,I_DSK2_AB,Por encima de basicas,33.84,
SI,2023,F_Y16_74,Mujeres,16-74,I_DSK2_AB,Por encima de basicas,17.03,
SK,2023,F_Y16_74,Mujeres,16-74,I_DSK2_AB,Por encima de basicas,20.01,
AT,2023,F_Y16_74,Mujeres,16-74,I_DSK2_B,Basicas,32.65,
BE,2023,F_Y16_74,Mujeres,16-74,I_DSK2_B,Basicas,32.28,
BG,2023,F_Y16_74,Mujeres,16-74,I_DSK2_B,Basicas,28.53,
CY,2023,F_Y16_74,Mujeres,16-74,I_DSK2_B,Basicas,26.37,
CZ,2023,F_Y16_74,Mujeres,16-74,I_DSK2_B,Basicas,33.81,
DE,2023,F_Y16_74,Mujeres,16-74,I_DSK2_B,Basicas,32.6,
DK,2023,F_Y16_74,Mujeres,16-74,I_DSK2_B,Basicas,34.5,
EE,2023,F_Y16_74,Mujeres,16-74,I_DSK2_B,Basicas,29.14,
EL,2023,F_Y16_74,Mujeres,16-74,I_DSK2_B,Basicas,32.2,
ES,2023,F_Y16_74,Mujeres,16-74,I_DSK2_B,Basicas,28.49,
EU27_2020,2023,F_Y16_74,Mujeres,16-74,I_DSK2_B,Basicas,29.05,
FI,2023,F_Y16_74,Mujeres,16-74,I_DSK2_B,Basicas,27.9,
FR,2023,F_Y16_74,Mujeres,16-74,I_DSK2_B,Basicas,30.91,
HR,2023,F_Y16_74,Mujeres,16-74,I_DSK2_B,Basicas,34.55,
HU,2023,F_Y16_74,Mujeres,16-74,I_DSK2_B,Basicas,32.38,
IE,2023,F_Y16_74,Mujeres,16-74,I_DSK2_B,Basicas,35.64,
IT,2023,F_Y16_74,Mujeres,16-74,I_DSK2_B,Basicas,23.76,
LT,2023,F_Y16_74,Mujeres,16-74,I_DSK2_B,Basicas,28.13,
LU,2023,F_Y16_74,Mujeres,16-74,I_DSK2_B,Basicas,33.17,
LV,2023,F_Y16_74,Mujeres,16-74,I_DSK2_B,Basicas,29.34,
MT,2023,F_Y16_74,Mujeres,16-74,I_DSK2_B,Basicas,26.01,
NL,2023,F_Y16_74,Mujeres,16-74,I_DSK2_B,Basicas,30.56,
PL,2023,F_Y16_74,Mujeres,16-74,I_DSK2_B,Basicas,24.14,
PT,2023,F_Y16_74,Mujeres,16-74,I_DSK2_B,Basicas,26.46,
RO,2023,F_Y16_74,Mujeres,16-74,I_DSK2_B,Basicas,18.26,
SE,2023,F_Y16_74,Mujeres,16-74,I_DSK2_B,Basicas,33.31,
SI,2023,F_Y16_74,Mujeres,16-74,I_DSK2_B,Basicas,29.44,
SK,2023,F_Y16_74,Mujeres,16-74,I_DSK2_B,Basicas,30.0,
AT,2023,IND_TOTAL,Total,16-74,I_DSK2_AB,Por encima de basicas,32.04,
BE,2023,IND_TOTAL,Total,16-74,I_DSK2_AB,Por encima de basicas,28.26,
BG,2023,IND_TOTAL,Total,16-74,I_DSK2_AB,Por encima de basicas,7.73,
CY,2023,IND_TOTAL,Total,16-74,I_DSK2_AB,Por encima de basicas,24.96,
CZ,2023,IND_TOTAL,Total,16-74,I_DSK2_AB,Por encima de basicas,35.48,
DE,2023,IND_TOTAL,Total,16-74,I_DSK2_AB,Por encima de basicas,19.79,
DK,2023,IND_TOTAL,Total,16-74,I_DSK2_AB,Por encima de basicas,39.37,
EE,2023,IND_TOTAL,Total,16-74,I_DSK2_AB,Por encima de basicas,34.84,
EL,2023,IND_TOTAL,Total,16-74,I_DSK2_AB,Por encima de basicas,20.02,
ES,2023,IND_TOTAL,Total,16-74,I_DSK2_AB,Por encima de basicas,38.65,
EU27_2020,2023,IND_TOTAL,Total,16-74,I_DSK2_AB,Por encima de basicas,27.32,
FI,2023,IND_TOTAL,Total,16-74,I_DSK2_AB,Por encima de basicas,53.63,
FR,2023,IND_TOTAL,Total,16-74,I_DSK2_AB,Por encima de basicas,30.62,
HR,2023,IND_TOTAL,Total,16-74,I_DSK2_AB,Por encima de basicas,25.0,
HU,2023,IND_TOTAL,Total,16-74,I_DSK2_AB,Por encima de basicas,28.13,
IE,2023,IND_TOTAL,Total,16-74,I_DSK2_AB,Por encima de basicas,43.82,
IT,2023,IND_TOTAL,Total,16-74,I_DSK2_AB,Por encima de basicas,22.21,
LT,2023,IND_TOTAL,Total,16-74,I_DSK2_AB,Por encima de basicas,25.9,
LU,2023,IND_TOTAL,Total,16-74,I_DSK2_AB,Por encima de basicas,27.86,
LV,2023,IND_TOTAL,Total,16-74,I_DSK2_AB,Por encima de basicas,16.55,
MT,2023,IND_TOTAL,Total,16-74,I_DSK2_AB,Por encima de basicas,36.67,
NL,2023,IND_TOTAL,Total,16-74,I_DSK2_AB,Por encima de basicas,54.53,
PL,2023,IND_TOTAL,Total,16-74,I_DSK2_AB,Por encima de basicas,20.05,
PT,2023,IND_TOTAL,Total,16-74,I_DSK2_AB,Por encima de basicas,29.93,
RO,2023,IND_TOTAL,Total,16-74,I_DSK2_AB,Por encima de basicas,8.97,
SE,2023,IND_TOTAL,Total,16-74,I_DSK2_AB,Por encima de basicas,36.51,
SI,2023,IND_TOTAL,Total,16-74,I_DSK2_AB,Por encima de basicas,18.88,
SK,2023,IND_TOTAL,Total,16-74,I_DSK2_AB,Por encima de basicas,21.7,
AT,2023,IND_TOTAL,Total,16-74,I_DSK2_B,Basicas,32.64,
BE,2023,IND_TOTAL,Total,16-74,I_DSK2_B,Basicas,31.12,
BG,2023,IND_TOTAL,Total,16-74,I_DSK2_B,Basicas,27.79,
CY,2023,IND_TOTAL,Total,16-74,I_DSK2_B,Basicas,24.51,
CZ,2023,IND_TOTAL,Total,16-74,I_DSK2_B,Basicas,33.63,
DE,2023,IND_TOTAL,Total,16-74,I_DSK2_B,Basicas,32.43,
DK,2023,IND_TOTAL,Total,16-74,I_DSK2_B,Basicas,30.25,
EE,2023,IND_TOTAL,Total,16-74,I_DSK2_B,Basicas,27.76,
EL,2023,IND_TOTAL,Total,16-74,I_DSK2_B,Basicas,32.38,
ES,2023,IND_TOTAL,Total,16-74,I_DSK2_B,Basicas,27.52,
EU27_2020,2023,IND_TOTAL,Total,16-74,I_DSK2_B,Basicas,28.24,
FI,2023,IND_TOTAL,Total,16-74,I_DSK2_B,Basicas,28.36,
FR,2023,IND_TOTAL,Total,16-74,I_DSK2_B,Basicas,29.06,
HR,2023,IND_TOTAL,Total,16-74,I_DSK2_B,Basicas,33.94,
HU,2023,IND_TOTAL,Total,16-74,I_DSK2_B,Basicas,30.76,
IE,2023,IND_TOTAL,Total,16-74,I_DSK2_B,Basicas,29.09,
IT,2023,IND_TOTAL,Total,16-74,I_DSK2_B,Basicas,23.54,
LT,2023,IND_TOTAL,Total,16-74,I_DSK2_B,Basicas,27.01,
LU,2023,IND_TOTAL,Total,16-74,I_DSK2_B,Basicas,32.28,
LV,2023,IND_TOTAL,Total,16-74,I_DSK2_B,Basicas,28.79,
MT,2023,IND_TOTAL,Total,16-74,I_DSK2_B,Basicas,26.11,
NL,2023,IND_TOTAL,Total,16-74,I_DSK2_B,Basicas,28.16,
PL,2023,IND_TOTAL,Total,16-74,I_DSK2_B,Basicas,24.25,
PT,2023,IND_TOTAL,Total,16-74,I_DSK2_B,Basicas,26.04,
RO,2023,IND_TOTAL,Total,16-74,I_DSK2_B,Basicas,18.77,
SE,2023,IND_TOTAL,Total,16-74,I_DSK2_B,Basicas,29.93,
SI,2023,IND_TOTAL,Total,16-74,I_DSK2_B,Basicas,27.82,
SK,2023,IND_TOTAL,Total,16-74,I_DSK2_B,Basicas,29.61,
AT,2023,M_I0_2,Hombres,Educacion baja,I_DSK2_AB,Por encima de basicas,16.04,
BE,2023,M_I0_2,Hombres,Educacion baja,I_DSK2_AB,Por encima de basicas,8.4,
BG,2023,M_I0_2,Hombres,Educacion baja,I_DSK2_AB,Por encima de basicas,2.58,
CY,2023,M_I0_2,Hombres,Educacion baja,I_DSK2_AB,Por encima de basicas,4.66,
CZ,2023,M_I0_2,Hombres,Educacion baja,I_DSK2_AB,Por encima de basicas,27.7,
DE,2023,M_I0_2,Hombres,Educacion baja,I_DSK2_AB,Por encima de basicas,8.05,
DK,2023,M_I0_2,Hombres,Educacion baja,I_DSK2_AB,Por encima de basicas,33.76,
EE,2023,M_I0_2,Hombres,Educacion baja,I_DSK2_AB,Por encima de basicas,31.81,
EL,2023,M_I0_2,Hombres,Educacion baja,I_DSK2_AB,Por encima de basicas,6.1,
ES,2023,M_I0_2,Hombres,Educacion baja,I_DSK2_AB,Por encima de basicas,18.07,
EU27_2020,2023,M_I0_2,Hombres,Educacion baja,I_DSK2_AB,Por encima de basicas,13.6,
FI,2023,M_I0_2,Hombres,Educacion baja,I_DSK2_AB,Por encima de basicas,46.52,
FR,2023,M_I0_2,Hombres,Educacion baja,I_DSK2_AB,Por encima de basicas,16.25,
HR,2023,M_I0_2,Hombres,Educacion baja,I_DSK2_AB,Por encima de basicas,6.12,
HU,2023,M_I0_2,Hombres,Educacion baja,I_DSK2_AB,Por encima de basicas,14.57,
IE,2023,M_I0_2,Hombres,Educacion baja,I_DSK2_AB,Por encima de basicas,6.73,
IT,2023,M_I0_2,Hombres,Educacion baja,I_DSK2_AB,Por encima de basicas,7.5,
LT,2023,M_I0_2,Hombres,Educacion baja,I_DSK2_AB,Por encima de basicas,20.3,
LU,2023,M_I0_2,Hombres,Educacion baja,I_DSK2_AB,Por encima de basicas,8.11,
LV,2023,M_I0_2,Hombres,Educacion baja,I_DSK2_AB,Por encima de basicas,7.9,
MT,2023,M_I0_2,Hombres,Educacion baja,I_DSK2_AB,Por encima de basicas,12.55,
NL,2023,M_I0_2,Hombres,Educacion baja,I_DSK2_AB,Por encima de basicas,36.61,
PL,2023,M_I0_2,Hombres,Educacion baja,I_DSK2_AB,Por encima de basicas,13.72,
PT,2023,M_I0_2,Hombres,Educacion baja,I_DSK2_AB,Por encima de basicas,9.08,
RO,2023,M_I0_2,Hombres,Educacion baja,I_DSK2_AB,Por encima de basicas,4.3,
SE,2023,M_I0_2,Hombres,Educacion baja,I_DSK2_AB,Por encima de basicas,23.56,
SI,2023,M_I0_2,Hombres,Educacion baja,I_DSK2_AB,Por encima de basicas,12.31,
SK,2023,M_I0_2,Hombres,Educacion baja,I_DSK2_AB,Por encima de basicas,21.35,
AT,2023,M_I0_2,Hombres,Educacion baja,I_DSK2_B,Basicas,29.82,
BE,2023,M_I0_2,Hombres,Educacion baja,I_DSK2_B,Basicas,24.5,
BG,2023,M_I0_2,Hombres,Educacion baja,I_DSK2_B,Basicas,13.35,
CY,2023,M_I0_2,Hombres,Educacion baja,I_DSK2_B,Basicas,12.96,
CZ,2023,M_I0_2,Hombres,Educacion baja,I_DSK2_B,Basicas,40.74,
DE,2023,M_I0_2,Hombres,Educacion baja,I_DSK2_B,Basicas,27.79,
DK,2023,M_I0_2,Hombres,Educacion baja,I_DSK2_B,Basicas,25.26,
EE,2023,M_I0_2,Hombres,Educacion baja,I_DSK2_B,Basicas,28.66,
EL,2023,M_I0_2,Hombres,Educacion baja,I_DSK2_B,Basicas,16.38,
ES,2023,M_I0_2,Hombres,Educacion baja,I_DSK2_B,Basicas,26.71,
EU27_2020,2023,M_I0_2,Hombres,Educacion baja,I_DSK2_B,Basicas,22.57,
FI,2023,M_I0_2,Hombres,Educacion baja,I_DSK2_B,Basicas,31.57,
FR,2023,M_I0_2,Hombres,Educacion baja,I_DSK2_B,Basicas,17.68,
HR,2023,M_I0_2,Hombres,Educacion baja,I_DSK2_B,Basicas,28.97,
HU,2023,M_I0_2,Hombres,Educacion baja,I_DSK2_B,Basicas,23.12,
IE,2023,M_I0_2,Hombres,Educacion baja,I_DSK2_B,Basicas,9.65,
IT,2023,M_I0_2,Hombres,Educacion baja,I_DSK2_B,Basicas,18.03,
LT,2023,M_I0_2,Hombres,Educacion baja,I_DSK2_B,Basicas,24.21,
LU,2023,M_I0_2,Hombres,Educacion baja,I_DSK2_B,Basicas,26.97,
LV,2023,M_I0_2,Hombres,Educacion baja,I_DSK2_B,Basicas,25.04,
MT,2023,M_I0_2,Hombres,Educacion baja,I_DSK2_B,Basicas,15.53,
NL,2023,M_I0_2,Hombres,Educacion baja,I_DSK2_B,Basicas,33.23,
PL,2023,M_I0_2,Hombres,Educacion baja,I_DSK2_B,Basicas,20.49,
PT,2023,M_I0_2,Hombres,Educacion baja,I_DSK2_B,Basicas,17.96,
RO,2023,M_I0_2,Hombres,Educacion baja,I_DSK2_B,Basicas,12.15,
SE,2023,M_I0_2,Hombres,Educacion baja,I_DSK2_B,Basicas,22.85,
SI,2023,M_I0_2,Hombres,Educacion baja,I_DSK2_B,Basicas,25.99,
SK,2023,M_I0_2,Hombres,Educacion baja,I_DSK2_B,Basicas,19.64,
AT,2023,M_I3_4,Hombres,Educacion media,I_DSK2_AB,Por encima de basicas,28.6,
BE,2023,M_I3_4,Hombres,Educacion media,I_DSK2_AB,Por encima de basicas,24.07,
BG,2023,M_I3_4,Hombres,Educacion media,I_DSK2_AB,Por encima de basicas,4.94,
CY,2023,M_I3_4,Hombres,Educacion media,I_DSK2_AB,Por encima de basicas,16.61,
CZ,2023,M_I3_4,Hombres,Educacion media,I_DSK2_AB,Por encima de basicas,27.6,
DE,2023,M_I3_4,Hombres,Educacion media,I_DSK2_AB,Por encima de basicas,19.83,
DK,2023,M_I3_4,Hombres,Educacion media,I_DSK2_AB,Por encima de basicas,37.88,
EE,2023,M_I3_4,Hombres,Educacion media,I_DSK2_AB,Por encima de basicas,33.33,
EL,2023,M_I3_4,Hombres,Educacion media,I_DSK2_AB,Por encima de basicas,16.5,
ES,2023,M_I3_4,Hombres,Educacion media,I_DSK2_AB,Por encima de basicas,39.68,
EU27_2020,2023,M_I3_4,Hombres,Educacion media,I_DSK2_AB,Por encima de basicas,23.54,
FI,2023,M_I3_4,Hombres,Educacion media,I_DSK2_AB,Por encima de basicas,44.39,
FR,2023,M_I3_4,Hombres,Educacion media,I_DSK2_AB,Por encima de basicas,23.91,
HR,2023,M_I3_4,Hombres,Educacion media,I_DSK2_AB,Por encima de basicas,24.3,
HU,2023,M_I3_4,Hombres,Educacion media,I_DSK2_AB,Por encima de basicas,22.09,
IE,2023,M_I3_4,Hombres,Educacion media,I_DSK2_AB,Por encima de basicas,44.14,
IT,2023,M_I3_4,Hombres,Educacion media,I_DSK2_AB,Por encima de basicas,27.48,
LT,2023,M_I3_4,Hombres,Educacion media,I_DSK2_AB,Por encima de basicas,14.62,
LU,2023,M_I3_4,Hombres,Educacion media,I_DSK2_AB,Por encima de basicas,25.16,
LV,2023,M_I3_4,Hombres,Educacion media,I_DSK2_AB,Por encima de basicas,11.62,
MT,2023,M_I3_4,Hombres,Educacion media,I_DSK2_AB,Por encima de basicas,37.13,
NL,2023,M_I3_4,Hombres,Educacion media,I_DSK2_AB,Por encima de basicas,51.18,
PL,2023,M_I3_4,Hombres,Educacion media,I_DSK2_AB,Por encima de basicas,12.22,
PT,2023,M_I3_4,Hombres,Educacion media,I_DSK2_AB,Por encima de basicas,41.48,
RO,2023,M_I3_4,Hombres,Educacion media,I_DSK2_AB,Por encima de basicas,6.01,
SE,2023,M_I3_4,Hombres,Educacion media,I_DSK2_AB,Por encima de basicas,36.9,
SI,2023,M_I3_4,Hombres,Educacion media,I_DSK2_AB,Por encima de basicas,15.87,
SK,2023,M_I3_4,Hombres,Educacion media,I_DSK2_AB,Por encima de basicas,16.95,
AT,2023,M_I3_4,Hombres,Educacion media,I_DSK2_B,Basicas,34.71,
BE,2023,M_I3_4,Hombres,Educacion media,I_DSK2_B,Basicas,32.72,
BG,2023,M_I3_4,Hombres,Educacion media,I_DSK2_B,Basicas,24.66,
CY,2023,M_I3_4,Hombres,Educacion media,I_DSK2_B,Basicas,20.65,
CZ,2023,M_I3_4,Hombres,Educacion media,I_DSK2_B,Basicas,35.7,
DE,2023,M_I3_4,Hombres,Educacion media,I_DSK2_B,Basicas,31.32,
DK,2023,M_I3_4,Hombres,Educacion media,I_DSK2_B,Basicas,30.12,
EE,2023,M_I3_4,Hombres,Educacion media,I_DSK2_B,Basicas,23.55,
EL,2023,M_I3_4,Hombres,Educacion media,I_DSK2_B,Basicas,33.64,
ES,2023,M_I3_4,Hombres,Educacion media,I_DSK2_B,Basicas,32.85,
EU27_2020,2023,M_I3_4,Hombres,Educacion media,I_DSK2_B,Basicas,28.78,
FI,2023,M_I3_4,Hombres,Educacion media,I_DSK2_B,Basicas,30.82,
FR,2023,M_I3_4,Hombres,Educacion media,I_DSK2_B,Basicas,30.03,
HR,2023,M_I3_4,Hombres,Educacion media,I_DSK2_B,Basicas,37.28,
HU,2023,M_I3_4,Hombres,Educacion media,I_DSK2_B,Basicas,31.55,
IE,2023,M_I3_4,Hombres,Educacion media,I_DSK2_B,Basicas,11.91,
IT,2023,M_I3_4,Hombres,Educacion media,I_DSK2_B,Basicas,27.12,
LT,2023,M_I3_4,Hombres,Educacion media,I_DSK2_B,Basicas,21.68,
LU,2023,M_I3_4,Hombres,Educacion media,I_DSK2_B,Basicas,32.66,
LV,2023,M_I3_4,Hombres,Educacion media,I_DSK2_B,Basicas,23.59,
MT,2023,M_I3_4,Hombres,Educacion media,I_DSK2_B,Basicas,36.36,
NL,2023,M_I3_4,Hombres,Educacion media,I_DSK2_B,Basicas,28.7,
PL,2023,M_I3_4,Hombres,Educacion media,I_DSK2_B,Basicas,22.68,
PT,2023,M_I3_4,Hombres,Educacion media,I_DSK2_B,Basicas,36.34,
RO,2023,M_I3_4,Hombres,Educacion media,I_DSK2_B,Basicas,18.6,
SE,2023,M_I3_4,Hombres,Educacion media,I_DSK2_B,Basicas,27.69,
SI,2023,M_I3_4,Hombres,Educacion media,I_DSK2_B,Basicas,23.45,
SK,2023,M_I3_4,Hombres,Educacion media,I_DSK2_B,Basicas,29.52,
AT,2023,M_I5_8,Hombres,Educacion alta,I_DSK2_AB,Por encima de basicas,54.56,
BE,2023,M_I5_8,Hombres,Educacion alta,I_DSK2_AB,Por encima de basicas,53.2,
BG,2023,M_I5_8,Hombres,Educacion alta,I_DSK2_AB,Por encima de basicas,20.62,
CY,2023,M_I5_8,Hombres,Educacion alta,I_DSK2_AB,Por encima de basicas,45.29,
CZ,2023,M_I5_8,Hombres,Educacion alta,I_DSK2_AB,Por encima de basicas,69.09,
DE,2023,M_I5_8,Hombres,Educacion alta,I_DSK2_AB,Por encima de basicas,37.48,
DK,2023,M_I5_8,Hombres,Educacion alta,I_DSK2_AB,Por encima de basicas,64.42,
EE,2023,M_I5_8,Hombres,Educacion alta,I_DSK2_AB,Por encima de basicas,44.06,
EL,2023,M_I5_8,Hombres,Educacion alta,I_DSK2_AB,Por encima de basicas,38.9,
ES,2023,M_I5_8,Hombres,Educacion alta,I_DSK2_AB,Por encima de basicas,64.58,
EU27_2020,2023,M_I5_8,Hombres,Educacion alta,I_DSK2_AB,Por encima de basicas,52.13,
FI,2023,M_I5_8,Hombres,Educacion alta,I_DSK2_AB,Por encima de basicas,70.14,
FR,2023,M_I5_8,Hombres,Educacion alta,I_DSK2_AB,Por encima de basicas,54.23,
HR,2023,M_I5_8,Hombres,Educacion alta,I_DSK2_AB,Por encima de basicas,63.98,
HU,2023,M_I5_8,Hombres,Educacion alta,I_DSK2_AB,Por encima de basicas,58.21,
IE,2023,M_I5_8,Hombres,Educacion alta,I_DSK2_AB,Por encima de basicas,59.97,
IT,2023,M_I5_8,Hombres,Educacion alta,I_DSK2_AB,Por encima de basicas,51.52,
LT,2023,M_I5_8,Hombres,Educacion alta,I_DSK2_AB,Por encima de basicas,42.13,
LU,2023,M_I5_8,Hombres,Educacion alta,I_DSK2_AB,Por encima de basicas,49.95,
LV,2023,M_I5_8,Hombres,Educacion alta,I_DSK2_AB,Por encima de basicas,29.08,
MT,2023,M_I5_8,Hombres,Educacion alta,I_DSK2_AB,Por encima de basicas,65.04,
NL,2023,M_I5_8,Hombres,Educacion alta,I_DSK2_AB,Por encima de basicas,76.61,
PL,2023,M_I5_8,Hombres,Educacion alta,I_DSK2_AB,Por encima de basicas,47.96,
PT,2023,M_I5_8,Hombres,Educacion alta,I_DSK2_AB,Por encima de basicas,63.3,
RO,2023,M_I5_8,Hombres,Educacion alta,I_DSK2_AB,Por encima de basicas,33.68,
SE,2023,M_I5_8,Hombres,Educacion alta,I_DSK2_AB,Por encima de basicas,54.43,
SI,2023,M_I5_8,Hombres,Educacion alta,I_DSK2_AB,Por encima de basicas,38.16,
SK,2023,M_I5_8,Hombres,Educacion alta,I_DSK2_AB,Por encima de basicas,46.86,
AT,2023,M_I5_8,Hombres,Educacion alta,I_DSK2_B,Basicas,30.61,
BE,2023,M_I5_8,Hombres,Educacion alta,I_DSK2_B,Basicas,30.17,
BG,2023,M_I5_8,Hombres,Educacion alta,I_DSK2_B,Basicas,46.0,
CY,2023,M_I5_8,Hombres,Educacion alta,I_DSK2_B,Basicas,28.98,
CZ,2023,M_I5_8,Hombres,Educacion alta,I_DSK2_B,Basicas,21.86,
DE,2023,M_I5_8,Hombres,Educacion alta,I_DSK2_B,Basicas,36.59,
DK,2023,M_I5_8,Hombres,Educacion alta,I_DSK2_B,Basicas,21.83,
EE,2023,M_I5_8,Hombres,Educacion alta,I_DSK2_B,Basicas,28.81,
EL,2023,M_I5_8,Hombres,Educacion alta,I_DSK2_B,Basicas,45.16,
ES,2023,M_I5_8,Hombres,Educacion alta,I_DSK2_B,Basicas,22.42,
EU27_2020,2023,M_I5_8,Hombres,Educacion alta,I_DSK2_B,Basicas,29.36,
FI,2023,M_I5_8,Hombres,Educacion alta,I_DSK2_B,Basicas,23.02,
FR,2023,M_I5_8,Hombres,Educacion alta,I_DSK2_B,Basicas,29.76,
HR,2023,M_I5_8,Hombres,Educacion alta,I_DSK2_B,Basicas,17.65,
HU,2023,M_I5_8,Hombres,Educacion alta,I_DSK2_B,Basicas,27.1,
IE,2023,M_I5_8,Hombres,Educacion alta,I_DSK2_B,Basicas,28.29,
IT,2023,M_I5_8,Hombres,Educacion alta,I_DSK2_B,Basicas,25.15,
LT,2023,M_I5_8,Hombres,Educacion alta,I_DSK2_B,Basicas,33.0,
LU,2023,M_I5_8,Hombres,Educacion alta,I_DSK2_B,Basicas,32.92,
LV,2023,M_I5_8,Hombres,Educacion alta,I_DSK2_B,Basicas,38.89,
MT,2023,M_I5_8,Hombres,Educacion alta,I_DSK2_B,Basicas,25.98,
NL,2023,M_I5_8,Hombres,Educacion alta,I_DSK2_B,Basicas,17.8,
PL,2023,M_I5_8,Hombres,Educacion alta,I_DSK2_B,Basicas,30.36,
PT,2023,M_I5_8,Hombres,Educacion alta,I_DSK2_B,Basicas,26.27,
RO,2023,M_I5_8,Hombres,Educacion alta,I_DSK2_B,Basicas,32.34,
SE,2023,M_I5_8,Hombres,Educacion alta,I_DSK2_B,Basicas,27.98,
SI,2023,M_I5_8,Hombres,Educacion alta,I_DSK2_B,Basicas,33.4,
SK,2023,M_I5_8,Hombres,Educacion alta,I_DSK2_B,Basicas,31.62,
AT,2023,M_Y16_74,Hombres,16-74,I_DSK2_AB,Por encima de basicas,36.09,
BE,2023,M_Y16_74,Hombres,16-74,I_DSK2_AB,Por encima de basicas,30.71,
BG,2023,M_Y16_74,Hombres,16-74,I_DSK2_AB,Por encima de basicas,7.81,
CY,2023,M_Y16_74,Hombres,16-74,I_DSK2_AB,Por encima de basicas,25.36,
CZ,2023,M_Y16_74,Hombres,16-74,I_DSK2_AB,Por encima de basicas,36.04,
DE,2023,M_Y16_74,Hombres,16-74,I_DSK2_AB,Por encima de basicas,22.88,
DK,2023,M_Y16_74,Hombres,16-74,I_DSK2_AB,Por encima de basicas,45.13,
EE,2023,M_Y16_74,Hombres,16-74,I_DSK2_AB,Por encima de basicas,36.85,
EL,2023,M_Y16_74,Hombres,16-74,I_DSK2_AB,Por encima de basicas,20.59,
ES,2023,M_Y16_74,Hombres,16-74,I_DSK2_AB,Por encima de basicas,39.95,
EU27_2020,2023,M_Y16_74,Hombres,16-74,I_DSK2_AB,Por encima de basicas,29.3,
FI,2023,M_Y16_74,Hombres,16-74,I_DSK2_AB,Por encima de basicas,52.11,
FR,2023,M_Y16_74,Hombres,16-74,I_DSK2_AB,Por encima de basicas,32.03,
HR,2023,M_Y16_74,Hombres,16-74,I_DSK2_AB,Por encima de basicas,26.89,
HU,2023,M_Y16_74,Hombres,16-74,I_DSK2_AB,Por encima de basicas,30.6,
IE,2023,M_Y16_74,Hombres,16-74,I_DSK2_AB,Por encima de basicas,52.21,
IT,2023,M_Y16_74,Hombres,16-74,I_DSK2_AB,Por encima de basicas,24.05,
LT,2023,M_Y16_74,Hombres,16-74,I_DSK2_AB,Por encima de basicas,24.58,
LU,2023,M_Y16_74,Hombres,16-74,I_DSK2_AB,Por encima de basicas,32.18,
LV,2023,M_Y16_74,Hombres,16-74,I_DSK2_AB,Por encima de basicas,15.94,
MT,2023,M_Y16_74,Hombres,16-74,I_DSK2_AB,Por encima de basicas,36.65,
NL,2023,M_Y16_74,Hombres,16-74,I_DSK2_AB,Por encima de basicas,57.07,
PL,2023,M_Y16_74,Hombres,16-74,I_DSK2_AB,Por encima de basicas,21.31,
PT,2023,M_Y16_74,Hombres,16-74,I_DSK2_AB,Por encima de basicas,31.63,
RO,2023,M_Y16_74,Hombres,16-74,I_DSK2_AB,Por encima de basicas,9.76,
SE,2023,M_Y16_74,Hombres,16-74,I_DSK2_AB,Por encima de basicas,39.08,
SI,2023,M_Y16_74,Hombres,16-74,I_DSK2_AB,Por encima de basicas,20.64,
SK,2023,M_Y16_74,Hombres,16-74,I_DSK2_AB,Por encima de basicas,23.44,
AT,2023,M_Y16_74,Hombres,16-74,I_DSK2_B,Basicas,32.62,
BE,2023,M_Y16_74,Hombres,16-74,I_DSK2_B,Basicas,29.96,
BG,2023,M_Y16_74,Hombres,16-74,I_DSK2_B,Basicas,27.02,
CY,2023,M_Y16_74,Hombres,16-74,I_DSK2_B,Basicas,22.52,
CZ,2023,M_Y16_74,Hombres,16-74,I_DSK2_B,Basicas,33.44,
DE,2023,M_Y16_74,Hombres,16-74,I_DSK2_B,Basicas,32.26,
DK,2023,M_Y16_74,Hombres,16-74,I_DSK2_B,Basicas,26.03,
EE,2023,M_Y16_74,Hombres,16-74,I_DSK2_B,Basicas,26.3,
EL,2023,M_Y16_74,Hombres,16-74,I_DSK2_B,Basicas,32.56,
ES,2023,M_Y16_74,Hombres,16-74,I_DSK2_B,Basicas,26.54,
EU27_2020,2023,M_Y16_74,Hombres,16-74,I_DSK2_B,Basicas,27.4,
FI,2023,M_Y16_74,Hombres,16-74,I_DSK2_B,Basicas,28.82,
FR,2023,M_Y16_74,Hombres,16-74,I_DSK2_B,Basicas,27.11,
HR,2023,M_Y16_74,Hombres,16-74,I_DSK2_B,Basicas,33.32,
HU,2023,M_Y16_74,Hombres,16-74,I_DSK2_B,Basicas,29.05,
IE,2023,M_Y16_74,Hombres,16-74,I_DSK2_B,Basicas,22.22,
IT,2023,M_Y16_74,Hombres,16-74,I_DSK2_B,Basicas,23.31,
LT,2023,M_Y16_74,Hombres,16-74,I_DSK2_B,Basicas,25.8,
LU,2023,M_Y16_74,Hombres,16-74,I_DSK2_B,Basicas,31.43,
LV,2023,M_Y16_74,Hombres,16-74,I_DSK2_B,Basicas,28.18,
MT,2023,M_Y16_74,Hombres,16-74,I_DSK2_B,Basicas,26.21,
NL,2023,M_Y16_74,Hombres,16-74,I_DSK2_B,Basicas,25.76,
PL,2023,M_Y16_74,Hombres,16-74,I_DSK2_B,Basicas,24.37,
PT,2023,M_Y16_74,Hombres,16-74,I_DSK2_B,Basicas,25.58,
RO,2023,M_Y16_74,Hombres,16-74,I_DSK2_B,Basicas,19.31,
SE,2023,M_Y16_74,Hombres,16-74,I_DSK2_B,Basicas,26.68,
SI,2023,M_Y16_74,Hombres,16-74,I_DSK2_B,Basicas,26.27,
SK,2023,M_Y16_74,Hombres,16-74,I_DSK2_B,Basicas,29.21,
AT,2025,F_I0_2,Mujeres,Educacion baja,I_DSK2_AB,Por encima de basicas,13.71,
BE,2025,F_I0_2,Mujeres,Educacion baja,I_DSK2_AB,Por encima de basicas,6.1,
BG,2025,F_I0_2,Mujeres,Educacion baja,I_DSK2_AB,Por encima de basicas,2.78,
CY,2025,F_I0_2,Mujeres,Educacion baja,I_DSK2_AB,Por encima de basicas,3.13,
CZ,2025,F_I0_2,Mujeres,Educacion baja,I_DSK2_AB,Por encima de basicas,34.15,
DE,2025,F_I0_2,Mujeres,Educacion baja,I_DSK2_AB,Por encima de basicas,7.59,
DK,2025,F_I0_2,Mujeres,Educacion baja,I_DSK2_AB,Por encima de basicas,39.2,
EE,2025,F_I0_2,Mujeres,Educacion baja,I_DSK2_AB,Por encima de basicas,28.87,
EL,2025,F_I0_2,Mujeres,Educacion baja,I_DSK2_AB,Por encima de basicas,7.69,
ES,2025,F_I0_2,Mujeres,Educacion baja,I_DSK2_AB,Por encima de basicas,12.8,
EU27_2020,2025,F_I0_2,Mujeres,Educacion baja,I_DSK2_AB,Por encima de basicas,13.18,
FI,2025,F_I0_2,Mujeres,Educacion baja,I_DSK2_AB,Por encima de basicas,47.37,
FR,2025,F_I0_2,Mujeres,Educacion baja,I_DSK2_AB,Por encima de basicas,17.47,
HR,2025,F_I0_2,Mujeres,Educacion baja,I_DSK2_AB,Por encima de basicas,4.14,
HU,2025,F_I0_2,Mujeres,Educacion baja,I_DSK2_AB,Por encima de basicas,14.55,
IE,2025,F_I0_2,Mujeres,Educacion baja,I_DSK2_AB,Por encima de basicas,44.46,
IT,2025,F_I0_2,Mujeres,Educacion baja,I_DSK2_AB,Por encima de basicas,8.73,
LT,2025,F_I0_2,Mujeres,Educacion baja,I_DSK2_AB,Por encima de basicas,22.13,
LU,2025,F_I0_2,Mujeres,Educacion baja,I_DSK2_AB,Por encima de basicas,2.74,
LV,2025,F_I0_2,Mujeres,Educacion baja,I_DSK2_AB,Por encima de basicas,16.27,
MT,2025,F_I0_2,Mujeres,Educacion baja,I_DSK2_AB,Por encima de basicas,5.83,
NL,2025,F_I0_2,Mujeres,Educacion baja,I_DSK2_AB,Por encima de basicas,31.65,
PL,2025,F_I0_2,Mujeres,Educacion baja,I_DSK2_AB,Por encima de basicas,18.53,
PT,2025,F_I0_2,Mujeres,Educacion baja,I_DSK2_AB,Por encima de basicas,4.51,
RO,2025,F_I0_2,Mujeres,Educacion baja,I_DSK2_AB,Por encima de basicas,3.09,
SE,2025,F_I0_2,Mujeres,Educacion baja,I_DSK2_AB,Por encima de basicas,24.01,
SI,2025,F_I0_2,Mujeres,Educacion baja,I_DSK2_AB,Por encima de basicas,14.49,
SK,2025,F_I0_2,Mujeres,Educacion baja,I_DSK2_AB,Por encima de basicas,15.69,
AT,2025,F_I0_2,Mujeres,Educacion baja,I_DSK2_B,Basicas,31.73,
BE,2025,F_I0_2,Mujeres,Educacion baja,I_DSK2_B,Basicas,25.49,
BG,2025,F_I0_2,Mujeres,Educacion baja,I_DSK2_B,Basicas,10.29,
CY,2025,F_I0_2,Mujeres,Educacion baja,I_DSK2_B,Basicas,25.11,
CZ,2025,F_I0_2,Mujeres,Educacion baja,I_DSK2_B,Basicas,28.23,
DE,2025,F_I0_2,Mujeres,Educacion baja,I_DSK2_B,Basicas,24.01,
DK,2025,F_I0_2,Mujeres,Educacion baja,I_DSK2_B,Basicas,32.32,
EE,2025,F_I0_2,Mujeres,Educacion baja,I_DSK2_B,Basicas,29.66,
EL,2025,F_I0_2,Mujeres,Educacion baja,I_DSK2_B,Basicas,15.57,
ES,2025,F_I0_2,Mujeres,Educacion baja,I_DSK2_B,Basicas,24.98,
EU27_2020,2025,F_I0_2,Mujeres,Educacion baja,I_DSK2_B,Basicas,21.38,
FI,2025,F_I0_2,Mujeres,Educacion baja,I_DSK2_B,Basicas,32.87,
FR,2025,F_I0_2,Mujeres,Educacion baja,I_DSK2_B,Basicas,19.56,
HR,2025,F_I0_2,Mujeres,Educacion baja,I_DSK2_B,Basicas,15.21,
HU,2025,F_I0_2,Mujeres,Educacion baja,I_DSK2_B,Basicas,15.97,
IE,2025,F_I0_2,Mujeres,Educacion baja,I_DSK2_B,Basicas,32.11,
IT,2025,F_I0_2,Mujeres,Educacion baja,I_DSK2_B,Basicas,16.7,
LT,2025,F_I0_2,Mujeres,Educacion baja,I_DSK2_B,Basicas,28.8,
LU,2025,F_I0_2,Mujeres,Educacion baja,I_DSK2_B,Basicas,25.06,
LV,2025,F_I0_2,Mujeres,Educacion baja,I_DSK2_B,Basicas,22.66,
MT,2025,F_I0_2,Mujeres,Educacion baja,I_DSK2_B,Basicas,18.03,
NL,2025,F_I0_2,Mujeres,Educacion baja,I_DSK2_B,Basicas,31.64,
PL,2025,F_I0_2,Mujeres,Educacion baja,I_DSK2_B,Basicas,19.44,
PT,2025,F_I0_2,Mujeres,Educacion baja,I_DSK2_B,Basicas,17.99,
RO,2025,F_I0_2,Mujeres,Educacion baja,I_DSK2_B,Basicas,9.14,
SE,2025,F_I0_2,Mujeres,Educacion baja,I_DSK2_B,Basicas,34.4,
SI,2025,F_I0_2,Mujeres,Educacion baja,I_DSK2_B,Basicas,15.77,
SK,2025,F_I0_2,Mujeres,Educacion baja,I_DSK2_B,Basicas,27.94,
AT,2025,F_I3_4,Mujeres,Educacion media,I_DSK2_AB,Por encima de basicas,25.85,
BE,2025,F_I3_4,Mujeres,Educacion media,I_DSK2_AB,Por encima de basicas,20.85,
BG,2025,F_I3_4,Mujeres,Educacion media,I_DSK2_AB,Por encima de basicas,6.84,
CY,2025,F_I3_4,Mujeres,Educacion media,I_DSK2_AB,Por encima de basicas,6.71,
CZ,2025,F_I3_4,Mujeres,Educacion media,I_DSK2_AB,Por encima de basicas,26.95,
DE,2025,F_I3_4,Mujeres,Educacion media,I_DSK2_AB,Por encima de basicas,17.47,
DK,2025,F_I3_4,Mujeres,Educacion media,I_DSK2_AB,Por encima de basicas,44.6,
EE,2025,F_I3_4,Mujeres,Educacion media,I_DSK2_AB,Por encima de basicas,26.56,
EL,2025,F_I3_4,Mujeres,Educacion media,I_DSK2_AB,Por encima de basicas,17.65,
ES,2025,F_I3_4,Mujeres,Educacion media,I_DSK2_AB,Por encima de basicas,31.94,
EU27_2020,2025,F_I3_4,Mujeres,Educacion media,I_DSK2_AB,Por encima de basicas,22.14,
FI,2025,F_I3_4,Mujeres,Educacion media,I_DSK2_AB,Por encima de basicas,42.04,
FR,2025,F_I3_4,Mujeres,Educacion media,I_DSK2_AB,Por encima de basicas,24.62,
HR,2025,F_I3_4,Mujeres,Educacion media,I_DSK2_AB,Por encima de basicas,27.35,
HU,2025,F_I3_4,Mujeres,Educacion media,I_DSK2_AB,Por encima de basicas,22.1,
IE,2025,F_I3_4,Mujeres,Educacion media,I_DSK2_AB,Por encima de basicas,44.33,
IT,2025,F_I3_4,Mujeres,Educacion media,I_DSK2_AB,Por encima de basicas,29.78,
LT,2025,F_I3_4,Mujeres,Educacion media,I_DSK2_AB,Por encima de basicas,10.98,
LU,2025,F_I3_4,Mujeres,Educacion media,I_DSK2_AB,Por encima de basicas,20.06,
LV,2025,F_I3_4,Mujeres,Educacion media,I_DSK2_AB,Por encima de basicas,11.51,
MT,2025,F_I3_4,Mujeres,Educacion media,I_DSK2_AB,Por encima de basicas,32.92,
NL,2025,F_I3_4,Mujeres,Educacion media,I_DSK2_AB,Por encima de basicas,46.03,
PL,2025,F_I3_4,Mujeres,Educacion media,I_DSK2_AB,Por encima de basicas,12.38,
PT,2025,F_I3_4,Mujeres,Educacion media,I_DSK2_AB,Por encima de basicas,31.39,
RO,2025,F_I3_4,Mujeres,Educacion media,I_DSK2_AB,Por encima de basicas,5.9,
SE,2025,F_I3_4,Mujeres,Educacion media,I_DSK2_AB,Por encima de basicas,27.95,
SI,2025,F_I3_4,Mujeres,Educacion media,I_DSK2_AB,Por encima de basicas,11.38,
SK,2025,F_I3_4,Mujeres,Educacion media,I_DSK2_AB,Por encima de basicas,11.1,
AT,2025,F_I3_4,Mujeres,Educacion media,I_DSK2_B,Basicas,44.01,
BE,2025,F_I3_4,Mujeres,Educacion media,I_DSK2_B,Basicas,29.91,
BG,2025,F_I3_4,Mujeres,Educacion media,I_DSK2_B,Basicas,23.66,
CY,2025,F_I3_4,Mujeres,Educacion media,I_DSK2_B,Basicas,37.66,
CZ,2025,F_I3_4,Mujeres,Educacion media,I_DSK2_B,Basicas,38.02,
DE,2025,F_I3_4,Mujeres,Educacion media,I_DSK2_B,Basicas,38.03,
DK,2025,F_I3_4,Mujeres,Educacion media,I_DSK2_B,Basicas,32.35,
EE,2025,F_I3_4,Mujeres,Educacion media,I_DSK2_B,Basicas,26.77,
EL,2025,F_I3_4,Mujeres,Educacion media,I_DSK2_B,Basicas,21.7,
ES,2025,F_I3_4,Mujeres,Educacion media,I_DSK2_B,Basicas,32.3,
EU27_2020,2025,F_I3_4,Mujeres,Educacion media,I_DSK2_B,Basicas,31.83,
FI,2025,F_I3_4,Mujeres,Educacion media,I_DSK2_B,Basicas,31.82,
FR,2025,F_I3_4,Mujeres,Educacion media,I_DSK2_B,Basicas,37.17,
HR,2025,F_I3_4,Mujeres,Educacion media,I_DSK2_B,Basicas,36.32,
HU,2025,F_I3_4,Mujeres,Educacion media,I_DSK2_B,Basicas,24.92,
IE,2025,F_I3_4,Mujeres,Educacion media,I_DSK2_B,Basicas,35.03,
IT,2025,F_I3_4,Mujeres,Educacion media,I_DSK2_B,Basicas,27.94,
LT,2025,F_I3_4,Mujeres,Educacion media,I_DSK2_B,Basicas,21.46,
LU,2025,F_I3_4,Mujeres,Educacion media,I_DSK2_B,Basicas,38.13,
LV,2025,F_I3_4,Mujeres,Educacion media,I_DSK2_B,Basicas,24.43,
MT,2025,F_I3_4,Mujeres,Educacion media,I_DSK2_B,Basicas,33.35,
NL,2025,F_I3_4,Mujeres,Educacion media,I_DSK2_B,Basicas,35.7,
PL,2025,F_I3_4,Mujeres,Educacion media,I_DSK2_B,Basicas,22.93,
PT,2025,F_I3_4,Mujeres,Educacion media,I_DSK2_B,Basicas,35.89,
RO,2025,F_I3_4,Mujeres,Educacion media,I_DSK2_B,Basicas,19.74,
SE,2025,F_I3_4,Mujeres,Educacion media,I_DSK2_B,Basicas,33.42,
SI,2025,F_I3_4,Mujeres,Educacion media,I_DSK2_B,Basicas,25.46,
SK,2025,F_I3_4,Mujeres,Educacion media,I_DSK2_B,Basicas,31.23,
AT,2025,F_I5_8,Mujeres,Educacion alta,I_DSK2_AB,Por encima de basicas,50.24,
BE,2025,F_I5_8,Mujeres,Educacion alta,I_DSK2_AB,Por encima de basicas,42.38,
BG,2025,F_I5_8,Mujeres,Educacion alta,I_DSK2_AB,Por encima de basicas,25.5,
CY,2025,F_I5_8,Mujeres,Educacion alta,I_DSK2_AB,Por encima de basicas,34.67,
CZ,2025,F_I5_8,Mujeres,Educacion alta,I_DSK2_AB,Por encima de basicas,60.46,
DE,2025,F_I5_8,Mujeres,Educacion alta,I_DSK2_AB,Por encima de basicas,34.6,
DK,2025,F_I5_8,Mujeres,Educacion alta,I_DSK2_AB,Por encima de basicas,59.67,
EE,2025,F_I5_8,Mujeres,Educacion alta,I_DSK2_AB,Por encima de basicas,42.97,
EL,2025,F_I5_8,Mujeres,Educacion alta,I_DSK2_AB,Por encima de basicas,45.27,
ES,2025,F_I5_8,Mujeres,Educacion alta,I_DSK2_AB,Por encima de basicas,54.57,
EU27_2020,2025,F_I5_8,Mujeres,Educacion alta,I_DSK2_AB,Por encima de basicas,48.35,
FI,2025,F_I5_8,Mujeres,Educacion alta,I_DSK2_AB,Por encima de basicas,70.54,
FR,2025,F_I5_8,Mujeres,Educacion alta,I_DSK2_AB,Por encima de basicas,48.91,
HR,2025,F_I5_8,Mujeres,Educacion alta,I_DSK2_AB,Por encima de basicas,47.63,
HU,2025,F_I5_8,Mujeres,Educacion alta,I_DSK2_AB,Por encima de basicas,56.72,
IE,2025,F_I5_8,Mujeres,Educacion alta,I_DSK2_AB,Por encima de basicas,48.86,
IT,2025,F_I5_8,Mujeres,Educacion alta,I_DSK2_AB,Por encima de basicas,56.99,
LT,2025,F_I5_8,Mujeres,Educacion alta,I_DSK2_AB,Por encima de basicas,41.06,
LU,2025,F_I5_8,Mujeres,Educacion alta,I_DSK2_AB,Por encima de basicas,36.66,
LV,2025,F_I5_8,Mujeres,Educacion alta,I_DSK2_AB,Por encima de basicas,30.52,
MT,2025,F_I5_8,Mujeres,Educacion alta,I_DSK2_AB,Por encima de basicas,63.68,
NL,2025,F_I5_8,Mujeres,Educacion alta,I_DSK2_AB,Por encima de basicas,70.24,
PL,2025,F_I5_8,Mujeres,Educacion alta,I_DSK2_AB,Por encima de basicas,43.87,
PT,2025,F_I5_8,Mujeres,Educacion alta,I_DSK2_AB,Por encima de basicas,55.43,
RO,2025,F_I5_8,Mujeres,Educacion alta,I_DSK2_AB,Por encima de basicas,34.93,
SE,2025,F_I5_8,Mujeres,Educacion alta,I_DSK2_AB,Por encima de basicas,44.12,
SI,2025,F_I5_8,Mujeres,Educacion alta,I_DSK2_AB,Por encima de basicas,33.06,
SK,2025,F_I5_8,Mujeres,Educacion alta,I_DSK2_AB,Por encima de basicas,36.01,
AT,2025,F_I5_8,Mujeres,Educacion alta,I_DSK2_B,Basicas,35.38,
BE,2025,F_I5_8,Mujeres,Educacion alta,I_DSK2_B,Basicas,35.76,
BG,2025,F_I5_8,Mujeres,Educacion alta,I_DSK2_B,Basicas,39.32,
CY,2025,F_I5_8,Mujeres,Educacion alta,I_DSK2_B,Basicas,42.0,
CZ,2025,F_I5_8,Mujeres,Educacion alta,I_DSK2_B,Basicas,30.43,
DE,2025,F_I5_8,Mujeres,Educacion alta,I_DSK2_B,Basicas,39.7,
DK,2025,F_I5_8,Mujeres,Educacion alta,I_DSK2_B,Basicas,29.81,
EE,2025,F_I5_8,Mujeres,Educacion alta,I_DSK2_B,Basicas,30.09,
EL,2025,F_I5_8,Mujeres,Educacion alta,I_DSK2_B,Basicas,29.36,
ES,2025,F_I5_8,Mujeres,Educacion alta,I_DSK2_B,Basicas,27.89,
EU27_2020,2025,F_I5_8,Mujeres,Educacion alta,I_DSK2_B,Basicas,32.46,
FI,2025,F_I5_8,Mujeres,Educacion alta,I_DSK2_B,Basicas,22.06,
FR,2025,F_I5_8,Mujeres,Educacion alta,I_DSK2_B,Basicas,34.93,
HR,2025,F_I5_8,Mujeres,Educacion alta,I_DSK2_B,Basicas,40.74,
HU,2025,F_I5_8,Mujeres,Educacion alta,I_DSK2_B,Basicas,25.22,
IE,2025,F_I5_8,Mujeres,Educacion alta,I_DSK2_B,Basicas,34.43,
IT,2025,F_I5_8,Mujeres,Educacion alta,I_DSK2_B,Basicas,23.41,
LT,2025,F_I5_8,Mujeres,Educacion alta,I_DSK2_B,Basicas,32.23,
LU,2025,F_I5_8,Mujeres,Educacion alta,I_DSK2_B,Basicas,40.89,
LV,2025,F_I5_8,Mujeres,Educacion alta,I_DSK2_B,Basicas,34.91,
MT,2025,F_I5_8,Mujeres,Educacion alta,I_DSK2_B,Basicas,26.41,
NL,2025,F_I5_8,Mujeres,Educacion alta,I_DSK2_B,Basicas,24.96,
PL,2025,F_I5_8,Mujeres,Educacion alta,I_DSK2_B,Basicas,33.85,
PT,2025,F_I5_8,Mujeres,Educacion alta,I_DSK2_B,Basicas,31.61,
RO,2025,F_I5_8,Mujeres,Educacion alta,I_DSK2_B,Basicas,33.39,
SE,2025,F_I5_8,Mujeres,Educacion alta,I_DSK2_B,Basicas,39.06,
SI,2025,F_I5_8,Mujeres,Educacion alta,I_DSK2_B,Basicas,36.02,
SK,2025,F_I5_8,Mujeres,Educacion alta,I_DSK2_B,Basicas,39.7,
AT,2025,F_Y16_74,Mujeres,16-74,I_DSK2_AB,Por encima de basicas,31.86,
BE,2025,F_Y16_74,Mujeres,16-74,I_DSK2_AB,Por encima de basicas,27.58,
BG,2025,F_Y16_74,Mujeres,16-74,I_DSK2_AB,Por encima de basicas,12.31,
CY,2025,F_Y16_74,Mujeres,16-74,I_DSK2_AB,Por encima de basicas,19.28,
CZ,2025,F_Y16_74,Mujeres,16-74,I_DSK2_AB,Por encima de basicas,36.22,
DE,2025,F_Y16_74,Mujeres,16-74,I_DSK2_AB,Por encima de basicas,20.64,
DK,2025,F_Y16_74,Mujeres,16-74,I_DSK2_AB,Por encima de basicas,49.88,
EE,2025,F_Y16_74,Mujeres,16-74,I_DSK2_AB,Por encima de basicas,34.57,
EL,2025,F_Y16_74,Mujeres,16-74,I_DSK2_AB,Por encima de basicas,26.03,
ES,2025,F_Y16_74,Mujeres,16-74,I_DSK2_AB,Por encima de basicas,36.91,
EU27_2020,2025,F_Y16_74,Mujeres,16-74,I_DSK2_AB,Por encima de basicas,29.27,
FI,2025,F_Y16_74,Mujeres,16-74,I_DSK2_AB,Por encima de basicas,54.81,
FR,2025,F_Y16_74,Mujeres,16-74,I_DSK2_AB,Por encima de basicas,32.68,
HR,2025,F_Y16_74,Mujeres,16-74,I_DSK2_AB,Por encima de basicas,28.11,
HU,2025,F_Y16_74,Mujeres,16-74,I_DSK2_AB,Por encima de basicas,32.45,
IE,2025,F_Y16_74,Mujeres,16-74,I_DSK2_AB,Por encima de basicas,48.23,
IT,2025,F_Y16_74,Mujeres,16-74,I_DSK2_AB,Por encima de basicas,29.19,
LT,2025,F_Y16_74,Mujeres,16-74,I_DSK2_AB,Por encima de basicas,27.66,
LU,2025,F_Y16_74,Mujeres,16-74,I_DSK2_AB,Por encima de basicas,24.34,
LV,2025,F_Y16_74,Mujeres,16-74,I_DSK2_AB,Por encima de basicas,20.45,
MT,2025,F_Y16_74,Mujeres,16-74,I_DSK2_AB,Por encima de basicas,39.12,
NL,2025,F_Y16_74,Mujeres,16-74,I_DSK2_AB,Por encima de basicas,52.48,
PL,2025,F_Y16_74,Mujeres,16-74,I_DSK2_AB,Por encima de basicas,23.54,
PT,2025,F_Y16_74,Mujeres,16-74,I_DSK2_AB,Por encima de basicas,29.9,
RO,2025,F_Y16_74,Mujeres,16-74,I_DSK2_AB,Por encima de basicas,10.47,
SE,2025,F_Y16_74,Mujeres,16-74,I_DSK2_AB,Por encima de basicas,34.11,
SI,2025,F_Y16_74,Mujeres,16-74,I_DSK2_AB,Por encima de basicas,19.17,
SK,2025,F_Y16_74,Mujeres,16-74,I_DSK2_AB,Por encima de basicas,18.5,
AT,2025,F_Y16_74,Mujeres,16-74,I_DSK2_B,Basicas,38.89,
BE,2025,F_Y16_74,Mujeres,16-74,I_DSK2_B,Basicas,31.66,
BG,2025,F_Y16_74,Mujeres,16-74,I_DSK2_B,Basicas,26.54,
CY,2025,F_Y16_74,Mujeres,16-74,I_DSK2_B,Basicas,37.52,
CZ,2025,F_Y16_74,Mujeres,16-74,I_DSK2_B,Basicas,34.78,
DE,2025,F_Y16_74,Mujeres,16-74,I_DSK2_B,Basicas,35.99,
DK,2025,F_Y16_74,Mujeres,16-74,I_DSK2_B,Basicas,31.08,
EE,2025,F_Y16_74,Mujeres,16-74,I_DSK2_B,Basicas,28.73,
EL,2025,F_Y16_74,Mujeres,16-74,I_DSK2_B,Basicas,23.36,
ES,2025,F_Y16_74,Mujeres,16-74,I_DSK2_B,Basicas,28.01,
EU27_2020,2025,F_Y16_74,Mujeres,16-74,I_DSK2_B,Basicas,29.77,
FI,2025,F_Y16_74,Mujeres,16-74,I_DSK2_B,Basicas,28.01,
FR,2025,F_Y16_74,Mujeres,16-74,I_DSK2_B,Basicas,32.41,
HR,2025,F_Y16_74,Mujeres,16-74,I_DSK2_B,Basicas,33.01,
HU,2025,F_Y16_74,Mujeres,16-74,I_DSK2_B,Basicas,23.44,
IE,2025,F_Y16_74,Mujeres,16-74,I_DSK2_B,Basicas,33.98,
IT,2025,F_Y16_74,Mujeres,16-74,I_DSK2_B,Basicas,23.07,
LT,2025,F_Y16_74,Mujeres,16-74,I_DSK2_B,Basicas,27.67,
LU,2025,F_Y16_74,Mujeres,16-74,I_DSK2_B,Basicas,36.58,
LV,2025,F_Y16_74,Mujeres,16-74,I_DSK2_B,Basicas,28.96,
MT,2025,F_Y16_74,Mujeres,16-74,I_DSK2_B,Basicas,26.37,
NL,2025,F_Y16_74,Mujeres,16-74,I_DSK2_B,Basicas,30.51,
PL,2025,F_Y16_74,Mujeres,16-74,I_DSK2_B,Basicas,26.27,
PT,2025,F_Y16_74,Mujeres,16-74,I_DSK2_B,Basicas,27.93,
RO,2025,F_Y16_74,Mujeres,16-74,I_DSK2_B,Basicas,19.9,
SE,2025,F_Y16_74,Mujeres,16-74,I_DSK2_B,Basicas,35.9,
SI,2025,F_Y16_74,Mujeres,16-74,I_DSK2_B,Basicas,27.14,
SK,2025,F_Y16_74,Mujeres,16-74,I_DSK2_B,Basicas,33.25,
AT,2025,IND_TOTAL,Total,16-74,I_DSK2_AB,Por encima de basicas,34.26,
BE,2025,IND_TOTAL,Total,16-74,I_DSK2_AB,Por encima de basicas,29.69,
BG,2025,IND_TOTAL,Total,16-74,I_DSK2_AB,Por encima de basicas,11.77,
CY,2025,IND_TOTAL,Total,16-74,I_DSK2_AB,Por encima de basicas,18.26,
CZ,2025,IND_TOTAL,Total,16-74,I_DSK2_AB,Por encima de basicas,37.34,
DE,2025,IND_TOTAL,Total,16-74,I_DSK2_AB,Por encima de basicas,24.21,
DK,2025,IND_TOTAL,Total,16-74,I_DSK2_AB,Por encima de basicas,53.04,
EE,2025,IND_TOTAL,Total,16-74,I_DSK2_AB,Por encima de basicas,33.65,
EL,2025,IND_TOTAL,Total,16-74,I_DSK2_AB,Por encima de basicas,27.47,
ES,2025,IND_TOTAL,Total,16-74,I_DSK2_AB,Por encima de basicas,38.86,
EU27_2020,2025,IND_TOTAL,Total,16-74,I_DSK2_AB,Por encima de basicas,31.43,
FI,2025,IND_TOTAL,Total,16-74,I_DSK2_AB,Por encima de basicas,54.91,
FR,2025,IND_TOTAL,Total,16-74,I_DSK2_AB,Por encima de basicas,34.99,
HR,2025,IND_TOTAL,Total,16-74,I_DSK2_AB,Por encima de basicas,27.66,
HU,2025,IND_TOTAL,Total,16-74,I_DSK2_AB,Por encima de basicas,34.05,
IE,2025,IND_TOTAL,Total,16-74,I_DSK2_AB,Por encima de basicas,54.41,
IT,2025,IND_TOTAL,Total,16-74,I_DSK2_AB,Por encima de basicas,31.51,
LT,2025,IND_TOTAL,Total,16-74,I_DSK2_AB,Por encima de basicas,27.33,
LU,2025,IND_TOTAL,Total,16-74,I_DSK2_AB,Por encima de basicas,28.12,
LV,2025,IND_TOTAL,Total,16-74,I_DSK2_AB,Por encima de basicas,20.14,
MT,2025,IND_TOTAL,Total,16-74,I_DSK2_AB,Por encima de basicas,38.04,
NL,2025,IND_TOTAL,Total,16-74,I_DSK2_AB,Por encima de basicas,55.61,
PL,2025,IND_TOTAL,Total,16-74,I_DSK2_AB,Por encima de basicas,23.55,
PT,2025,IND_TOTAL,Total,16-74,I_DSK2_AB,Por encima de basicas,31.97,
RO,2025,IND_TOTAL,Total,16-74,I_DSK2_AB,Por encima de basicas,11.13,
SE,2025,IND_TOTAL,Total,16-74,I_DSK2_AB,Por encima de basicas,38.1,
SI,2025,IND_TOTAL,Total,16-74,I_DSK2_AB,Por encima de basicas,19.8,
SK,2025,IND_TOTAL,Total,16-74,I_DSK2_AB,Por encima de basicas,21.16,
AT,2025,IND_TOTAL,Total,16-74,I_DSK2_B,Basicas,35.52,
BE,2025,IND_TOTAL,Total,16-74,I_DSK2_B,Basicas,31.53,
BG,2025,IND_TOTAL,Total,16-74,I_DSK2_B,Basicas,26.49,
CY,2025,IND_TOTAL,Total,16-74,I_DSK2_B,Basicas,37.49,
CZ,2025,IND_TOTAL,Total,16-74,I_DSK2_B,Basicas,33.11,
DE,2025,IND_TOTAL,Total,16-74,I_DSK2_B,Basicas,35.33,
DK,2025,IND_TOTAL,Total,16-74,I_DSK2_B,Basicas,28.41,
EE,2025,IND_TOTAL,Total,16-74,I_DSK2_B,Basicas,28.87,
EL,2025,IND_TOTAL,Total,16-74,I_DSK2_B,Basicas,23.49,
ES,2025,IND_TOTAL,Total,16-74,I_DSK2_B,Basicas,27.65,
EU27_2020,2025,IND_TOTAL,Total,16-74,I_DSK2_B,Basicas,28.97,
FI,2025,IND_TOTAL,Total,16-74,I_DSK2_B,Basicas,26.07,
FR,2025,IND_TOTAL,Total,16-74,I_DSK2_B,Basicas,30.75,
HR,2025,IND_TOTAL,Total,16-74,I_DSK2_B,Basicas,35.72,
HU,2025,IND_TOTAL,Total,16-74,I_DSK2_B,Basicas,23.27,
IE,2025,IND_TOTAL,Total,16-74,I_DSK2_B,Basicas,28.42,
IT,2025,IND_TOTAL,Total,16-74,I_DSK2_B,Basicas,22.76,
LT,2025,IND_TOTAL,Total,16-74,I_DSK2_B,Basicas,26.48,
LU,2025,IND_TOTAL,Total,16-74,I_DSK2_B,Basicas,34.29,
LV,2025,IND_TOTAL,Total,16-74,I_DSK2_B,Basicas,28.3,
MT,2025,IND_TOTAL,Total,16-74,I_DSK2_B,Basicas,28.76,
NL,2025,IND_TOTAL,Total,16-74,I_DSK2_B,Basicas,27.99,
PL,2025,IND_TOTAL,Total,16-74,I_DSK2_B,Basicas,26.87,
PT,2025,IND_TOTAL,Total,16-74,I_DSK2_B,Basicas,27.18,
RO,2025,IND_TOTAL,Total,16-74,I_DSK2_B,Basicas,20.71,
SE,2025,IND_TOTAL,Total,16-74,I_DSK2_B,Basicas,31.88,
SI,2025,IND_TOTAL,Total,16-74,I_DSK2_B,Basicas,26.7,
SK,2025,IND_TOTAL,Total,16-74,I_DSK2_B,Basicas,32.4,
AT,2025,M_I0_2,Hombres,Educacion baja,I_DSK2_AB,Por encima de basicas,14.36,
BE,2025,M_I0_2,Hombres,Educacion baja,I_DSK2_AB,Por encima de basicas,11.47,
BG,2025,M_I0_2,Hombres,Educacion baja,I_DSK2_AB,Por encima de basicas,1.73,
CY,2025,M_I0_2,Hombres,Educacion baja,I_DSK2_AB,Por encima de basicas,4.71,
CZ,2025,M_I0_2,Hombres,Educacion baja,I_DSK2_AB,Por encima de basicas,37.99,
DE,2025,M_I0_2,Hombres,Educacion baja,I_DSK2_AB,Por encima de basicas,8.86,
DK,2025,M_I0_2,Hombres,Educacion baja,I_DSK2_AB,Por encima de basicas,44.75,
EE,2025,M_I0_2,Hombres,Educacion baja,I_DSK2_AB,Por encima de basicas,27.61,
EL,2025,M_I0_2,Hombres,Educacion baja,I_DSK2_AB,Por encima de basicas,7.29,
ES,2025,M_I0_2,Hombres,Educacion baja,I_DSK2_AB,Por encima de basicas,15.99,
EU27_2020,2025,M_I0_2,Hombres,Educacion baja,I_DSK2_AB,Por encima de basicas,15.59,
FI,2025,M_I0_2,Hombres,Educacion baja,I_DSK2_AB,Por encima de basicas,40.94,
FR,2025,M_I0_2,Hombres,Educacion baja,I_DSK2_AB,Por encima de basicas,19.5,
HR,2025,M_I0_2,Hombres,Educacion baja,I_DSK2_AB,Por encima de basicas,13.07,u
HU,2025,M_I0_2,Hombres,Educacion baja,I_DSK2_AB,Por encima de basicas,20.56,
IE,2025,M_I0_2,Hombres,Educacion baja,I_DSK2_AB,Por encima de basicas,35.55,
IT,2025,M_I0_2,Hombres,Educacion baja,I_DSK2_AB,Por encima de basicas,12.46,
LT,2025,M_I0_2,Hombres,Educacion baja,I_DSK2_AB,Por encima de basicas,20.1,
LU,2025,M_I0_2,Hombres,Educacion baja,I_DSK2_AB,Por encima de basicas,5.22,
LV,2025,M_I0_2,Hombres,Educacion baja,I_DSK2_AB,Por encima de basicas,12.21,
MT,2025,M_I0_2,Hombres,Educacion baja,I_DSK2_AB,Por encima de basicas,8.57,
NL,2025,M_I0_2,Hombres,Educacion baja,I_DSK2_AB,Por encima de basicas,35.23,
PL,2025,M_I0_2,Hombres,Educacion baja,I_DSK2_AB,Por encima de basicas,18.75,
PT,2025,M_I0_2,Hombres,Educacion baja,I_DSK2_AB,Por encima de basicas,9.03,
RO,2025,M_I0_2,Hombres,Educacion baja,I_DSK2_AB,Por encima de basicas,4.37,
SE,2025,M_I0_2,Hombres,Educacion baja,I_DSK2_AB,Por encima de basicas,22.81,
SI,2025,M_I0_2,Hombres,Educacion baja,I_DSK2_AB,Por encima de basicas,12.28,
SK,2025,M_I0_2,Hombres,Educacion baja,I_DSK2_AB,Por encima de basicas,16.53,
AT,2025,M_I0_2,Hombres,Educacion baja,I_DSK2_B,Basicas,33.73,
BE,2025,M_I0_2,Hombres,Educacion baja,I_DSK2_B,Basicas,24.03,
BG,2025,M_I0_2,Hombres,Educacion baja,I_DSK2_B,Basicas,14.11,
CY,2025,M_I0_2,Hombres,Educacion baja,I_DSK2_B,Basicas,27.42,
CZ,2025,M_I0_2,Hombres,Educacion baja,I_DSK2_B,Basicas,26.79,
DE,2025,M_I0_2,Hombres,Educacion baja,I_DSK2_B,Basicas,30.31,
DK,2025,M_I0_2,Hombres,Educacion baja,I_DSK2_B,Basicas,27.74,
EE,2025,M_I0_2,Hombres,Educacion baja,I_DSK2_B,Basicas,26.5,
EL,2025,M_I0_2,Hombres,Educacion baja,I_DSK2_B,Basicas,14.72,
ES,2025,M_I0_2,Hombres,Educacion baja,I_DSK2_B,Basicas,28.71,
EU27_2020,2025,M_I0_2,Hombres,Educacion baja,I_DSK2_B,Basicas,24.95,
FI,2025,M_I0_2,Hombres,Educacion baja,I_DSK2_B,Basicas,26.13,
FR,2025,M_I0_2,Hombres,Educacion baja,I_DSK2_B,Basicas,26.29,
HR,2025,M_I0_2,Hombres,Educacion baja,I_DSK2_B,Basicas,12.51,u
HU,2025,M_I0_2,Hombres,Educacion baja,I_DSK2_B,Basicas,20.22,
IE,2025,M_I0_2,Hombres,Educacion baja,I_DSK2_B,Basicas,34.35,
IT,2025,M_I0_2,Hombres,Educacion baja,I_DSK2_B,Basicas,19.59,
LT,2025,M_I0_2,Hombres,Educacion baja,I_DSK2_B,Basicas,20.6,
LU,2025,M_I0_2,Hombres,Educacion baja,I_DSK2_B,Basicas,29.73,
LV,2025,M_I0_2,Hombres,Educacion baja,I_DSK2_B,Basicas,27.42,
MT,2025,M_I0_2,Hombres,Educacion baja,I_DSK2_B,Basicas,20.91,
NL,2025,M_I0_2,Hombres,Educacion baja,I_DSK2_B,Basicas,33.43,
PL,2025,M_I0_2,Hombres,Educacion baja,I_DSK2_B,Basicas,26.75,
PT,2025,M_I0_2,Hombres,Educacion baja,I_DSK2_B,Basicas,19.81,
RO,2025,M_I0_2,Hombres,Educacion baja,I_DSK2_B,Basicas,12.32,
SE,2025,M_I0_2,Hombres,Educacion baja,I_DSK2_B,Basicas,28.33,
SI,2025,M_I0_2,Hombres,Educacion baja,I_DSK2_B,Basicas,16.9,
SK,2025,M_I0_2,Hombres,Educacion baja,I_DSK2_B,Basicas,27.74,
AT,2025,M_I3_4,Hombres,Educacion media,I_DSK2_AB,Por encima de basicas,31.04,
BE,2025,M_I3_4,Hombres,Educacion media,I_DSK2_AB,Por encima de basicas,22.0,
BG,2025,M_I3_4,Hombres,Educacion media,I_DSK2_AB,Por encima de basicas,7.19,
CY,2025,M_I3_4,Hombres,Educacion media,I_DSK2_AB,Por encima de basicas,7.83,
CZ,2025,M_I3_4,Hombres,Educacion media,I_DSK2_AB,Por encima de basicas,28.78,
DE,2025,M_I3_4,Hombres,Educacion media,I_DSK2_AB,Por encima de basicas,23.7,
DK,2025,M_I3_4,Hombres,Educacion media,I_DSK2_AB,Por encima de basicas,52.4,
EE,2025,M_I3_4,Hombres,Educacion media,I_DSK2_AB,Por encima de basicas,28.29,
EL,2025,M_I3_4,Hombres,Educacion media,I_DSK2_AB,Por encima de basicas,23.28,
ES,2025,M_I3_4,Hombres,Educacion media,I_DSK2_AB,Por encima de basicas,39.24,
EU27_2020,2025,M_I3_4,Hombres,Educacion media,I_DSK2_AB,Por encima de basicas,27.27,
FI,2025,M_I3_4,Hombres,Educacion media,I_DSK2_AB,Por encima de basicas,48.59,
FR,2025,M_I3_4,Hombres,Educacion media,I_DSK2_AB,Por encima de basicas,28.01,
HR,2025,M_I3_4,Hombres,Educacion media,I_DSK2_AB,Por encima de basicas,24.31,
HU,2025,M_I3_4,Hombres,Educacion media,I_DSK2_AB,Por encima de basicas,25.31,
IE,2025,M_I3_4,Hombres,Educacion media,I_DSK2_AB,Por encima de basicas,62.76,
IT,2025,M_I3_4,Hombres,Educacion media,I_DSK2_AB,Por encima de basicas,38.67,
LT,2025,M_I3_4,Hombres,Educacion media,I_DSK2_AB,Por encima de basicas,13.05,
LU,2025,M_I3_4,Hombres,Educacion media,I_DSK2_AB,Por encima de basicas,26.22,
LV,2025,M_I3_4,Hombres,Educacion media,I_DSK2_AB,Por encima de basicas,12.78,
MT,2025,M_I3_4,Hombres,Educacion media,I_DSK2_AB,Por encima de basicas,33.68,
NL,2025,M_I3_4,Hombres,Educacion media,I_DSK2_AB,Por encima de basicas,53.29,
PL,2025,M_I3_4,Hombres,Educacion media,I_DSK2_AB,Por encima de basicas,14.25,
PT,2025,M_I3_4,Hombres,Educacion media,I_DSK2_AB,Por encima de basicas,41.04,
RO,2025,M_I3_4,Hombres,Educacion media,I_DSK2_AB,Por encima de basicas,6.79,
SE,2025,M_I3_4,Hombres,Educacion media,I_DSK2_AB,Por encima de basicas,37.42,
SI,2025,M_I3_4,Hombres,Educacion media,I_DSK2_AB,Por encima de basicas,15.19,
SK,2025,M_I3_4,Hombres,Educacion media,I_DSK2_AB,Por encima de basicas,16.29,
AT,2025,M_I3_4,Hombres,Educacion media,I_DSK2_B,Basicas,33.26,
BE,2025,M_I3_4,Hombres,Educacion media,I_DSK2_B,Basicas,34.26,
BG,2025,M_I3_4,Hombres,Educacion media,I_DSK2_B,Basicas,24.53,
CY,2025,M_I3_4,Hombres,Educacion media,I_DSK2_B,Basicas,37.34,
CZ,2025,M_I3_4,Hombres,Educacion media,I_DSK2_B,Basicas,35.33,
DE,2025,M_I3_4,Hombres,Educacion media,I_DSK2_B,Basicas,35.34,
DK,2025,M_I3_4,Hombres,Educacion media,I_DSK2_B,Basicas,26.66,
EE,2025,M_I3_4,Hombres,Educacion media,I_DSK2_B,Basicas,28.9,
EL,2025,M_I3_4,Hombres,Educacion media,I_DSK2_B,Basicas,23.54,
ES,2025,M_I3_4,Hombres,Educacion media,I_DSK2_B,Basicas,31.33,
EU27_2020,2025,M_I3_4,Hombres,Educacion media,I_DSK2_B,Basicas,29.69,
FI,2025,M_I3_4,Hombres,Educacion media,I_DSK2_B,Basicas,26.42,
FR,2025,M_I3_4,Hombres,Educacion media,I_DSK2_B,Basicas,30.8,
HR,2025,M_I3_4,Hombres,Educacion media,I_DSK2_B,Basicas,41.35,
HU,2025,M_I3_4,Hombres,Educacion media,I_DSK2_B,Basicas,25.0,
IE,2025,M_I3_4,Hombres,Educacion media,I_DSK2_B,Basicas,17.7,
IT,2025,M_I3_4,Hombres,Educacion media,I_DSK2_B,Basicas,26.14,
LT,2025,M_I3_4,Hombres,Educacion media,I_DSK2_B,Basicas,23.02,
LU,2025,M_I3_4,Hombres,Educacion media,I_DSK2_B,Basicas,36.01,
LV,2025,M_I3_4,Hombres,Educacion media,I_DSK2_B,Basicas,26.18,
MT,2025,M_I3_4,Hombres,Educacion media,I_DSK2_B,Basicas,38.39,
NL,2025,M_I3_4,Hombres,Educacion media,I_DSK2_B,Basicas,28.53,
PL,2025,M_I3_4,Hombres,Educacion media,I_DSK2_B,Basicas,25.57,
PT,2025,M_I3_4,Hombres,Educacion media,I_DSK2_B,Basicas,37.65,
RO,2025,M_I3_4,Hombres,Educacion media,I_DSK2_B,Basicas,21.01,
SE,2025,M_I3_4,Hombres,Educacion media,I_DSK2_B,Basicas,29.09,
SI,2025,M_I3_4,Hombres,Educacion media,I_DSK2_B,Basicas,25.94,
SK,2025,M_I3_4,Hombres,Educacion media,I_DSK2_B,Basicas,31.7,
AT,2025,M_I5_8,Hombres,Educacion alta,I_DSK2_AB,Por encima de basicas,56.25,
BE,2025,M_I5_8,Hombres,Educacion alta,I_DSK2_AB,Por encima de basicas,54.59,
BG,2025,M_I5_8,Hombres,Educacion alta,I_DSK2_AB,Por encima de basicas,27.44,
CY,2025,M_I5_8,Hombres,Educacion alta,I_DSK2_AB,Por encima de basicas,31.36,
CZ,2025,M_I5_8,Hombres,Educacion alta,I_DSK2_AB,Por encima de basicas,69.26,
DE,2025,M_I5_8,Hombres,Educacion alta,I_DSK2_AB,Por encima de basicas,43.82,
DK,2025,M_I5_8,Hombres,Educacion alta,I_DSK2_AB,Por encima de basicas,71.26,
EE,2025,M_I5_8,Hombres,Educacion alta,I_DSK2_AB,Por encima de basicas,43.13,
EL,2025,M_I5_8,Hombres,Educacion alta,I_DSK2_AB,Por encima de basicas,47.76,
ES,2025,M_I5_8,Hombres,Educacion alta,I_DSK2_AB,Por encima de basicas,60.89,
EU27_2020,2025,M_I5_8,Hombres,Educacion alta,I_DSK2_AB,Por encima de basicas,55.71,
FI,2025,M_I5_8,Hombres,Educacion alta,I_DSK2_AB,Por encima de basicas,75.7,
FR,2025,M_I5_8,Hombres,Educacion alta,I_DSK2_AB,Por encima de basicas,57.54,
HR,2025,M_I5_8,Hombres,Educacion alta,I_DSK2_AB,Por encima de basicas,44.31,
HU,2025,M_I5_8,Hombres,Educacion alta,I_DSK2_AB,Por encima de basicas,66.79,
IE,2025,M_I5_8,Hombres,Educacion alta,I_DSK2_AB,Por encima de basicas,64.28,
IT,2025,M_I5_8,Hombres,Educacion alta,I_DSK2_AB,Por encima de basicas,65.23,
LT,2025,M_I5_8,Hombres,Educacion alta,I_DSK2_AB,Por encima de basicas,47.31,
LU,2025,M_I5_8,Hombres,Educacion alta,I_DSK2_AB,Por encima de basicas,49.37,
LV,2025,M_I5_8,Hombres,Educacion alta,I_DSK2_AB,Por encima de basicas,37.17,
MT,2025,M_I5_8,Hombres,Educacion alta,I_DSK2_AB,Por encima de basicas,63.37,
NL,2025,M_I5_8,Hombres,Educacion alta,I_DSK2_AB,Por encima de basicas,76.76,
PL,2025,M_I5_8,Hombres,Educacion alta,I_DSK2_AB,Por encima de basicas,47.9,
PT,2025,M_I5_8,Hombres,Educacion alta,I_DSK2_AB,Por encima de basicas,66.39,
RO,2025,M_I5_8,Hombres,Educacion alta,I_DSK2_AB,Por encima de basicas,39.61,
SE,2025,M_I5_8,Hombres,Educacion alta,I_DSK2_AB,Por encima de basicas,61.38,
SI,2025,M_I5_8,Hombres,Educacion alta,I_DSK2_AB,Por encima de basicas,39.2,
SK,2025,M_I5_8,Hombres,Educacion alta,I_DSK2_AB,Por encima de basicas,48.98,
AT,2025,M_I5_8,Hombres,Educacion alta,I_DSK2_B,Basicas,29.61,
BE,2025,M_I5_8,Hombres,Educacion alta,I_DSK2_B,Basicas,31.31,
BG,2025,M_I5_8,Hombres,Educacion alta,I_DSK2_B,Basicas,39.55,
CY,2025,M_I5_8,Hombres,Educacion alta,I_DSK2_B,Basicas,41.34,
CZ,2025,M_I5_8,Hombres,Educacion alta,I_DSK2_B,Basicas,21.08,
DE,2025,M_I5_8,Hombres,Educacion alta,I_DSK2_B,Basicas,36.17,
DK,2025,M_I5_8,Hombres,Educacion alta,I_DSK2_B,Basicas,21.63,
EE,2025,M_I5_8,Hombres,Educacion alta,I_DSK2_B,Basicas,30.7,
EL,2025,M_I5_8,Hombres,Educacion alta,I_DSK2_B,Basicas,28.85,
ES,2025,M_I5_8,Hombres,Educacion alta,I_DSK2_B,Basicas,23.59,
EU27_2020,2025,M_I5_8,Hombres,Educacion alta,I_DSK2_B,Basicas,28.18,
FI,2025,M_I5_8,Hombres,Educacion alta,I_DSK2_B,Basicas,19.14,
FR,2025,M_I5_8,Hombres,Educacion alta,I_DSK2_B,Basicas,28.56,
HR,2025,M_I5_8,Hombres,Educacion alta,I_DSK2_B,Basicas,44.54,
HU,2025,M_I5_8,Hombres,Educacion alta,I_DSK2_B,Basicas,20.96,
IE,2025,M_I5_8,Hombres,Educacion alta,I_DSK2_B,Basicas,23.08,
IT,2025,M_I5_8,Hombres,Educacion alta,I_DSK2_B,Basicas,18.98,
LT,2025,M_I5_8,Hombres,Educacion alta,I_DSK2_B,Basicas,29.65,
LU,2025,M_I5_8,Hombres,Educacion alta,I_DSK2_B,Basicas,31.86,
LV,2025,M_I5_8,Hombres,Educacion alta,I_DSK2_B,Basicas,30.92,
MT,2025,M_I5_8,Hombres,Educacion alta,I_DSK2_B,Basicas,30.16,
NL,2025,M_I5_8,Hombres,Educacion alta,I_DSK2_B,Basicas,18.21,
PL,2025,M_I5_8,Hombres,Educacion alta,I_DSK2_B,Basicas,32.43,
PT,2025,M_I5_8,Hombres,Educacion alta,I_DSK2_B,Basicas,23.77,
RO,2025,M_I5_8,Hombres,Educacion alta,I_DSK2_B,Basicas,33.7,
SE,2025,M_I5_8,Hombres,Educacion alta,I_DSK2_B,Basicas,25.43,
SI,2025,M_I5_8,Hombres,Educacion alta,I_DSK2_B,Basicas,33.84,
SK,2025,M_I5_8,Hombres,Educacion alta,I_DSK2_B,Basicas,32.5,
AT,2025,M_Y16_74,Hombres,16-74,I_DSK2_AB,Por encima de basicas,36.67,
BE,2025,M_Y16_74,Hombres,16-74,I_DSK2_AB,Por encima de basicas,31.86,
BG,2025,M_Y16_74,Hombres,16-74,I_DSK2_AB,Por encima de basicas,11.21,
CY,2025,M_Y16_74,Hombres,16-74,I_DSK2_AB,Por encima de basicas,17.21,
CZ,2025,M_Y16_74,Hombres,16-74,I_DSK2_AB,Por encima de basicas,38.54,
DE,2025,M_Y16_74,Hombres,16-74,I_DSK2_AB,Por encima de basicas,27.78,
DK,2025,M_Y16_74,Hombres,16-74,I_DSK2_AB,Por encima de basicas,56.18,
EE,2025,M_Y16_74,Hombres,16-74,I_DSK2_AB,Por encima de basicas,32.68,
EL,2025,M_Y16_74,Hombres,16-74,I_DSK2_AB,Por encima de basicas,28.95,
ES,2025,M_Y16_74,Hombres,16-74,I_DSK2_AB,Por encima de basicas,40.82,
EU27_2020,2025,M_Y16_74,Hombres,16-74,I_DSK2_AB,Por encima de basicas,33.63,
FI,2025,M_Y16_74,Hombres,16-74,I_DSK2_AB,Por encima de basicas,55.02,
FR,2025,M_Y16_74,Hombres,16-74,I_DSK2_AB,Por encima de basicas,37.41,
HR,2025,M_Y16_74,Hombres,16-74,I_DSK2_AB,Por encima de basicas,27.2,
HU,2025,M_Y16_74,Hombres,16-74,I_DSK2_AB,Por encima de basicas,35.7,
IE,2025,M_Y16_74,Hombres,16-74,I_DSK2_AB,Por encima de basicas,60.66,
IT,2025,M_Y16_74,Hombres,16-74,I_DSK2_AB,Por encima de basicas,33.85,
LT,2025,M_Y16_74,Hombres,16-74,I_DSK2_AB,Por encima de basicas,26.98,
LU,2025,M_Y16_74,Hombres,16-74,I_DSK2_AB,Por encima de basicas,31.78,
LV,2025,M_Y16_74,Hombres,16-74,I_DSK2_AB,Por encima de basicas,19.8,
MT,2025,M_Y16_74,Hombres,16-74,I_DSK2_AB,Por encima de basicas,37.13,
NL,2025,M_Y16_74,Hombres,16-74,I_DSK2_AB,Por encima de basicas,58.75,
PL,2025,M_Y16_74,Hombres,16-74,I_DSK2_AB,Por encima de basicas,23.55,
PT,2025,M_Y16_74,Hombres,16-74,I_DSK2_AB,Por encima de basicas,34.19,
RO,2025,M_Y16_74,Hombres,16-74,I_DSK2_AB,Por encima de basicas,11.81,
SE,2025,M_Y16_74,Hombres,16-74,I_DSK2_AB,Por encima de basicas,41.96,
SI,2025,M_Y16_74,Hombres,16-74,I_DSK2_AB,Por encima de basicas,20.39,
SK,2025,M_Y16_74,Hombres,16-74,I_DSK2_AB,Por encima de basicas,23.87,
AT,2025,M_Y16_74,Hombres,16-74,I_DSK2_B,Basicas,32.11,
BE,2025,M_Y16_74,Hombres,16-74,I_DSK2_B,Basicas,31.4,
BG,2025,M_Y16_74,Hombres,16-74,I_DSK2_B,Basicas,26.43,
CY,2025,M_Y16_74,Hombres,16-74,I_DSK2_B,Basicas,37.47,
CZ,2025,M_Y16_74,Hombres,16-74,I_DSK2_B,Basicas,31.32,
DE,2025,M_Y16_74,Hombres,16-74,I_DSK2_B,Basicas,34.68,
DK,2025,M_Y16_74,Hombres,16-74,I_DSK2_B,Basicas,25.76,
EE,2025,M_Y16_74,Hombres,16-74,I_DSK2_B,Basicas,29.02,
EL,2025,M_Y16_74,Hombres,16-74,I_DSK2_B,Basicas,23.62,
ES,2025,M_Y16_74,Hombres,16-74,I_DSK2_B,Basicas,27.28,
EU27_2020,2025,M_Y16_74,Hombres,16-74,I_DSK2_B,Basicas,28.15,
FI,2025,M_Y16_74,Hombres,16-74,I_DSK2_B,Basicas,24.15,
FR,2025,M_Y16_74,Hombres,16-74,I_DSK2_B,Basicas,29.02,
HR,2025,M_Y16_74,Hombres,16-74,I_DSK2_B,Basicas,38.45,
HU,2025,M_Y16_74,Hombres,16-74,I_DSK2_B,Basicas,23.1,
IE,2025,M_Y16_74,Hombres,16-74,I_DSK2_B,Basicas,22.78,
IT,2025,M_Y16_74,Hombres,16-74,I_DSK2_B,Basicas,22.44,
LT,2025,M_Y16_74,Hombres,16-74,I_DSK2_B,Basicas,25.23,
LU,2025,M_Y16_74,Hombres,16-74,I_DSK2_B,Basicas,32.06,
LV,2025,M_Y16_74,Hombres,16-74,I_DSK2_B,Basicas,27.56,
MT,2025,M_Y16_74,Hombres,16-74,I_DSK2_B,Basicas,30.78,
NL,2025,M_Y16_74,Hombres,16-74,I_DSK2_B,Basicas,25.48,
PL,2025,M_Y16_74,Hombres,16-74,I_DSK2_B,Basicas,27.5,
PT,2025,M_Y16_74,Hombres,16-74,I_DSK2_B,Basicas,26.38,
RO,2025,M_Y16_74,Hombres,16-74,I_DSK2_B,Basicas,21.54,
SE,2025,M_Y16_74,Hombres,16-74,I_DSK2_B,Basicas,28.0,
SI,2025,M_Y16_74,Hombres,16-74,I_DSK2_B,Basicas,26.29,
SK,2025,M_Y16_74,Hombres,16-74,I_DSK2_B,Basicas,31.54,
